{"type":"FeatureCollection","features":[{"type":"Feature","geometry":{"coordinates":[[[-110.00502263037129,48.99969874079486],[-110.0044937118886,49.5328648697134],[-110.00422256342321,49.959855299479166],[-110.00492818842118,50.339002153128554],[-110.00301558220588,50.833774737628815],[-110.00507401389385,51.27055099818553],[-110.00488268646698,51.87147071516013],[-110.00444588544654,52.52137304690487],[-110.00610402886953,52.924027775267],[-110.00529381394595,53.43711060384553],[-110.00547521577427,53.74141460054554],[-110.00566448758316,54.23635084110213],[-110.00567348965394,54.74772766218763],[-110.00006204876378,55.331232447001504],[-109.99985804924881,55.87280484319898],[-110.00000002246276,56.40286982775249],[-109.99999999859067,57.381213783776815],[-110.0001946314103,57.942813949734834],[-110.00033550552752,58.50737825916428],[-109.99999999605141,58.975993629631375],[-110.00000000215792,59.30710876687605],[-110.00000001796496,59.99999999848801],[-110.7499999880305,59.9999999923509],[-111.24999999716894,59.99999999724939],[-112.2500000231601,59.999999995909356],[-112.74999999450311,59.99999999026325],[-113.75000001284413,59.99999998971678],[-114.49999999009431,59.999999991567684],[-115.4999999822606,59.99999999164492],[-115.99999997738058,59.999999997094925],[-117.0000000158206,59.999999992749935],[-117.99999999643957,59.99999998820713],[-118.75000001927941,59.999999994719296],[-119.49999998618682,59.9999999918623],[-119.99999998322915,59.999999999353555],[-119.99999993292046,58.73404886883381],[-119.999988643064,58.14911381760807],[-119.99989928621218,57.51399805514038],[-120.00003718744375,56.770701305052015],[-120.00075211593219,56.24931225890619],[-119.99994596937273,55.778381662437454],[-120.00000000851105,55.40234406917317],[-120.0002974714735,54.797683919491895],[-119.9999999828489,54.268868728725835],[-119.99998739182122,53.80623480695065],[-119.94234051951898,53.77586190053382],[-119.88823655626415,53.7794846170415],[-119.9079808864972,53.71060103523417],[-119.79738076094429,53.70777219640795],[-119.71340854121921,53.61457992461637],[-119.74872565869923,53.59336587552184],[-119.85406621146848,53.60770663019581],[-119.91071278358166,53.60125461596849],[-119.86225650779856,53.54850858697278],[-119.89947701022142,53.51912780614608],[-119.79063326841137,53.47926590694757],[-119.72542263011678,53.3887543193155],[-119.66890020525733,53.367828191712604],[-119.406084810358,53.368089294540795],[-119.35587852064704,53.34010217967953],[-119.34049629263686,53.287080297807584],[-119.23271506781917,53.181768314023],[-119.14601293054659,53.19118076861623],[-119.11952400620203,53.16176576397261],[-119.04688152684764,53.14490962407405],[-118.9994180527081,53.192764770101014],[-119.02383383346665,53.23194970726559],[-118.94744409721625,53.238935158015735],[-118.91596082726306,53.21184491543691],[-118.78652165888714,53.15922417962783],[-118.73234093348046,53.11924941010462],[-118.75905843996364,53.065776060039155],[-118.65534778600276,53.03479723339537],[-118.66020489429712,52.96393768063029],[-118.61342207156204,52.93601196344847],[-118.61382974913933,52.883721693697154],[-118.54378774498966,52.90845463313629],[-118.44827945001734,52.88528679187332],[-118.39962643062543,52.824460209875674],[-118.4224101294373,52.77578651196457],[-118.34282282867123,52.73855633325671],[-118.3432946652794,52.708888881537135],[-118.2901411857454,52.677693441575634],[-118.35449111823141,52.633683980662084],[-118.3325682898774,52.58017159751628],[-118.23552910270062,52.49017789295967],[-118.2553380178449,52.44953694752912],[-118.2127731680245,52.37034145303509],[-118.13804609686899,52.40749750551219],[-118.04416878304102,52.398459360488324],[-118.05289905900271,52.44956354099801],[-117.96679241620059,52.46970872698311],[-117.8869330460696,52.42609158556977],[-117.76649799083366,52.41769215254423],[-117.70579503120712,52.36534487450286],[-117.75287839938562,52.31642360975823],[-117.8395780647449,52.27412744590471],[-117.81831749566757,52.22635481382316],[-117.74134637875784,52.202997387083634],[-117.6635295233446,52.19789299233782],[-117.61126381283356,52.14425889856101],[-117.3812557404315,52.13772407759454],[-117.33403622995247,52.14864145776625],[-117.26840791645557,52.05578651391885],[-117.19722361297138,51.980134840517756],[-117.10317598352572,51.95651679690682],[-117.0194649484731,51.891359999791824],[-117.03432087448178,51.85980742590004],[-116.96400220933963,51.79495126276401],[-116.97636058180518,51.76018497849167],[-116.92056790791595,51.70980326840852],[-116.80974116725382,51.70534635005719],[-116.81859819337654,51.73556447376058],[-116.7442324711004,51.80660801720574],[-116.68207610185374,51.812146580278934],[-116.65034888460332,51.753706435225126],[-116.58117636500683,51.697281539226864],[-116.59501567269879,51.66183009426224],[-116.47141114012894,51.60467759924574],[-116.45292502639033,51.560548148160656],[-116.39088604957419,51.54558824834774],[-116.39382922260039,51.505662937666706],[-116.36059709565964,51.470866145177496],[-116.29243030377562,51.46180268497617],[-116.28247020553906,51.40683673284873],[-116.31143488790553,51.38496221256879],[-116.26801739505129,51.311933169907],[-116.00760375243165,51.222012153676545],[-116.03684494216733,51.17004552629636],[-116.00446487359802,51.12468128980419],[-115.92360697933762,51.08310956472597],[-115.8679333808688,51.08929039744206],[-115.78923190003897,51.07241768462438],[-115.76703563342772,51.0393882747653],[-115.64883405703591,50.99752045740626],[-115.59264618109087,50.89264113792292],[-115.64892946164179,50.87414760130435],[-115.64298277653826,50.842206489405456],[-115.57813602188172,50.84050376173253],[-115.55086991513816,50.79706590243719],[-115.43628198058029,50.75573069266458],[-115.39122236791655,50.70645244611478],[-115.31512449632238,50.72582574662673],[-115.28225408132835,50.663192893175],[-115.29362560549112,50.61110757932506],[-115.23965061226684,50.589196791291194],[-115.23098413967999,50.54487863601947],[-115.08527384255318,50.58974905852128],[-115.01369673096363,50.57085909943165],[-114.85689168089031,50.392524013297304],[-114.76621722955211,50.350742251206405],[-114.79760596455519,50.32612201944699],[-114.75166705991846,50.275287033114964],[-114.77022537721705,50.24999499799529],[-114.72467038891745,50.190177189505036],[-114.73325919665542,50.11861061798248],[-114.66637119771747,50.050944373968356],[-114.65743624890787,49.96839673910537],[-114.69367620540014,49.94258395560789],[-114.69178590695928,49.89628610420378],[-114.63993243584686,49.827720883187766],[-114.6331191223708,49.73407963465571],[-114.66838503820762,49.70387516511748],[-114.66281800636476,49.643724479345366],[-114.7464764461412,49.618509704802726],[-114.73258666928265,49.57637952571012],[-114.62013320018242,49.54680866128605],[-114.59471741310718,49.50284302146278],[-114.59843280764393,49.412561580617194],[-114.56692967370417,49.376883565147224],[-114.48762451515965,49.34732061289485],[-114.44794247585185,49.26436922567097],[-114.39348599518743,49.257187403854154],[-114.40212197420314,49.213273603279454],[-114.34559060629924,49.193570767332574],[-114.17490451914321,49.16355053792323],[-114.15314913867684,49.099510394733024],[-114.08097635842336,49.059688458776186],[-114.06833210989326,48.99885049563473],[-113.71696126301497,48.99763265415587],[-112.94324747648125,48.9984632081942],[-112.41075318715687,48.998654230230585],[-111.54607776518708,48.996739963272354],[-110.99314952343316,48.99787348419784],[-110.44095886234844,48.99901780045654],[-110.00502263037129,48.99969874079486]]],"type":"Polygon"},"properties":{"geo_point_2d":{"lon":-114.51101438986483,"lat":55.16890299842028},"year":2021,"prov_code":["48"],"prov_name_en":["Alberta"],"prov_area_code":"CAN","prov_type":"province","prov_name_fr":"Alberta","name":"Alberta"}},{"type":"Feature","geometry":{"coordinates":[[[-94.82807905269526,60.00000013418973],[-95.32499998084715,59.99999998795691],[-96.00000002442155,59.99999999656751],[-96.74999999569592,59.99999998995823],[-97.50000002266178,59.999999986673586],[-98.00000000511234,59.99999999456422],[-99.00000002639037,60.00000000056211],[-99.49999999530887,60.0000000053764],[-100.49999999489309,60.00000000090208],[-101.50000000126524,59.99999999698493],[-102.00000001273865,59.99999999727239],[-102.00738974793785,59.751779412250514],[-102.00666187384984,59.00053857791262],[-102.00602442499502,58.31370962427229],[-102.00502447835538,57.178054224189154],[-102.00760914168968,56.50015461742596],[-102.00412938852898,55.809350074247966],[-101.96387163013243,55.809468497125],[-101.96395494363055,55.46042008989942],[-101.9242270306603,55.46021659133398],[-101.92436060643028,55.11209058995745],[-101.88526563857515,55.11159665535697],[-101.88531837552426,54.76252586406934],[-101.84743666257377,54.762523065975586],[-101.8474842635185,54.41356389823302],[-101.81046130903576,54.41353989396851],[-101.81043452049735,54.06440581814299],[-101.77132275803015,54.06440246115411],[-101.7706639991953,53.710910025484104],[-101.73543094383754,53.71070651628193],[-101.73554368489725,53.36580844267872],[-101.70060567806453,53.365781116591506],[-101.70069426314035,53.01645077643624],[-101.67160451924185,53.01644787432361],[-101.67158804145483,52.667260577349104],[-101.637705258716,52.66727392727783],[-101.6378126510492,52.31814946339973],[-101.60905476166866,52.31815801960717],[-101.60933504156195,51.96864354949243],[-101.57755508400456,51.96851810304956],[-101.57051507292341,51.65492175003667],[-101.57054393736702,51.30187588726334],[-101.53915270054428,51.30186450240178],[-101.53898869893298,50.9484953110397],[-101.50869461731304,50.948485129800005],[-101.50872882326871,50.594393350522765],[-101.47699491379517,50.59438750561639],[-101.47672111132728,50.24050443254414],[-101.44715800144077,50.24052438404828],[-101.44721949092262,49.89436900669737],[-101.41754598208134,49.88667010665922],[-101.41763515159218,49.53274480138174],[-101.39256410725224,49.53272257957741],[-101.39148032187168,49.17784702922313],[-101.36211111910964,49.17777859713056],[-101.3619898004162,48.99947410165371],[-100.79726113497237,49.00004955202371],[-100.24999998614732,48.999999999877275],[-99.499999993756,48.99999999627045],[-99.00685107252968,49.00000861216078],[-98.52752480395546,49.00003166350274],[-97.78980327322822,49.00052766593343],[-97.18914286860996,49.000339701789926],[-96.3820669762782,49.00008054919016],[-95.76643145904191,48.999652540323005],[-95.23241296869895,48.99949053420225],[-95.21961515833513,49.035550528876534],[-95.2810920448176,49.05625812945781],[-95.2932134647298,49.103070140438184],[-95.24227637255684,49.16536211978564],[-95.1532753592194,49.17573712633566],[-95.15346063941146,49.39807000784914],[-95.15267456301093,49.45203464780856],[-95.15243423411958,49.470103369208836],[-95.15385686173835,49.588969049228574],[-95.15287861750396,49.60343218662803],[-95.1531931455227,49.61676758431623],[-95.15343305923962,49.646064671099545],[-95.15288275865406,50.00120808506213],[-95.1529236674444,50.45893200998638],[-95.15297848826071,51.05796105040927],[-95.15302390718286,51.54219089863116],[-95.15305456567253,51.86266261121522],[-95.15310037077275,52.3325267618092],[-95.15315109619874,52.840573105165824],[-94.8677429340828,53.01614425425792],[-94.26267121459904,53.38142400015198],[-93.95844503022865,53.55369426572678],[-93.62955353161696,53.75020269539538],[-93.18967477133192,54.074774269364596],[-92.65857365416458,54.45337888148815],[-92.18869236422555,54.774903598534074],[-91.99997009144725,54.90600270654785],[-91.64779319163708,55.15848486055022],[-90.80225034836211,55.72039433657419],[-90.15292343306959,56.13376364541832],[-89.48481181510505,56.547278386928674],[-88.97957690400271,56.85114844621411],[-89.21158001070476,56.880102741364595],[-89.36360202718627,56.92371833759818],[-89.49865080238143,56.92437774911918],[-89.68200959375802,56.961173533896066],[-89.93681302450244,56.99913743503251],[-90.06877231379671,57.05165592863218],[-90.35418993066496,57.15257623217311],[-90.38893483281217,57.17697782902689],[-90.50941361741987,57.19777494158648],[-90.6358002095494,57.237886635214316],[-90.71431009143954,57.23209212998857],[-90.86123513028706,57.26525063205583],[-91.00363373466273,57.263859033082284],[-91.14651789061507,57.24766812723087],[-91.37619219938033,57.2009972470269],[-91.57926042639582,57.148270442780756],[-91.68306450239794,57.129307247935415],[-91.87010990994493,57.07719834713495],[-92.01688152601197,57.051235047476624],[-92.12305342292376,57.049207945955196],[-92.25684192929596,57.012065836333804],[-92.20977321953227,57.07249323261869],[-92.36866252297287,57.058752850701886],[-92.48220700391933,57.034673230991935],[-92.61641311069276,56.97870104540634],[-92.68629733625828,56.98760863048799],[-92.54487690698271,57.10108704165244],[-92.43858589483698,57.2636867484107],[-92.42501702303169,57.35770403399548],[-92.45934560009184,57.46000733376728],[-92.50297220196074,57.531472750843534],[-92.62653162288952,57.65964514280344],[-92.7111837206099,57.773542335769974],[-92.76199120560928,57.875694253185266],[-92.81489810254065,58.01878015215309],[-92.80030890058988,58.0433035334583],[-93.03455949500811,58.34494225401119],[-93.06066773107044,58.40781574626187],[-93.11552922681648,58.47780413117328],[-93.14166539440221,58.5715975354256],[-93.14406072917481,58.675966234253316],[-93.21018208538851,58.762822236169434],[-93.34837320326821,58.76470953895349],[-93.41458022643162,58.722505156084374],[-93.46607480824932,58.76257945825502],[-93.64074672782324,58.78820693670313],[-93.87003929240532,58.76674403906523],[-94.03378430095718,58.761865988318036],[-94.26436340722091,58.78940735042273],[-94.32337532753704,58.71988294455126],[-94.42663689673928,58.7028283553406],[-94.47641620562916,58.737709550500185],[-94.48364311708187,58.78483843826369],[-94.52935900537886,58.82706104367186],[-94.60178469562216,58.856696854252554],[-94.60546538259996,58.91646671520562],[-94.67646050300543,58.93526628799183],[-94.73246629045408,59.00275524221972],[-94.78491501092604,59.01692345528106],[-94.810594700876,59.08561835300798],[-94.78232909472624,59.16405545932652],[-94.80864628706756,59.21355650270273],[-94.7529706976712,59.342555353695325],[-94.71598920643576,59.38017074681336],[-94.83417841931897,59.64887733505821],[-94.81708111551026,59.72765865325999],[-94.77254582347153,59.79002044782008],[-94.85274581517876,59.97128090505775],[-94.82807905269526,60.00000013418973]]],"type":"Polygon"},"properties":{"geo_point_2d":{"lon":-97.43375328505664,"lat":54.93018410368252},"year":2021,"prov_code":["46"],"prov_name_en":["Manitoba"],"prov_area_code":"CAN","prov_type":"province","prov_name_fr":"Manitoba","name":"Manitoba"}},{"type":"Feature","geometry":{"coordinates":[[[[-53.636776807886896,48.87151021019325],[-53.678941022964395,48.87115809493252],[-53.75456980418092,48.834028113567435],[-53.72100719819193,48.814248902111615],[-53.636776807886896,48.87151021019325]]],[[[-60.31911312118356,55.84517009644964],[-60.401682403176125,55.80993979207579],[-60.292678779463834,55.79760829899298],[-60.31911312118356,55.84517009644964]]],[[[-55.558474809574925,49.54103970924549],[-55.65977962271573,49.53590086953359],[-55.648467684777025,49.50257009174051],[-55.558474809574925,49.54103970924549]]],[[[-61.74010702004722,56.46432659077099],[-61.853616299087584,56.471478887392955],[-61.84440337540814,56.43376960116076],[-61.7141201830902,56.427071208193404],[-61.74010702004722,56.46432659077099]]],[[[-64.5170598889855,60.31130875109068],[-64.43058572700632,60.37771601670712],[-64.53398458557436,60.341061643954525],[-64.5170598889855,60.31130875109068]]],[[[-58.68242859143087,55.00516830711562],[-58.713935496680634,54.998363610593785],[-58.7280707026029,54.930442194868846],[-58.66510958422779,54.91145629000276],[-58.68242859143087,55.00516830711562]]],[[[-57.051217714237765,53.69758720335087],[-57.13032280217525,53.706166895785984],[-57.17021840310177,53.65707831414827],[-57.09600862687366,53.64881009723008],[-57.051217714237765,53.69758720335087]]],[[[-55.5803292928045,49.5984896987021],[-55.61267030745063,49.58726180229608],[-55.72693958787806,49.60782940735748],[-55.731302685499145,49.56613460174105],[-55.62030018682815,49.57828239651354],[-55.5803292928045,49.5984896987021]]],[[[-55.687953191899545,49.56115638757706],[-55.74254800885237,49.56190108780959],[-55.757042499536695,49.524271585441035],[-55.7346057974857,49.486751600275184],[-55.66838370963461,49.52455901069422],[-55.687953191899545,49.56115638757706]]],[[[-54.07943689922231,47.695273601764825],[-54.10351800311075,47.520756903095105],[-54.062394988159774,47.54554960302655],[-54.091225782689726,47.580042900267586],[-54.062998301789705,47.66283781407064],[-54.07943689922231,47.695273601764825]]],[[[-60.128869007413684,55.377121100293195],[-60.19088597609118,55.356504197868325],[-60.22051070444878,55.30444579640382],[-60.137093192120936,55.30850020625391],[-60.128869007413684,55.377121100293195]]],[[[-55.55058167847396,50.98655039616698],[-55.638187519615975,50.96338680151558],[-55.63270832670835,50.917686295162945],[-55.535968402145706,50.96077600837794],[-55.55058167847396,50.98655039616698]]],[[[-54.68085489585097,49.494081108094704],[-54.773718605028876,49.44063659187202],[-54.75974927877837,49.406164296491134],[-54.69251318808445,49.422325706595124],[-54.68085489585097,49.494081108094704]]],[[[-57.26412288526205,54.58125550453288],[-57.3507258916956,54.56993080307741],[-57.362465904447255,54.502655998506015],[-57.258334703420836,54.51798040929458],[-57.26412288526205,54.58125550453288]]],[[[-58.36338930510614,54.110904697758755],[-58.43873158722015,54.11930530826322],[-58.55271729957705,54.08110870719459],[-58.54372798634088,54.051950294909],[-58.439316312432226,54.06510139017653],[-58.36338930510614,54.110904697758755]]],[[[-56.82316297938964,53.80003110445551],[-56.99951150347348,53.809967201377056],[-57.00286659127108,53.767528990334284],[-56.93722178227917,53.74726420537174],[-56.82316297938964,53.80003110445551]]],[[[-60.942304399385556,55.939719898133696],[-61.06969432710986,55.9354815932356],[-61.046833492685096,55.88676338434514],[-60.957896579726274,55.912099894330495],[-60.942304399385556,55.939719898133696]]],[[[-55.78425790301209,53.09387169450032],[-55.86216931003608,53.087127192538496],[-55.889524889766776,53.04738470380003],[-55.859477199059576,53.01433929513508],[-55.76101679096703,53.03184400214279],[-55.78425790301209,53.09387169450032]]],[[[-61.64797760647577,57.36363991481871],[-61.72382828892381,57.38087888415807],[-61.77620370963537,57.32011741360793],[-61.73765310489754,57.295167804054024],[-61.64759230636226,57.301561594131954],[-61.64797760647577,57.36363991481871]]],[[[-55.2791586973714,52.016437092123724],[-55.429999918660066,51.906060800304026],[-55.384412611733325,51.876654004356084],[-55.324155082056244,51.925377798279],[-55.2791586973714,52.016437092123724]]],[[[-61.078423516192586,56.67444699892068],[-61.147366989768024,56.69206339914518],[-61.23897028855336,56.6234207861322],[-61.105446671210984,56.604683003296614],[-61.05040810797234,56.62675490786768],[-61.078423516192586,56.67444699892068]]],[[[-60.75349750700706,55.931762602159104],[-60.83732290060201,55.9506107971312],[-60.87685720071188,55.93580819256849],[-60.874349815987195,55.86148049559066],[-60.78929539759377,55.862749107829295],[-60.68829928015453,55.911859505998486],[-60.75349750700706,55.931762602159104]]],[[[-55.473714801200465,50.80005269699598],[-55.61056148505805,50.76428810523245],[-55.662245386496,50.72034659332421],[-55.57572752391877,50.69183739787556],[-55.52488860229839,50.71386550315741],[-55.473714801200465,50.80005269699598]]],[[[-55.77048851182825,53.47675119470759],[-55.94801859613785,53.488005787441686],[-55.98319698941415,53.44067170567703],[-55.832487611962016,53.40476250960974],[-55.81862379669998,53.4512263867739],[-55.77048851182825,53.47675119470759]]],[[[-55.93878721480114,47.702204001992975],[-56.102641795387456,47.66128858565233],[-56.0442364937498,47.614642810855926],[-55.91263508509908,47.59784080624345],[-55.90241399899432,47.631333712322125],[-55.937233507680716,47.653157090412236],[-55.93878721480114,47.702204001992975]]],[[[-54.12412668815528,47.678989507080516],[-54.16638461039887,47.581200900692416],[-54.1964566890955,47.571478307571674],[-54.269502121709706,47.46571679618327],[-54.319924293543835,47.44238080517384],[-54.34658988334751,47.399707393090196],[-54.260129307560504,47.391703801012966],[-54.184968079338844,47.495644800186874],[-54.12478032115269,47.633112493844564],[-54.12412668815528,47.678989507080516]]],[[[-61.711293086797575,57.83195540913759],[-61.79543397674541,57.84719310022552],[-61.86390292692047,57.82562469380243],[-61.90567410164506,57.784867388947525],[-61.83715280969152,57.76976851029371],[-61.757888993083114,57.71148559084377],[-61.693409598894,57.70865911143917],[-61.65730129290973,57.786900092298154],[-61.711293086797575,57.83195540913759]]],[[[-61.46068992268285,56.40413609168108],[-61.611615982002775,56.39220689850764],[-61.653017400616164,56.40950310315764],[-61.72772460598226,56.38274810390222],[-61.71294770121879,56.35421729836858],[-61.495370610953245,56.315659195539745],[-61.41235570904355,56.37005769807233],[-61.46068992268285,56.40413609168108]]],[[[-61.65612709544825,57.52838071026205],[-61.733977906001954,57.545019808011766],[-61.810133500073704,57.482433893181785],[-61.89638379678845,57.438518693134434],[-61.856311101156955,57.41212879946576],[-61.62056217983776,57.404511202072385],[-61.69781091355042,57.44300450447506],[-61.65612709544825,57.52838071026205]]],[[[-61.8512835083993,57.5838465899642],[-61.954986290423086,57.55062838696512],[-62.04787940154075,57.54599470077064],[-61.96879169256103,57.45420578740333],[-61.87008659007029,57.45943109484987],[-61.788441991242436,57.509124390368704],[-61.78351959137892,57.54959360214265],[-61.8512835083993,57.5838465899642]]],[[[-61.328708514699414,56.51888279929577],[-61.57593588745733,56.557081407135804],[-61.602320902209,56.5218178067119],[-61.4932835801945,56.44843819872558],[-61.44892088732393,56.45394730708369],[-61.21380252375941,56.43116319239942],[-61.24310081480996,56.478085096494915],[-61.30584522048806,56.47757199093953],[-61.328708514699414,56.51888279929577]]],[[[-61.08367458528409,56.181790403288986],[-61.15300079885577,56.14706441078018],[-61.17224748166417,56.10855270827145],[-61.2395339028333,56.079600797724744],[-61.199251804304126,56.04115890786759],[-61.04763181717315,56.01023429459567],[-60.99611560378947,56.03906848948419],[-60.95320147960314,56.0972034987591],[-61.04058420653326,56.11920311172815],[-61.08367458528409,56.181790403288986]]],[[[-54.551142915455884,49.648307495477546],[-54.68183919319473,49.617012300816675],[-54.689501094896826,49.58184229518036],[-54.771804420784,49.538862599297666],[-54.83784758976675,49.58273049310601],[-54.91134168001073,49.58318529939145],[-54.851607392403885,49.516169409674234],[-54.85549610203964,49.48046228525769],[-54.76955840239535,49.487753259827514],[-54.7472432177834,49.527052702226555],[-54.633498413514516,49.54147960657081],[-54.55365238995354,49.58057620848402],[-54.551142915455884,49.648307495477546]]],[[[-53.52725371606849,48.19745319536524],[-53.694053376158415,48.145639001369325],[-53.782764392682864,48.17869001086147],[-53.92044980400046,48.16013301237868],[-53.895089098555935,48.110370897207],[-53.8578304841778,48.09019849687816],[-53.691942020653975,48.098890695242936],[-53.6175870936446,48.077328205465484],[-53.54884270074977,48.091663301729305],[-53.55089809623213,48.17603938652173],[-53.52725371606849,48.19745319536524]]],[[[-54.10362209780856,49.743760485568714],[-54.16214820869965,49.7465808131169],[-54.20062390463095,49.71939721603896],[-54.268336501885194,49.72336180701135],[-54.31890441310556,49.67568370657057],[-54.319506303694546,49.576509899945066],[-54.28936310093901,49.56226788797087],[-54.228874803059824,49.599609913430385],[-54.109137411729556,49.61402460092438],[-54.04055529715077,49.66834058770784],[-54.10362209780856,49.743760485568714]]],[[[-61.35972019172475,56.94137680369181],[-61.52315379940177,56.9417830037671],[-61.52800548867991,56.90551878715969],[-61.60402971594482,56.89484639374928],[-61.634025216192406,56.86218720754189],[-61.61419771677881,56.816453001662204],[-61.64473598383244,56.7427361084594],[-61.56299340333486,56.678048307840236],[-61.41205390330283,56.6031566080015],[-61.36253260915125,56.67429631003087],[-61.37530208320912,56.77901470743418],[-61.48666253003754,56.7932724933327],[-61.470383807140855,56.85203128848033],[-61.392944695195204,56.83713540503436],[-61.40366867744341,56.890222095415886],[-61.35972019172475,56.94137680369181]]],[[[-55.42364530196451,51.58498509468857],[-55.47213340216378,51.597333312341696],[-55.66110549337929,51.59456599618772],[-55.70578989319788,51.582456304611966],[-55.70839888142198,51.52687409863583],[-55.73642819561589,51.499192498239964],[-55.85627938965406,51.50205838651645],[-55.90042020176054,51.549129204860655],[-55.866786819221716,51.601062593191195],[-55.90870630689196,51.62866840034487],[-56.11105869068264,51.5324175959596],[-56.202003713458915,51.51395040118072],[-56.43969918117846,51.41206170603211],[-56.472202004630795,51.418931104042564],[-56.66230699125236,51.35620130650329],[-56.72369188634712,51.32473928877072],[-56.75127709683834,51.271310497994584],[-56.80153519027417,51.24394809537187],[-56.81195389494412,51.19143161221499],[-56.79128909283654,51.14715209811296],[-56.85252099290338,51.12347430028512],[-56.92979777938766,51.00352080345935],[-56.98957271612675,50.98779440509868],[-56.99915538528536,50.86584009617457],[-57.11269172296104,50.77576749871415],[-57.171826510967485,50.750408099506714],[-57.31058039410985,50.720116210588046],[-57.40090731019838,50.71059600793954],[-57.31401831863768,50.6710003969793],[-57.304856704694764,50.60916219207226],[-57.37481158721871,50.59986078776709],[-57.38713519364537,50.53350738904947],[-57.47332331084352,50.4771629969629],[-57.53835871041482,50.36252630206089],[-57.53074409795206,50.347796291952136],[-57.58982448498109,50.22996840198587],[-57.60733079328171,50.17241439367524],[-57.64693050291557,50.14671191113317],[-57.78601242263096,49.91617949362847],[-57.826734292628295,49.896274793083386],[-57.70959271075845,49.82127520000214],[-57.787349099861714,49.81367340245471],[-57.79706645866222,49.84740118812697],[-57.86733519370944,49.838321895203954],[-57.87219861914703,49.79073619908456],[-57.94413129898603,49.72674421749693],[-57.966267011267234,49.663707199153535],[-57.952968907493535,49.60131090246384],[-58.1701209203247,49.462642300179525],[-58.21855468368585,49.419877304279346],[-58.25442150760674,49.285384097901954],[-58.205171914783826,49.23162849016772],[-58.16553068598234,49.23639319726746],[-58.06349478764105,49.20980718814082],[-58.11151391375765,49.179663501077904],[-58.1514117969173,49.11683529709014],[-58.16240919023451,49.060799985002184],[-58.261872688306624,49.0717157863758],[-58.3380489014419,49.056144013771515],[-58.35168478501813,49.142089804312654],[-58.40869359555806,49.12642890555509],[-58.46973699736873,49.01680109435405],[-58.50096589561984,49.00621600609808],[-58.50526739001647,48.94187430240279],[-58.538748316364504,48.875764499994496],[-58.60750699887433,48.810651411915366],[-58.68651790565195,48.685929105062954],[-58.65351140317616,48.65029429085928],[-58.713676814628094,48.5613763936797],[-58.86416070905518,48.572492993337605],[-58.95193910146344,48.6045719878181],[-58.96422260904834,48.64491668967986],[-59.10031088318465,48.620120305029396],[-59.16805840763157,48.5829146909367],[-59.236067614112464,48.52211339283416],[-59.25059782062195,48.463609700324355],[-59.08356360280833,48.51358780282835],[-59.01816390639856,48.52494560346195],[-58.94212460863984,48.508059587876105],[-58.77594458530156,48.531141600277465],[-58.72062099227345,48.55543850230959],[-58.584137910643186,48.54266819234149],[-58.466635838737076,48.517900391453374],[-58.432278996912984,48.488637598075236],[-58.440324996379985,48.44976090867591],[-58.623644592643195,48.39574700311907],[-58.68862930681054,48.361306793071655],[-58.69098268637338,48.32959829595809],[-58.809941289667755,48.26076470159727],[-58.97905140067882,48.128949393452665],[-59.086076193276966,48.09811659758014],[-59.263125685062256,48.00468890721691],[-59.314266794578586,47.94607060224272],[-59.39571910971013,47.92214209856164],[-59.41255179526128,47.898351386272225],[-59.32990978738479,47.82735650175261],[-59.33345599569831,47.78186410332764],[-59.29896439101987,47.73348060811383],[-59.315202104286705,47.696794706366084],[-59.30133131925701,47.61793619534399],[-59.27012019153194,47.625595601299324],[-59.208611289922004,47.589672996219704],[-59.046270022326944,47.572766698022726],[-58.89345569525088,47.602987185945224],[-58.80132832203195,47.59758319583191],[-58.66806908771967,47.627331500001816],[-58.62939510287519,47.615801699646696],[-58.539169706735606,47.6522213901375],[-58.41195050519193,47.64873839856042],[-58.37211080761852,47.69120040226838],[-58.23896561305866,47.662324790795566],[-58.108018599513706,47.69936640443395],[-57.936447110969695,47.671754195726855],[-57.79992071064098,47.630219398805984],[-57.707643004135576,47.63904389263472],[-57.5959518968757,47.62078529190933],[-57.57706020835517,47.63969636734076],[-57.46676328977242,47.62945640227272],[-57.33944669211524,47.650682983582755],[-57.34257660672993,47.58897369439731],[-57.20891389066684,47.598338705677264],[-57.15757979985989,47.63930689770869],[-57.14019741739551,47.57618049400111],[-57.01548151343063,47.59386370313433],[-56.93539258782686,47.56516440188236],[-56.80435299170841,47.53532958929979],[-56.733416201675965,47.55901328732764],[-56.65451588848223,47.606659502173116],[-56.59238700660551,47.61814901216337],[-56.38489179203556,47.602943497856025],[-56.32746820571222,47.626372991011685],[-56.222170406746216,47.63372159088295],[-56.15746189565192,47.66394610118921],[-56.15698418985474,47.72413410774312],[-56.0860352870489,47.69773429581094],[-56.0022947974957,47.741043584958774],[-55.86635241793405,47.783023998125316],[-55.81649429722008,47.76416131091834],[-55.83112210129355,47.73301258942547],[-55.895597803555845,47.70466240337046],[-55.932216500556464,47.656644791090386],[-55.86108209973867,47.599633713622616],[-55.991827914371996,47.54644690379865],[-56.16736217584262,47.51577110281996],[-56.11722538547824,47.46471179891012],[-56.04368360744959,47.49697650848308],[-55.98391509437209,47.498173899144284],[-55.94587440540761,47.52963601015477],[-55.801222187333856,47.543308395816766],[-55.853933513738774,47.470351304618916],[-55.77739930066343,47.449364693010736],[-55.66239080701912,47.493567990311625],[-55.63437019265117,47.45887660172434],[-55.44956599776257,47.46607749975702],[-55.40979978808354,47.49032700393328],[-55.40130628047335,47.559833704652085],[-55.44242377956983,47.59212830111503],[-55.42641743267216,47.67453638293557],[-55.38557828951393,47.67952850214508],[-55.2879394900017,47.6452833878275],[-55.20372940098401,47.63269991206529],[-55.155358179993584,47.59718470357101],[-54.98018679331488,47.594588607986154],[-54.8646586095961,47.64004290651245],[-54.843873285065975,47.55562399454323],[-54.952521987596505,47.50993580753021],[-55.10287078146187,47.49057230024079],[-55.170768076669745,47.472061600754365],[-55.2720466947746,47.40891949054801],[-55.311871594771745,47.270247591271406],[-55.386243907728236,47.218688403456916],[-55.46306200056398,47.18847110273842],[-55.52207258293137,47.14208089670553],[-55.59050100294041,47.11717370115099],[-55.717626895029305,47.102368097740815],[-55.77813260657585,47.107013511259396],[-55.85725831729373,47.07561200218486],[-55.97779069911572,46.98790641335303],[-55.968573807264754,46.9088930892592],[-55.825900595288196,46.861334305968285],[-55.700865889658104,46.861376591732274],[-55.57503070457858,46.920862491877976],[-55.52362549436411,46.914950304817204],[-55.47708432225984,46.87668729804366],[-55.37734839212557,46.876909491631906],[-55.235320611258466,46.93658791033886],[-55.18694659195787,47.03254319214787],[-55.108966512143006,47.055173304716796],[-55.07112472398917,47.09759959627073],[-55.077647587518705,47.15200270352693],[-55.016829887127024,47.187247495870075],[-55.06349527968815,47.212955902431105],[-54.99314089011867,47.285076097914256],[-54.82786200506429,47.41061168594819],[-54.7344313910995,47.355689700297205],[-54.631318187661336,47.38928120159966],[-54.55827920372015,47.36610749890721],[-54.49291949505526,47.415954195297765],[-54.455359187372075,47.41325129438194],[-54.404121323634705,47.45148349386347],[-54.455913002485204,47.49512378809646],[-54.40856909538914,47.526468083506835],[-54.3597590978212,47.60095008745921],[-54.206407303636134,47.79498940757056],[-54.19243488866243,47.854728500652804],[-54.125944989764285,47.83454869840044],[-53.972352306222355,47.756608187428796],[-53.95529691713381,47.661527197872466],[-53.91110129960239,47.61104799852364],[-53.90754888484648,47.50834469717929],[-53.93721829928783,47.455187689352535],[-53.84122049850295,47.411721897829985],[-53.92913990019625,47.383820386563336],[-53.87999921442886,47.35078979585839],[-53.954077988554225,47.3047478056425],[-53.99527682101326,47.297852295756805],[-54.01797938810543,47.218536905266284],[-54.05952229158115,47.16069438773965],[-54.09948769425984,47.064815394070166],[-54.14236279807447,47.02017698941447],[-54.19535802054181,46.88457239788668],[-54.184721117918805,46.84219290052172],[-54.10804878851391,46.80528180277473],[-54.03125139517188,46.81640579796944],[-53.89851669978827,46.8971369856631],[-53.86803349328597,46.94681820203061],[-53.80971720433936,46.986699991461826],[-53.78229888214089,47.03160660137904],[-53.7234557795399,47.04946730028574],[-53.68315009378176,47.113196605490685],[-53.639932504164534,47.10913529014638],[-53.59929430919169,47.181528903385484],[-53.53037990220549,47.16688500107063],[-53.59060049007172,47.08341249314325],[-53.57563432004453,47.06249340237775],[-53.64531920200329,47.00417081361377],[-53.578926196205586,46.96545539135655],[-53.550693197566595,46.92521749899287],[-53.60262998868776,46.89246578973048],[-53.653968192356295,46.83464338387256],[-53.66527239470165,46.79239179931245],[-53.61079049374036,46.756326992912854],[-53.643609481349856,46.72535139972133],[-53.617951180326436,46.636861700344795],[-53.58158270054237,46.614128793340306],[-53.52352080658357,46.6179368879534],[-53.40249450432115,46.7124953105357],[-53.36965099245135,46.72676280177512],[-53.260872698653785,46.68551578942184],[-53.216810591513436,46.63468308985825],[-53.09110710774532,46.64637318948527],[-53.03646140358444,46.74607421446059],[-52.95036799846688,46.78945259180196],[-52.93876349102151,46.87353320148915],[-52.899156796064545,46.9359025108573],[-52.89931391147837,46.99862440120198],[-52.85140101589325,47.073152900033655],[-52.89308538775852,47.07416390263177],[-52.85083847901255,47.149219998059145],[-52.83197670925151,47.27845539419257],[-52.73869639888472,47.32625581249621],[-52.71792078449034,47.3899386927215],[-52.6598316020299,47.43522200803466],[-52.70213470826648,47.46395321154327],[-52.635837577685216,47.495540699293116],[-52.687185009347274,47.54414270964377],[-52.66015657959841,47.64765700404739],[-52.69935368804458,47.69520150153174],[-52.71397949806468,47.75844898578655],[-52.762884083201264,47.76279130388358],[-52.806060398650615,47.803512604772926],[-52.85092099244947,47.69169459633638],[-52.85885319178864,47.628941503620425],[-52.91779810114458,47.54506018696596],[-53.08419601461411,47.47064529749465],[-53.105514705601394,47.44627589417011],[-53.22429860189783,47.4627220910517],[-53.18163629912722,47.53150248907267],[-53.26578380711397,47.57955290906044],[-53.27414289404878,47.6216031988417],[-53.19531778669868,47.65241259957807],[-53.17484380573793,47.718403314917325],[-53.183605213644874,47.758307295684745],[-53.147593205513495,47.80472228685721],[-53.09222531449781,47.83215440278267],[-53.057669306446584,47.879731208967584],[-53.05795760652143,47.942433787915185],[-52.99209608674057,47.98313499080492],[-52.98310507947953,48.03958120153069],[-52.926868695334875,48.09000448279911],[-52.86015877816077,48.092904801734434],[-52.91931709649468,48.167984289917335],[-52.96654391613436,48.16140230154443],[-53.00736742242162,48.08333389439322],[-53.11068210315181,48.03564859370006],[-53.17705777626112,48.06079950316478],[-53.30903360612474,48.00130710102078],[-53.385807806988225,47.88210360361478],[-53.43319770359442,47.856287886997514],[-53.479495885012525,47.762913002598125],[-53.50598791091588,47.74935351063582],[-53.47956941534346,47.69639119520729],[-53.54133812173009,47.58618199660749],[-53.55172711794526,47.52651589729929],[-53.62608498772645,47.562636794872915],[-53.71219790817169,47.572330596567525],[-53.837619007778926,47.70218440523758],[-53.841543800183985,47.74687178753597],[-53.80107851510148,47.7709840913983],[-53.731214706516866,47.850918006041],[-53.72733261304775,47.88799579798587],[-53.68465730162362,47.92667549133109],[-53.63380300982439,48.008089695269604],[-53.673251909505616,48.02962911063076],[-53.813136884359494,47.99613489652174],[-53.81369401407542,48.01542140543368],[-53.699935196467614,48.044772206555635],[-53.696326194818774,48.0782473811557],[-53.939315601845294,48.081307193309456],[-53.93047679909036,48.129602593686954],[-53.958185303298954,48.15670679167045],[-53.963491698546655,48.22716870420435],[-53.880592205919115,48.21347368631878],[-53.84470042332848,48.186278897781385],[-53.74672278849899,48.192528596483506],[-53.71147119365144,48.1645453932011],[-53.644424507661604,48.17490591384313],[-53.559973811886735,48.22937390204582],[-53.5128818802571,48.23984290475698],[-53.39914261726483,48.299326504823775],[-53.37121382077691,48.36382939641984],[-53.31134830475934,48.378767601495824],[-53.212188808751606,48.349556313497494],[-53.195168309488615,48.379633411196075],[-53.10323379905114,48.41018900267001],[-53.06082640273115,48.459664290845005],[-53.07477031559273,48.506982895529454],[-53.00310320732536,48.546578698768414],[-53.0010224060251,48.60905881536857],[-53.028897297912074,48.64966010298656],[-53.09337248946258,48.68097799950384],[-53.17995979352903,48.5951870074897],[-53.293242297784154,48.52750050453601],[-53.328935497861536,48.59253829233594],[-53.362055310308534,48.6116824012033],[-53.462821503190604,48.60649651496232],[-53.47894049128521,48.54604850072296],[-53.531169005395185,48.48622759621256],[-53.58971408228494,48.45296410029174],[-53.64803101984818,48.48835549667192],[-53.663013401878494,48.54050338555235],[-53.715726505125126,48.52303088632033],[-53.79216262153289,48.47299299785641],[-53.85251280682055,48.476241402890466],[-54.01771929969051,48.39610430255163],[-54.066111695337156,48.411373900230465],[-53.947112497732974,48.45518031097362],[-53.90607459767884,48.48501370200864],[-53.77446808710509,48.51373149261651],[-53.76033411454671,48.56513358985058],[-53.85638010770393,48.589039192624455],[-53.729463910187114,48.64089618880918],[-53.71437839611259,48.66067041217539],[-53.794968004141666,48.7196839033637],[-53.837339310658386,48.701620592109755],[-53.9363303995435,48.73426449010031],[-53.908127407354236,48.78093590199713],[-53.820457682750636,48.817008594141946],[-53.93768931483974,48.84162380501453],[-53.99588321076945,48.80997699771242],[-54.21782721008822,48.76835489425444],[-54.15472009676717,48.82448851073061],[-54.01064009537436,48.83827730102971],[-53.96560399734981,48.86422270964851],[-53.95188599056195,48.91397899108166],[-53.86274820000909,48.916628505629866],[-53.85246579323887,48.974839496701904],[-53.77659061164119,48.98971631041629],[-53.76418500020839,49.01511869072211],[-53.599387014689746,49.05038650337456],[-53.612499386865004,49.11540578973306],[-53.54848839501403,49.14875028856983],[-53.555255015910745,49.18887929528132],[-53.48512859429396,49.22918089372618],[-53.50904222192151,49.27500029804847],[-53.567544409357346,49.28179021068185],[-53.62341971133522,49.31380019072927],[-53.69376771635762,49.32384540155973],[-53.67569251318404,49.356931689805705],[-53.78670350307886,49.39719651039265],[-53.86523589947352,49.410043284025626],[-53.894910920285106,49.43269679445649],[-54.07834980979737,49.475566894141814],[-54.15050328762739,49.45480058908003],[-54.251246809196466,49.39975469953043],[-54.37950447984914,49.423009497619745],[-54.4253149048737,49.390074716205326],[-54.43207240304192,49.33834969030131],[-54.48322529836909,49.33258710406658],[-54.498109691622275,49.390892886564096],[-54.47098759714438,49.41056270371226],[-54.50825328516031,49.46879050295983],[-54.505477879304834,49.55682489937585],[-54.55548709296509,49.54046800301233],[-54.6966499243725,49.37468319766141],[-54.7969772933502,49.35519820674999],[-54.80191291563913,49.299894602107855],[-54.88974361240256,49.29488840027669],[-54.96119240757656,49.30923839977424],[-55.01169919928906,49.281163390426514],[-55.070436277003495,49.29474280365143],[-55.18605310523265,49.25894120062402],[-55.31161141284056,49.190155308524055],[-55.33530579821634,49.147184784735266],[-55.38384128776909,49.16861379535598],[-55.24538279357805,49.25685490149957],[-55.24940892416919,49.343781494247054],[-55.20601339998906,49.37968898572433],[-55.13588179120137,49.48692418715167],[-55.16375837807445,49.54503460161544],[-55.234492190809085,49.53095619876209],[-55.32274169275639,49.53277290786919],[-55.263564886870064,49.40639109198527],[-55.36416190454345,49.40145331482738],[-55.41087540907901,49.43596621261861],[-55.395639176196624,49.50379020252564],[-55.465113612099,49.49060189051788],[-55.47671579032823,49.45396039970003],[-55.57435541944618,49.433243192918404],[-55.615812985993536,49.4603198921064],[-55.68268511408728,49.399766605770836],[-55.807042801498156,49.51692039573442],[-55.99813148680855,49.49577139394453],[-55.87740598828939,49.56893958894823],[-55.926857287222205,49.616781393696996],[-55.85476220302186,49.671716200870875],[-55.916748789515104,49.69330349549799],[-55.951283006836434,49.67070890933413],[-56.03327541984504,49.71106599982925],[-55.90703717584624,49.756733702239245],[-55.855262800767534,49.792930106378016],[-55.694734910701555,49.830929606760044],[-55.56378009445423,49.91309588366361],[-55.513815817369675,49.91675429259809],[-55.47846540808716,49.959339189315116],[-55.53193960665344,50.004196491350164],[-55.61132989498799,49.964069197366214],[-55.69922829901248,49.96985629072431],[-55.76562390225808,49.918448312575684],[-55.871466105094285,49.98097690239389],[-55.87915809756409,50.017153709994695],[-55.92958670300562,50.03861538996578],[-56.02259790521378,50.03568491551262],[-56.093353998166876,50.01054959215485],[-56.08458749550975,50.070302706685034],[-56.11074501588118,50.12465329120215],[-56.15990757784282,50.15806069787651],[-56.22575329987347,50.12247270379666],[-56.33287069797976,50.03158460990764],[-56.45247799149564,49.8956418944006],[-56.47582787747889,49.90319320192807],[-56.61854139771618,49.815092383715715],[-56.652188320245884,49.75946039796479],[-56.71605890581645,49.70912428889337],[-56.78543240767789,49.69933490595949],[-56.83143950530962,49.75021208870179],[-56.83404852042586,49.785139595690346],[-56.77304000415274,49.82995620979624],[-56.74599560327453,49.8726714880919],[-56.72938270290586,49.952289114467106],[-56.773256083875886,49.974070491938825],[-56.75388237597698,50.02304230486219],[-56.61381138152218,50.1257602968692],[-56.52195059112706,50.213943185319536],[-56.39832131440588,50.40639729793556],[-56.32974529727852,50.4482489064312],[-56.312760784208194,50.48163760714683],[-56.239992987184706,50.54335810126208],[-56.22257880738039,50.613606201252985],[-56.13050819678965,50.636937911713574],[-56.109818982505566,50.6746484033652],[-56.17400011377343,50.69113350766971],[-56.18290482624239,50.7369822947167],[-56.1548640892036,50.80084499738566],[-56.17093860217798,50.86109800760866],[-56.11952270398964,50.87881179953333],[-56.151181023327176,50.77700979366906],[-56.088722404596055,50.72379810963692],[-55.965295700965946,50.85259038861261],[-55.88968960973359,50.902475804898735],[-55.82982671170349,50.921982409833326],[-55.82095530280601,51.01517138960167],[-55.734459198758195,51.08671119886565],[-55.73867329242248,51.19888388810652],[-55.893265988262016,51.219725806035434],[-55.96246101250563,51.163391806314046],[-56.014232716680226,51.17557749487997],[-56.026264006119426,51.294697698041794],[-56.10132030513426,51.31936728699052],[-56.07071412132127,51.36632280151751],[-56.004376000789165,51.34809280162468],[-55.8768586997354,51.338680907576055],[-55.81249079376651,51.34858441056965],[-55.749534511384496,51.32634520488995],[-55.613914990567025,51.308596309055105],[-55.49618020378155,51.381197404114566],[-55.471363505659355,51.46982308966648],[-55.42364530196451,51.58498509468857]]],[[[-57.10854297508447,51.4156349019791],[-56.999526190539065,51.41662009218401],[-56.94481258895923,51.439379509740135],[-56.95590067670933,51.47309247861785],[-56.81884578355641,51.484333802521896],[-56.7637508018427,51.552728808256774],[-56.71583738871782,51.57320348694344],[-56.70058968714968,51.63074098940478],[-56.61084460165934,51.639322212893454],[-56.49892627816612,51.68420150186662],[-56.43862769389053,51.72948978527905],[-56.402395295529224,51.72948810536324],[-56.2024725219957,51.79111909350315],[-56.121878797461434,51.85099311121352],[-55.99077941277809,51.904095007570085],[-55.90130419630638,51.957078806609346],[-55.91516492069791,52.00269570021442],[-55.80474441743957,52.02227419406339],[-55.782338201405004,52.08247268723304],[-55.70707500616895,52.08151848760032],[-55.6957353947139,52.128956892081995],[-55.769725975725855,52.2065825038158],[-55.64807731159589,52.19798498854761],[-55.66904779211265,52.23456148953481],[-55.763509700847024,52.24697531275948],[-55.75027899037131,52.28608749643514],[-55.90364009809406,52.332440597995166],[-55.77548730160291,52.33887538783879],[-55.730384298765884,52.36366329194311],[-55.63654811565568,52.36061529221031],[-55.632062420622454,52.44726620063601],[-55.72760819992132,52.46426680289973],[-55.83787651281509,52.51685459677703],[-55.984214896386575,52.504197812411824],[-56.0476060119748,52.542110503672525],[-55.96224300990239,52.57248659012323],[-55.89503770725323,52.55822119535937],[-55.85527228264092,52.6222833976751],[-55.76341169918592,52.60966349236654],[-55.764128685119964,52.68001379219349],[-55.83389369178471,52.696959497122386],[-55.93943110652596,52.68234840615133],[-56.01092900248276,52.720358889046146],[-56.025151201808185,52.74987620263201],[-56.12628869675587,52.79402659392726],[-55.98107969054241,52.794006294562415],[-55.98826198201649,52.81567590074465],[-55.81702180889216,52.834825401144094],[-55.80994840216862,52.883987799636216],[-55.87951907856954,52.96499490484874],[-55.988288282442035,52.992464494090754],[-55.91052421025954,53.02975598710364],[-55.86476101854674,53.09396530405788],[-55.74989600465122,53.138071592066474],[-55.798475511221724,53.178936198281015],[-55.79347449654548,53.21171428500879],[-55.741909185781026,53.25203880844208],[-55.842028005584865,53.29910570134206],[-55.83168080111903,53.32153639046234],[-55.88017669510161,53.37416970126205],[-56.0286756024543,53.428854912389035],[-56.03579109237237,53.4719183909722],[-56.16358729790245,53.50064910766484],[-56.11824801595636,53.53478179074963],[-55.98340230989635,53.52168920826048],[-56.02525960014072,53.578155891088045],[-56.24022919555914,53.574239605016004],[-56.32318068593772,53.63128529860626],[-56.39994218523126,53.61687680766052],[-56.524166605831475,53.624196606438886],[-56.58050748981445,53.683194094127664],[-56.50537339433086,53.71747410436647],[-56.43187011066988,53.71878509069155],[-56.437198403711555,53.771815898688395],[-56.604789209219774,53.76153018963229],[-56.66579347515065,53.72666459771511],[-56.702651904374946,53.7603111088714],[-56.7672165228369,53.72042349702469],[-56.82062999800914,53.74444569229687],[-56.86591859612816,53.71290879020577],[-56.964825699462644,53.732878706626494],[-57.070833603883365,53.66846190973325],[-57.06685409556082,53.637221109049314],[-57.14229901378341,53.62586189750733],[-57.11906521265481,53.56025089060328],[-57.211235991643115,53.50000000765893],[-57.31341428913636,53.45578090403872],[-57.30037129155013,53.51840370805655],[-57.33590529727927,53.54763029399141],[-57.338780622828345,53.60087919387009],[-57.41617952356412,53.59563180155425],[-57.42131680035259,53.6429384921187],[-57.327517583331066,53.664386701550626],[-57.11826928904904,53.73967920974587],[-57.153831480630586,53.75818769690169],[-57.085385601739944,53.83132069488111],[-57.137515999176806,53.837264996959384],[-57.206943801819975,53.8786189956701],[-57.212129306495854,53.954380897209276],[-57.28813178728241,54.000558595052894],[-57.41729248627718,54.142511004816],[-57.442028299721265,54.19085981404527],[-57.50711468786743,54.19831020204521],[-57.59655801593713,54.17990090393576],[-57.61952200702696,54.20378940411836],[-57.85100540511794,54.20066591266171],[-58.054022616400545,54.23833310265085],[-58.16301399214762,54.23679548384715],[-58.28985880889127,54.20221281062254],[-58.35572369593321,54.204825409199024],[-58.40457869563604,54.153976301003844],[-58.39160468387709,54.12250379151946],[-58.264978484301395,54.09279969625815],[-58.17163402058514,54.13705499885219],[-57.8580695843901,54.108479292279966],[-57.875959026584475,54.08188719361145],[-57.94831120158569,54.07108931036481],[-58.11080150082299,54.10544670285609],[-58.2180017120259,54.06581859644011],[-58.33327530716143,54.05879350389887],[-58.39447519897624,54.027702213148736],[-58.44959259350667,54.0322207088893],[-58.68684980256283,53.964036085527766],[-58.864262876676065,53.93099589661908],[-58.8900177129063,53.887739804509984],[-59.055869899855686,53.800253893655984],[-59.018067604685534,53.7599386890682],[-59.018009478510194,53.71627919563707],[-59.083102395355375,53.68621920064043],[-59.190795203022525,53.67094279676321],[-59.323968217491746,53.693523602431796],[-59.33192939162236,53.66266290942865],[-59.455038496613334,53.6090617927902],[-59.483852707190216,53.57764049640841],[-59.58955301248511,53.52942389210667],[-59.70800039842252,53.53479709592372],[-59.75765279741576,53.512592302386764],[-59.8379277901651,53.54486820361411],[-59.909190023275606,53.52972839825957],[-59.89005040005455,53.494091998512005],[-59.96094509914618,53.416207784586454],[-60.06429729104903,53.34063069901359],[-60.18821290603694,53.33906480471356],[-60.20357700554066,53.37262900426379],[-60.30572271879334,53.34691329069694],[-60.35614700584103,53.37840370552806],[-60.13951449747422,53.464751984751736],[-60.03471520294345,53.44082059188039],[-60.060714886454875,53.50061328989782],[-60.10996360789025,53.49576598704573],[-60.137295902044315,53.53832929232717],[-60.083473918675416,53.56946640109175],[-60.13032422738342,53.622931896061544],[-60.10804999254973,53.6855022962814],[-60.057001502368884,53.72123920423801],[-60.10802721139195,53.75790079698271],[-59.988660302819426,53.7896352077961],[-59.84076789337248,53.78662991029862],[-59.83790739633725,53.84487490308696],[-59.57307760645415,53.818900789098656],[-59.43667901701215,53.854535800228376],[-59.19223371234007,53.93430130096808],[-58.981522306780754,53.96489109316354],[-58.93427519752297,54.00185299703659],[-58.959755788832524,54.04619190190771],[-58.7194029966591,54.0258836850901],[-58.61540630041691,54.038592790345945],[-58.51923817657633,54.1087270057159],[-58.44306570059944,54.15191438993404],[-58.39387799550887,54.2154220864586],[-58.556641895529474,54.19084340997534],[-58.71785091406984,54.12565469096482],[-59.03178338928967,54.05951640702661],[-59.09180448735834,54.06005270764461],[-59.22701051189992,54.03582901251652],[-59.386547812113484,53.99587728919976],[-59.580085684220414,54.01746899558115],[-59.50372752109063,54.03794029675355],[-59.40363051038082,54.027470499803584],[-59.23734941035157,54.08162330287292],[-59.05527802062926,54.105345296753924],[-58.87858480944478,54.1449533956725],[-58.803857790118585,54.130984906948335],[-58.62919848931904,54.164415489216104],[-58.57893101206805,54.205110790398585],[-58.39965398279601,54.234655193067546],[-58.23213210296395,54.249591399718],[-58.258471993901566,54.282287391226504],[-58.18206839785987,54.294416311636475],[-58.19061770915978,54.35867990207393],[-58.05227248692194,54.36852220466382],[-57.939675078174,54.39064300231559],[-57.83663849682493,54.369704703790624],[-57.8136375823372,54.385957995841],[-57.70581289069237,54.367697389536005],[-57.6365375973123,54.376394694815545],[-57.54586111037114,54.45609450505272],[-57.37923950499355,54.50951169737855],[-57.387302020038774,54.548642598938926],[-57.34696317779878,54.58511590430788],[-57.56151159779644,54.662564285653936],[-57.6465356860291,54.629331808357776],[-57.716976484153406,54.64052409841458],[-57.7404029956619,54.67157720143234],[-57.827589117502704,54.71281679048043],[-57.83854012299049,54.74009059276826],[-57.94319300882919,54.75142439247292],[-57.97159178576125,54.78445950090613],[-57.868752486600414,54.79262769415416],[-57.98933000946929,54.83785129054789],[-57.94410211074659,54.88079379070988],[-57.97199780723521,54.92767080889356],[-58.09761127018024,54.878496203595695],[-58.22473677632956,54.87965389843374],[-58.233615819343946,54.796760294206734],[-58.328510287314806,54.79568539585987],[-58.41057027424425,54.77361369878649],[-58.415204011557435,54.734694193711285],[-58.56324378972342,54.80993681016041],[-58.661496811277,54.805072689808746],[-58.731830995843026,54.83941231235165],[-58.85679842567862,54.81240899387093],[-58.924552400149636,54.83126850218556],[-58.892835493922156,54.89853008851313],[-58.95096050413692,54.91218150885351],[-58.91083668116413,54.95583870096907],[-59.03465959558023,55.020180582842194],[-58.957471597588984,55.072293489726825],[-59.0268333161493,55.15372700034645],[-59.111191907883736,55.11360459610778],[-59.17207420682487,55.12427629925165],[-59.13162238477742,55.181744699073874],[-59.195944110638216,55.201945393579045],[-59.279339322593074,55.19505919523161],[-59.302622006036515,55.14529079395896],[-59.40725258813446,55.05374639473346],[-59.4653981071549,55.046938211465424],[-59.61917988013062,54.94856959509391],[-59.74203101662466,54.930597696536175],[-59.72235678996137,54.97385279139122],[-59.620240219298395,55.001829003191176],[-59.56937510878506,55.04612079918762],[-59.51859998780081,55.051514800355754],[-59.47167798994949,55.16225459445557],[-59.551528812220596,55.16765569688171],[-59.78646541111831,55.138093589687884],[-59.79971579207829,55.187185692023824],[-59.74069111217617,55.20552041023184],[-59.72523057629183,55.26869970376775],[-59.811391185246286,55.313308298787774],[-59.860744692343694,55.3019001060354],[-59.92157220124619,55.22788530488436],[-60.03148400201092,55.227026288981975],[-60.112268406156154,55.12138669424687],[-60.23131790252806,55.06080960042242],[-60.255281895382105,55.09366389435564],[-60.156436212878,55.1254338953698],[-60.09930759970712,55.1771244086734],[-60.08138187934877,55.259379594058196],[-60.171076074203114,55.20386700465842],[-60.26066329518899,55.251761096557075],[-60.3632473992798,55.17021668624383],[-60.463471510456905,55.1521394930513],[-60.45792681352455,55.19338280175062],[-60.39343451325658,55.21384208947195],[-60.4249045775886,55.266380900786885],[-60.38196260466229,55.32649460515294],[-60.39049110487958,55.354391198247065],[-60.3185684903217,55.41076880244333],[-60.20266500201014,55.41813881186025],[-60.207922985435644,55.46672619096271],[-60.27926490278063,55.50581590067617],[-60.34200548483155,55.49262220285059],[-60.450284215814804,55.3884744030524],[-60.45628318045378,55.44220920361806],[-60.400647003575294,55.45649199575483],[-60.33842130539292,55.52441461225386],[-60.34727399864664,55.57524490421283],[-60.48698628490735,55.66016189872785],[-60.39675687930549,55.68871489987576],[-60.333754101072834,55.74416710849308],[-60.32835219718785,55.777211397871476],[-60.42448411318222,55.772432989177354],[-60.488367203029505,55.80669498965961],[-60.58319830193485,55.66919089516025],[-60.63743669114203,55.7714090048014],[-60.603857019088636,55.80692930331893],[-60.64594890975427,55.82901138868412],[-60.780150995014324,55.85319661292188],[-60.89028127717354,55.84744880610725],[-60.931469310854304,55.86184879378837],[-61.10615492083037,55.84005809782373],[-61.17006329439689,55.86471760677963],[-61.07129411716136,55.89226319318121],[-61.12210029125582,55.96960818942395],[-61.33695631664021,55.97133209172546],[-61.40615290166805,55.961688313669406],[-61.41041390870835,56.02406041110965],[-61.28587780628628,56.0252205112169],[-61.314139408247776,56.0838204883597],[-61.432255204015995,56.15040689635831],[-61.39311468279559,56.17567939698376],[-61.40989569417374,56.222760082835585],[-61.549732906509796,56.190779310124135],[-61.57520488573111,56.217217702180136],[-61.69532267672687,56.22282889623271],[-61.93861898665365,56.213594687169675],[-62.02933258661046,56.224635007714454],[-62.07335531851827,56.280480400762286],[-62.04388815388076,56.30085891419709],[-61.94219573977504,56.273535713991926],[-61.89237880081875,56.29597909857389],[-61.78504619127147,56.27419460132797],[-61.737850818008624,56.24522750027037],[-61.672524297144804,56.2696958986914],[-61.66381390924805,56.32184050330309],[-61.78672040448319,56.31789909669856],[-61.77262410827473,56.35730870861948],[-61.81555478908451,56.4048184988337],[-62.04353259790829,56.426195898390766],[-62.072119323454956,56.41233919370937],[-62.16233228811301,56.45467050312541],[-62.014916075639846,56.485379404210356],[-62.01789831164614,56.53449420575159],[-61.80028531709223,56.484807290881655],[-61.66991341745221,56.50370749762043],[-61.641038721636946,56.52648990063073],[-61.69516699777711,56.56529819159306],[-61.76605148842715,56.55948939835229],[-61.874273009251986,56.591247001531436],[-61.929801580070084,56.576723500066905],[-62.09377331078123,56.59875511652764],[-62.04695899603169,56.624663691863205],[-62.15016170030884,56.70143960013667],[-61.86835787792311,56.626584796072464],[-61.741467990367426,56.62920348572543],[-61.78073278684316,56.67136169903801],[-61.70095929915299,56.708474809780384],[-61.81026112172033,56.78842179665507],[-61.65718722460313,56.81018599096989],[-61.64632949614219,56.88606018469759],[-61.568968715382894,56.91195769911576],[-61.56710678347148,56.955120903608695],[-61.48075752105279,56.9861695043544],[-61.40346887694196,56.98394990368711],[-61.35821491453071,57.02426641169692],[-61.3846503244403,57.05049009234251],[-61.362517883432055,57.09878229573836],[-61.41373919614373,57.147952009775295],[-61.489663081646896,57.16517269917139],[-61.62074470639805,57.16063030526787],[-61.657931511114974,57.14325328843926],[-61.78655360935876,57.17421319192143],[-61.877196411718536,57.18148319980434],[-61.91758757681014,57.21936330638842],[-62.02644939652955,57.25310328936711],[-61.87856901587691,57.26491259000886],[-61.86921950783599,57.227255707041685],[-61.787665715077644,57.23768919239482],[-61.89390609194485,57.318154090103434],[-61.806189516031516,57.376304207747594],[-62.06260210834221,57.458724888758084],[-62.18440528856363,57.47076869593714],[-62.23393770752109,57.4434014060306],[-62.35494807549008,57.4203504055475],[-62.46483897970307,57.453504496745914],[-62.41165340840046,57.47774160065313],[-62.35534557836269,57.458537098962005],[-62.25242811233563,57.54418761214781],[-62.18363830672322,57.52363169696178],[-62.11044118340705,57.53982690306381],[-62.095764100030564,57.572513409051574],[-62.00961188121803,57.61790029574323],[-61.895628891440275,57.628696392188075],[-61.90487310301091,57.67690019911777],[-61.99767308173382,57.764501904046604],[-61.90087768443242,57.80383690085831],[-61.87698479213008,57.84523168316256],[-61.94044379854853,57.914740602996424],[-62.01278648677842,57.913886709790525],[-62.15288322140683,57.96934269354808],[-62.210464784087804,57.91857090467799],[-62.28473668638174,57.94763369915991],[-62.50328811516276,57.97623289329848],[-62.36546998824113,58.000000005624116],[-62.31292188233795,58.04183449072637],[-62.5296451963563,58.10772390576298],[-62.46223881529444,58.14450360643696],[-62.54865142469626,58.16948219821847],[-62.586649672197524,58.12917910088036],[-62.752286673590575,58.115927600682596],[-62.83710550187954,58.136229611264106],[-62.950003204396246,58.123530386732455],[-63.013532110759414,58.13910260782271],[-62.80455268989641,58.17688870311511],[-62.655474495026056,58.167506694078384],[-62.58247349183267,58.22633540912884],[-62.699261208608796,58.25961490712307],[-62.68022501875591,58.29757390856086],[-62.60993007740062,58.31090050007288],[-62.61357418484287,58.36532849403756],[-62.646695025885,58.41022519821385],[-62.564516708342815,58.466826399006294],[-62.81177630493608,58.49936231434555],[-62.971148684367634,58.44688319150583],[-63.069491178215,58.44554420299705],[-63.13782839724033,58.479322509157484],[-63.338899979242065,58.458194896515565],[-63.36307427747237,58.481393701607054],[-63.16582260270488,58.50708449245293],[-63.14771561918075,58.52756819905673],[-62.90401309874817,58.60096438534346],[-62.85146537027166,58.70128360164595],[-62.91943978463726,58.74828479958632],[-62.9092084916749,58.82271219091088],[-62.978428420858506,58.83220850371276],[-63.028378510995,58.87627860448868],[-63.18329498291673,58.82059698929294],[-63.214878208794914,58.88169609828286],[-63.16943759472145,58.928666293858356],[-63.16975482982135,58.98668529701741],[-63.140359878197934,59.05381750017733],[-63.389255522165925,59.09506079557692],[-63.43639687751746,59.063077094821146],[-63.55374938182113,59.034757508787784],[-63.62157631822401,59.041488207215615],[-63.744492279364366,59.01148820059944],[-63.752787984425325,59.04750260768027],[-63.58888749461868,59.0603511980004],[-63.40757516856636,59.12356910494201],[-63.36493019982922,59.20195709564972],[-63.42054999068751,59.20776121111304],[-63.39281329031951,59.28276450518655],[-63.524244101436224,59.26523779711255],[-63.534430892819856,59.34162520290682],[-63.642968700171544,59.36124559905879],[-63.718135217746706,59.29540400930235],[-63.751753993958395,59.38504198341493],[-63.79431028358477,59.42025898792884],[-63.72206100342458,59.50000000376483],[-63.75080488652005,59.53753000864479],[-63.851322424100445,59.566140003253224],[-63.88855470958453,59.62016901398162],[-63.95642379151186,59.63559859559515],[-63.948716866599796,59.68711140571925],[-64.04426820856919,59.67903980184738],[-64.16785639271616,59.687227583676886],[-64.23878569006429,59.73953289299943],[-64.20210738891556,59.77204419390611],[-64.10080798466836,59.694608706573774],[-64.00524378147402,59.718378405429846],[-63.949599191982585,59.76338820984336],[-64.02698790856672,59.78416510545008],[-64.03362007123539,59.84902890671904],[-64.17732919211004,59.85466378356662],[-64.12536130129104,59.89831780283866],[-64.23324733075444,59.94683189374388],[-64.15716180501052,60.013299685552106],[-64.2714782093191,60.05560529930443],[-64.32784610363488,60.02955310915724],[-64.31292662717247,59.99846849752154],[-64.43039107867901,59.94062979712301],[-64.35882499903482,60.046904398544314],[-64.368771983316,60.16499280935044],[-64.41566108413296,60.271094898539026],[-64.52352899709553,60.30058928726621],[-64.72342587286425,60.29147830070167],[-64.85377782467194,60.26941146105294],[-64.86394126676407,60.228196802298385],[-64.7498795730133,60.188155582966175],[-64.74556250617444,60.16862804540541],[-64.60247105314727,60.1670146209169],[-64.59371586445893,60.11703127236768],[-64.7079868474217,60.08460914382417],[-64.74271398675766,60.056131129490836],[-64.89587553674868,60.06620929244949],[-64.84022843760667,59.97031907617315],[-64.66223046203247,59.95255396330577],[-64.64097704952616,59.90744806164268],[-64.74152160062879,59.88929893691844],[-64.82522452920857,59.825607977848854],[-64.76048544967266,59.70655815773226],[-64.89825949014163,59.64178327648415],[-64.83962958358495,59.55334198672693],[-64.76414507291796,59.514868003529664],[-64.67983493043523,59.44690514256316],[-64.58967262503569,59.466182660293285],[-64.43376621240262,59.54197359688704],[-64.324069310403,59.51277412638216],[-64.51159836477494,59.42297985196904],[-64.53833896675869,59.37078193308916],[-64.49330274791707,59.34957614213592],[-64.54353627482566,59.310435057963126],[-64.4886034688822,59.25711006884373],[-64.52184746056346,59.196741120029635],[-64.4727146984296,59.18039119807664],[-64.49030914093473,59.099075067690265],[-64.31517598856897,59.06562976234342],[-64.26179115451937,59.01295656470148],[-64.38770532322951,59.006183813497344],[-64.46030109111973,58.98151425242382],[-64.57061953984989,59.027274786820286],[-64.67027521119944,59.03861442859444],[-64.6832569310315,59.0746953877654],[-64.77923880788643,59.074957440196094],[-64.8650159022635,59.01540497253632],[-64.82071351239543,58.916892718893905],[-64.73066993038692,58.95078403579612],[-64.65165020089819,58.94375204102993],[-64.55018251993614,58.88745542874673],[-64.45580099018336,58.90821667067834],[-64.33254016408814,58.9045627597216],[-64.23365670918045,58.86411334399771],[-64.22970456845457,58.78364847472232],[-64.17878497502736,58.78903958947179],[-64.13779286316347,58.74616687480794],[-64.06970878391,58.769086194356284],[-64.04533757307192,58.81035037223553],[-63.81213795872447,58.847062793496],[-63.77768332719769,58.88405875868581],[-63.59534114419343,58.85717575946993],[-63.550785079865854,58.836550115192196],[-63.49215735582833,58.76854521262184],[-63.50679394948564,58.74257462781697],[-63.61928353160698,58.723860621450214],[-63.75437387348044,58.71673706044477],[-63.950253770061344,58.68524732825852],[-64.04722219126617,58.702628470469975],[-64.10792673389919,58.63965068628652],[-64.10494346753934,58.56323000764648],[-64.04693980752263,58.53507082876411],[-63.97357898669371,58.5296360838651],[-63.90736607221556,58.573492087107766],[-63.8581940632493,58.563797645892095],[-63.85869189961322,58.50451440696383],[-63.80785005026218,58.48974610198626],[-63.88111327541047,58.42943966042053],[-63.98657855132683,58.444357917491025],[-64.02253893429672,58.371019214747584],[-64.1722226707748,58.36187326627799],[-64.21777697694851,58.24773219887706],[-64.2475038210887,58.22742144140328],[-64.37356281601824,58.20838059593819],[-64.42173251779283,58.18667366547527],[-64.43309144126563,58.06990809208814],[-64.32050780215712,58.061487992308905],[-64.25096032508513,58.038718517532324],[-64.20466183561564,57.973629708588035],[-64.11667541154297,57.81113939766333],[-64.0720012898919,57.77002034236651],[-63.99724891398008,57.81207869020622],[-63.938596251969365,57.788551008127236],[-63.88342166302708,57.71260734436652],[-63.84747641907514,57.719022896915945],[-63.73529089840828,57.66280188019248],[-63.59677043641648,57.741247649493175],[-63.59872732435334,57.663840479554906],[-63.64995148741668,57.62006388937274],[-63.771915905788845,57.59244977074562],[-63.7511686063813,57.53574357160712],[-63.775221383538046,57.493572793897506],[-63.76126085945224,57.439331667754324],[-63.71030551023812,57.42263000297795],[-63.70130115943708,57.36833358111981],[-63.8558207767734,57.3343012153541],[-63.88337348279587,57.27762095872793],[-63.74146685661865,57.24076556847333],[-63.77098500023759,57.19601831201832],[-63.76488551051016,57.139925626304986],[-63.82014840874263,57.07549891031786],[-63.890083399987105,57.08608305827391],[-63.90809982896801,56.92752110326075],[-63.86739598819575,56.88337611079523],[-64.01297796071799,56.84984641745916],[-64.01275954499667,56.77867686156964],[-64.0789073395068,56.767003172283886],[-64.14531439704675,56.699754842161674],[-64.05046139806541,56.60634805647873],[-63.931062987395116,56.53375754935282],[-63.930632407097825,56.466207039565234],[-63.87291654312885,56.44897044110451],[-63.99301597801737,56.408211267669564],[-64.15274016987475,56.441112115895194],[-64.09935213338552,56.35191260354848],[-64.14343811378845,56.31196638975456],[-64.09049584957528,56.27989780426957],[-63.96710988016478,56.25639668296741],[-63.862933859589205,56.21258888190057],[-64.03596331636508,56.15488104129005],[-64.00213330872567,56.10273030724322],[-63.95308818710666,56.088227135284065],[-63.883694707046374,56.13703238623363],[-63.811050638184305,56.08463485912544],[-63.7312628053571,56.070152374604326],[-63.63672129297576,56.023522706647356],[-63.495771826637636,56.04001295678505],[-63.73394189701059,55.928018481211105],[-63.792582799435856,55.93146170618771],[-63.84509869500487,55.87907340510645],[-63.77361258117025,55.85605402433141],[-63.77702275380435,55.801478760280155],[-63.674200580504454,55.75932511027675],[-63.72513866035261,55.72663791416979],[-63.715982406032175,55.65767367543864],[-63.66547280641559,55.545987582797004],[-63.691482710595274,55.50871130632413],[-63.77547135873151,55.48170900854398],[-63.7367067078295,55.4382392864914],[-63.66539705173987,55.423050567059576],[-63.47856669858362,55.42920555834556],[-63.39303829326324,55.40478095938494],[-63.31978689370605,55.41180634521606],[-63.32484869471232,55.366046934579686],[-63.442249580073565,55.3440597306336],[-63.55192238432154,55.34488735558102],[-63.54206390302313,55.30966719394926],[-63.679475057745584,55.26688687858651],[-63.54741047274326,55.22546900280555],[-63.462635608228915,55.25526469408065],[-63.43187119056684,55.21134265553339],[-63.562918355717166,55.187616378369434],[-63.541549972798165,55.16009783880127],[-63.6113668648729,55.09080377555252],[-63.55639199955408,55.0344439118576],[-63.5575345195891,54.98993784907844],[-63.604529659059,54.926251537419866],[-63.66128281597723,54.89995248827897],[-63.75190029630165,54.94230884124769],[-63.820518333412025,54.94795810262246],[-63.84903211346948,54.862611283811454],[-63.817161538485294,54.816921864181424],[-63.90366439109225,54.8010780140978],[-63.88974123488427,54.76835877319335],[-63.802959712644196,54.72564206588213],[-63.74275793200023,54.626399289256504],[-63.813377233290026,54.65078580214048],[-63.91143915535153,54.604248672376826],[-63.97442253623767,54.62012023538392],[-64.05427717774674,54.600908292009635],[-64.14184981278441,54.66695739894683],[-64.2945278471342,54.753273762394805],[-64.39747458248125,54.79049295214166],[-64.48606927192374,54.79343557090001],[-64.5568824726058,54.71366228136659],[-64.67996837457085,54.73571255205684],[-64.77808689303954,54.73346877362668],[-64.74787483144868,54.813994294434856],[-64.97190055880166,54.937395575316586],[-65.00956061616117,54.930964232645564],[-65.1264493458109,54.96147803589444],[-65.17289287484533,54.93360432045587],[-65.20962312342736,54.84795777853162],[-65.32569525615524,54.848678011865026],[-65.3558396519565,54.8187614005234],[-65.45633571470373,54.849242332854196],[-65.48665520479906,54.82006872612129],[-65.43461979700547,54.78418346205378],[-65.4555303192738,54.72858324513833],[-65.59255370118129,54.74303600820151],[-65.69011531218322,54.711527016453694],[-65.77742521960042,54.80280964812],[-65.83831487531373,54.836527530358964],[-65.84984542374205,54.92721087551539],[-66.0233958875784,54.94195334217528],[-66.06449035563683,54.92906844130081],[-66.14358133203663,54.982298787688435],[-66.26028384134506,55.00018264607144],[-66.35499499954712,55.08320920244452],[-66.46642624676335,55.16026240786191],[-66.49533797570756,55.205106901559624],[-66.6027926279335,55.268981382467274],[-66.66977348310908,55.269444730716664],[-66.6969401825879,55.30532309122296],[-66.77846228213846,55.35238815066653],[-66.82372582244592,55.30696976374922],[-66.70723085962825,55.22712308681151],[-66.74890041761888,55.21569894170714],[-66.75494165324709,55.113571289171034],[-66.73503765266271,55.044052675736225],[-66.68601355335636,55.000053790921456],[-66.74222369831433,54.969480208716234],[-66.68140817898811,54.92366778410438],[-66.60265109790276,54.813506309815814],[-66.65942839757625,54.770217773647744],[-66.7180945295466,54.7607822635955],[-66.81271745032228,54.779397239969185],[-66.87566332704104,54.81600960732942],[-66.9478466706573,54.822310512761355],[-67.03985465863325,54.86808149337686],[-67.05651050443002,54.89493770818367],[-67.25748460893826,55.02127419434313],[-67.24373025697305,55.059635448814156],[-67.3228378675449,55.08906531354925],[-67.40963252886479,55.088633236541135],[-67.46370387188513,55.06285691634416],[-67.44587182125615,55.008503827248106],[-67.3997556735087,54.95785895772487],[-67.21341853149072,54.792748813360454],[-67.06290081383625,54.69293310928887],[-67.12900346539969,54.65771941771973],[-67.13855100997505,54.62453865894296],[-67.23117571894657,54.587566925329575],[-67.2778218103345,54.54870729130431],[-67.24494465165402,54.500033909070424],[-67.34923525257977,54.51699195129938],[-67.42902526183448,54.56923438471434],[-67.52688242248279,54.57095109601388],[-67.47311297794546,54.52010192146164],[-67.50040551931595,54.48150655308848],[-67.58165785494276,54.494108526966585],[-67.66781166996971,54.45384196291199],[-67.77639035065485,54.43527984807117],[-67.72469836607272,54.38685578639757],[-67.74803672392058,54.350260854735275],[-67.67636616713064,54.318524301813696],[-67.6773303985213,54.241680311838834],[-67.62830265204519,54.21275146445889],[-67.67532197374621,54.15876122099198],[-67.76503657165446,54.157000191873024],[-67.81025241624559,54.12813290873359],[-67.76183525767149,54.08604609211911],[-67.82168528783716,54.02570234616541],[-67.69983932893398,53.97660448226315],[-67.57148974325086,53.84556676129142],[-67.49960831515851,53.82685640376814],[-67.59221902859267,53.75749782307819],[-67.50000001395144,53.75726735018599],[-67.50631906432262,53.71906153276434],[-67.39684971288088,53.682879300543846],[-67.3947309229372,53.614654306131875],[-67.25740588112616,53.55738857481782],[-67.2187690594473,53.530340335188306],[-67.15768545007103,53.537633609041066],[-67.03030823871111,53.526737052800016],[-66.99629644456509,53.4846175177956],[-66.94452408696193,53.476053398182046],[-66.9244478602815,53.41866087699662],[-66.96610332272266,53.36462176109501],[-67.02705061694586,53.33464612674629],[-66.95841549869498,53.30645033447249],[-66.97806167144282,53.21326331213169],[-67.00613301330031,53.16847525519697],[-66.98442990896541,53.0879093002235],[-67.0416076097505,53.076072140466174],[-67.15422798034209,53.147225479978225],[-67.28721460264697,53.143921347402575],[-67.39233682881711,53.120855037052124],[-67.38078607912082,53.04625595871639],[-67.33266569926167,52.95981815403835],[-67.3557429004979,52.928627776627444],[-67.31682445995878,52.87544767915729],[-67.26853269607506,52.87771071402028],[-67.22747230011214,52.84177083297917],[-67.0742522290774,52.8754518088747],[-67.04767168770934,52.837240206554],[-67.0670067430582,52.775116248014484],[-67.03430408222634,52.747015631036774],[-66.9492652416089,52.75958268545501],[-66.89446011479117,52.6766617052933],[-66.8537000064893,52.72114481743216],[-66.77212673750859,52.69620359776043],[-66.75374631367237,52.7514881015793],[-66.6460623787694,52.788923467315264],[-66.66369843112686,52.88546428308094],[-66.62555377300109,52.95424326297528],[-66.57699597268972,52.936786870959104],[-66.50700827762408,52.950123042565565],[-66.43183464116751,53.04820259590483],[-66.36077104399035,53.014390366065875],[-66.32195414162356,52.93893308962315],[-66.26085965710789,52.874311881485994],[-66.29462932391655,52.860120140980854],[-66.37942045284989,52.87746819382016],[-66.41388278172144,52.848673944545126],[-66.35417960033894,52.80255854760868],[-66.30833176111877,52.72859107462417],[-66.33877266814754,52.68461678293071],[-66.27738007263073,52.634449744414624],[-66.30930252235642,52.60459012162684],[-66.38865738287349,52.68228420089431],[-66.44027591727198,52.636400426381],[-66.37467289157588,52.572750996246754],[-66.35558376464459,52.47322058085844],[-66.3908067153063,52.46593752919585],[-66.34171210641925,52.39721029641886],[-66.37018806908631,52.35394067639671],[-66.490517254524,52.34163746277943],[-66.33011323811255,52.135934659862016],[-66.26411703867227,52.16518140764675],[-66.31256915131024,52.28551795314289],[-66.24964732384427,52.27398367878305],[-66.20835924411443,52.234093129464355],[-66.16002166188565,52.231653248441916],[-66.07716232326356,52.162262732513575],[-66.09636477143799,52.107808372161706],[-65.97040149108904,52.05650258191907],[-65.95478012925317,52.0998788385193],[-65.8769889984293,52.110405411756055],[-65.68656646290691,52.10375477817774],[-65.64856187220113,52.08092072973256],[-65.67991005155935,52.04150752952787],[-65.54844953117714,52.0389336097207],[-65.53066908843618,52.07080016113589],[-65.41229096162812,51.971311258936225],[-65.35477939591082,51.94273797338641],[-65.3975699705507,51.89084734860462],[-65.21018477621415,51.812928233891995],[-65.18606374724534,51.77560635869889],[-65.08258584571358,51.74619863812037],[-65.04921692255968,51.76964739820456],[-64.93070578649217,51.71426156427444],[-64.92467534496275,51.77785845882876],[-64.77309872743442,51.753135225082595],[-64.65354781586642,51.701533640297896],[-64.55435579303524,51.57580471165049],[-64.45663670020923,51.62681936773461],[-64.41733164065795,51.67495526974499],[-64.33712520635058,51.66529480197982],[-64.27828931705315,51.746378548894555],[-64.30245518757613,51.8036436155518],[-64.35270342515058,51.849275942473206],[-64.34169224167768,51.98590031528569],[-64.23395175106799,51.990904412373496],[-64.27937834984333,52.037560545670395],[-64.25385294113427,52.121483271322916],[-64.16079744789057,52.14601072803858],[-64.20069285933124,52.17701634808122],[-64.22558327050952,52.30250422199113],[-64.18005280912404,52.30641337479562],[-64.16742499446804,52.3615415800001],[-64.10922908846793,52.39405671795699],[-64.15194855237867,52.51992314422104],[-64.21112116115962,52.57360150214531],[-64.15455037296262,52.603432573168746],[-64.13738239377409,52.729235080560436],[-64.03727482876485,52.738244709499725],[-63.937417232989795,52.73102429407923],[-63.87294126566896,52.77396224550169],[-63.81897527219238,52.7585304813811],[-63.71953941973379,52.79896928229944],[-63.59974758284214,52.82431890829478],[-63.57586122238471,52.7609640593984],[-63.526349961148654,52.72537495261298],[-63.459324988803424,52.71791360973031],[-63.380686135727295,52.66517594433767],[-63.44416290522647,52.64469539413101],[-63.5972733945656,52.64794530507377],[-63.71645749677328,52.6309335065065],[-63.850401712289944,52.62584990762855],[-64.01573751885846,52.5771431352277],[-64.0876772339689,52.50651419282402],[-64.08970026738562,52.44592801519979],[-64.0259201317888,52.405781067858484],[-64.01456000775413,52.363727093224476],[-63.861039004577144,52.31905299195999],[-63.76811901579947,52.32788740582927],[-63.771677887730526,52.282775402710115],[-63.6907707086418,52.12302059756724],[-63.70799419081444,52.09333439853794],[-63.841138362287026,52.056498274560596],[-63.80146264007738,51.99784367602029],[-62.84418228921095,51.99695712266391],[-61.80652165858114,51.995808708099396],[-61.12988609220393,51.99624936949322],[-60.201707304927524,51.99723227884213],[-59.03440954986023,51.996981120695516],[-57.96473498778437,51.99644928338521],[-57.10775937302653,51.99849477110782],[-57.105486400084814,51.65645137223018],[-57.10854297508447,51.4156349019791]]]],"type":"MultiPolygon"},"properties":{"geo_point_2d":{"lon":-60.51575069823122,"lat":52.88843621601131},"year":2021,"prov_code":["10"],"prov_name_en":["Newfoundland and Labrador"],"prov_area_code":"CAN","prov_type":"province","prov_name_fr":"Terre-Neuve-et-Labrador","name":"Newfoundland and Labrador"},"id":2},{"type":"Feature","geometry":{"coordinates":[[[[-66.93907779916965,45.024698094998804],[-67.01599979184641,44.98180558700303],[-66.95651089562222,44.96501300197135],[-66.93907779916965,45.024698094998804]]],[[[-66.90309091045377,44.95715030317022],[-66.9394817157106,44.93418609273599],[-66.97797240891566,44.87096740936626],[-66.91940510255706,44.84436539822581],[-66.88982820530774,44.91584019656029],[-66.90309091045377,44.95715030317022]]],[[[-64.51787691607068,48.01984200189097],[-64.59936060653511,47.92254371421723],[-64.52568188954095,47.91910709328821],[-64.48699370126019,47.94803341089048],[-64.51787691607068,48.01984200189097]]],[[[-66.7756363104883,44.799574703199724],[-66.82738140388979,44.7718170899029],[-66.89091071499264,44.659985105470675],[-66.76094380704284,44.65529779939209],[-66.73881899404826,44.71958388501404],[-66.7756363104883,44.799574703199724]]],[[[-64.50275181185098,47.88250470263628],[-64.5359854910265,47.86197709419851],[-64.63447729017128,47.885753300266806],[-64.70516670570031,47.835215411329024],[-64.65387241376538,47.79055479133453],[-64.65072541758836,47.72939429224906],[-64.57870301227442,47.76784329912146],[-64.50619570499774,47.8511464012323],[-64.50275181185098,47.88250470263628]]],[[[-64.04186286292291,45.994634105412594],[-64.10017130223363,46.02349460016399],[-64.07292968733519,46.049517095424264],[-63.92998530797094,46.05536979969756],[-63.77160399852801,46.10518159988772],[-63.832899790445836,46.15046188555677],[-64.0407896994282,46.181952099051685],[-64.08727330169616,46.16231988960496],[-64.26578779285276,46.236031196043534],[-64.39173099220133,46.22358458822311],[-64.41341669176028,46.23714730823176],[-64.52396820987512,46.23916600963396],[-64.57233709174724,46.272943605601355],[-64.51215611040676,46.32255849292663],[-64.61552429024569,46.336009688591176],[-64.62487390458968,46.43205291460741],[-64.6669915925985,46.46648588695355],[-64.71278899177364,46.55443850426639],[-64.70767331439721,46.66005689088234],[-64.82434720031965,46.69237150447814],[-64.81786501701234,46.72767699520517],[-64.87335177705684,46.7427544028178],[-64.90473740879791,46.7787680037811],[-64.90993370363043,46.82638039095005],[-64.94513980985046,46.84099149368114],[-64.88228269372985,46.928315898454926],[-64.81234418687127,46.975366399897744],[-64.82877440619778,47.04562198738596],[-64.80601350093289,47.076096904179884],[-64.94478691650457,47.07600780002432],[-64.99485700809467,47.05476969798366],[-65.03134039663355,47.085257305132444],[-65.10149120536097,47.074259497921034],[-65.14316888698096,47.038889493924756],[-65.2195096111662,47.04145096680414],[-65.20549568393173,47.08214440707757],[-65.30170510389289,47.060832407285424],[-65.3488993980123,47.07686199086515],[-65.26658863789302,47.11635518581821],[-65.11334812025727,47.206707495755616],[-65.06308001495591,47.25520929302927],[-64.97486755383247,47.27686349727134],[-64.94476159125347,47.370054608035524],[-64.90580610923912,47.39175950139364],[-64.87137509480705,47.468440600357795],[-64.90649318291649,47.55008049382632],[-64.8442611070412,47.578563896797334],[-64.7987155937682,47.6324110936508],[-64.81594890543695,47.66917049250107],[-64.67472050920927,47.714101998696485],[-64.79369290496177,47.794156095413314],[-64.85553798371511,47.808359400251256],[-64.96462260430685,47.79263498999991],[-65.0027559805129,47.83765180021366],[-65.18143819693775,47.81932439933256],[-65.3242835014292,47.75794598523785],[-65.35928149420126,47.75522648830348],[-65.43527771436388,47.70024070087761],[-65.49777669380927,47.67143729951052],[-65.63280928772191,47.66272708680885],[-65.70579868948748,47.725943535544886],[-65.7329830093317,47.83039260528003],[-65.826692818884,47.90053254894351],[-65.89939109586446,47.921238787212324],[-66.08542061086682,47.92561140446192],[-66.13657179961082,47.961386309359895],[-66.34034529763127,48.00572310764096],[-66.37444370659972,48.03027550458478],[-66.36407660824244,48.069495803152726],[-66.47669192200799,48.05902479347891],[-66.53811091453507,48.0286287047296],[-66.63399230104329,48.003778608292876],[-66.75839977853362,48.0030438880968],[-66.85308608276506,48.00144983233871],[-66.92127085596367,47.984605090094306],[-66.9608708633886,47.94689358330541],[-66.97591365740358,47.89265922885871],[-67.05896192791164,47.93561522081635],[-67.13751563961011,47.89463572930415],[-67.2170506744609,47.877362083775964],[-67.33827197681501,47.88815737470928],[-67.38079918029922,47.854215092292954],[-67.51252741584386,47.913713052642734],[-67.60808306170725,47.9368060769919],[-67.59800572548315,47.99981590445288],[-68.1225919675492,47.999745807571536],[-68.12279292973592,47.916442194806784],[-68.38233418321057,47.91611694458255],[-68.3835493349052,47.553092289961945],[-68.56810700723031,47.427146239806476],[-68.79962823559441,47.348941930571385],[-69.05037781395048,47.30019816346965],[-69.03674480320538,47.243202794730855],[-68.88883320599061,47.182562991145446],[-68.73046809731932,47.2430707914882],[-68.62187701034962,47.24329039313849],[-68.57401419709191,47.28827620421498],[-68.48937079656056,47.302413109766775],[-68.39243129615015,47.28716039475474],[-68.38028041096496,47.34303779265985],[-68.33197449482286,47.360704990868804],[-68.23783210957438,47.35685499196114],[-68.15513071468845,47.326614898136526],[-68.1345247055175,47.295660097852874],[-67.95709729219865,47.200343685120835],[-67.88634799971553,47.10988260300743],[-67.790195924249,47.06623419098979],[-67.78791065083222,46.58587400131377],[-67.78193393908309,46.27676021514329],[-67.78123223552961,45.94345403716854],[-67.75115992122146,45.91781440450006],[-67.80226358063925,45.867729399790825],[-67.76115979272754,45.82957970308092],[-67.80514209676569,45.79480710621909],[-67.75412529560353,45.69147450963173],[-67.71933931121707,45.69470271391613],[-67.67711150513409,45.636957995292164],[-67.60024459250879,45.611313605267924],[-67.51726080952658,45.602552509428776],[-67.47786232069467,45.662189796153605],[-67.42167101266533,45.57216648922292],[-67.44976329765416,45.510056292562375],[-67.50335431101654,45.48668030769325],[-67.47407397803914,45.4263390039192],[-67.41917939979149,45.377694292960136],[-67.45421461676862,45.32719319372003],[-67.47249071142659,45.25790730651206],[-67.37118190431251,45.1429539982534],[-67.29552530070927,45.15228220826393],[-67.28610809290406,45.19253890189392],[-67.22459699513635,45.16659599566775],[-67.13986480961938,45.172770010544404],[-67.13137260355273,45.13986330725318],[-67.06542389316884,45.125040089378615],[-66.95313170528762,45.157520808028885],[-66.86635640061007,45.12176059753725],[-66.92196570870999,45.089333492535125],[-66.88792279625396,45.04039630083504],[-66.81366826273026,45.089778126766],[-66.75128081160648,45.049340493727435],[-66.57114578623573,45.12845460795116],[-66.49791730739528,45.12724800615513],[-66.46667219481907,45.066440410715735],[-66.26304460265591,45.14461350456667],[-66.2151153016328,45.14514920748488],[-66.14539509935445,45.18290620784842],[-66.15110271638356,45.2204252016956],[-66.02135149675209,45.27139988766186],[-66.00873571303343,45.21727768979303],[-65.9281009934361,45.20924429790889],[-65.85008419695764,45.21837890747074],[-65.80487681464861,45.261785397098556],[-65.72457220437794,45.275243793317486],[-65.53525420237622,45.32346448921523],[-65.53325019153709,45.355888485879916],[-65.45330829764036,45.396845288134635],[-65.12966121241222,45.52286629750464],[-65.03418147930101,45.537549205755525],[-64.96714469158836,45.56625769012291],[-64.94581580913304,45.60024930553538],[-64.86597441262721,45.63208389475521],[-64.76956969776039,45.609330192349546],[-64.69065021527491,45.68785560561097],[-64.66602570118164,45.744905388341365],[-64.56803419239687,45.83892738816096],[-64.48890051013298,45.80626789777199],[-64.55055900080856,45.725468203422636],[-64.430461007227,45.78768091376116],[-64.36064368703272,45.85777870034096],[-64.31509680379219,45.87869749971984],[-64.27488685479494,45.838504925648365],[-64.14942368761436,45.98014747197529],[-64.04680352919961,45.97681801070047],[-64.04186286292291,45.994634105412594]]]],"type":"MultiPolygon"},"properties":{"geo_point_2d":{"lon":-66.37667726184117,"lat":46.61898879742724},"year":2021,"prov_code":["13"],"prov_name_en":["New Brunswick"],"prov_area_code":"CAN","prov_type":"province","prov_name_fr":"Nouveau-Brunswick","name":"New Brunswick"}},{"type":"Feature","geometry":{"coordinates":[[[-61.98606088698219,46.46285569400982],[-62.1466590062879,46.48405350631601],[-62.41135461200605,46.46754498947811],[-62.47161969622541,46.47456078694398],[-62.62897140798265,46.46760200253456],[-62.741698009372584,46.44341310592375],[-62.90614789519744,46.43112820119762],[-62.970039907572044,46.403239201758296],[-63.1334614888662,46.43000499814241],[-63.19040258866673,46.41332060244736],[-63.26965739132018,46.423254908274416],[-63.31199119802421,46.48968419329171],[-63.417594381812165,46.50257320072438],[-63.46529010145674,46.475752310400054],[-63.49185870008595,46.52506931290633],[-63.619732999358824,46.55855729775709],[-63.65600260200076,46.54305039874707],[-63.71848851036125,46.55600660213288],[-63.74730531454586,46.49797610339311],[-63.70086100346288,46.47394698690616],[-63.72785131139993,46.435267197060696],[-63.792657307036734,46.4449770977175],[-63.80841861286201,46.49544890725449],[-63.86659951302793,46.52638600903412],[-63.853447604268965,46.570437489915086],[-63.87892678489798,46.63890099982632],[-64.07354708499253,46.784190500049746],[-63.97468450700973,46.88122689264865],[-63.991880710899366,46.936780903368785],[-63.989482894955444,47.05111830533706],[-64.04834372325094,47.005935894556366],[-64.1651499135954,46.950095701342356],[-64.2262404105242,46.89536271146327],[-64.28715191193048,46.80603620126977],[-64.37477800636547,46.74694960659256],[-64.4099390095091,46.706804903824285],[-64.41133599579216,46.65783129770737],[-64.38233950469795,46.61516700014575],[-64.30100268461352,46.630182991968766],[-64.21728428977889,46.63002569340305],[-64.12695349008196,46.58768300806258],[-64.05561639253165,46.57632780803304],[-64.11035999521575,46.52529890949845],[-64.10578298543156,46.448633989849945],[-64.13531510235522,46.402049809023175],[-64.00447790106244,46.38522840515765],[-63.93907701127516,46.41866609921871],[-63.840320989574046,46.391398794203],[-63.76029118521159,46.3916266004191],[-63.79501490659415,46.32014551202863],[-63.70623410813001,46.27848419038787],[-63.70124560230943,46.251502907441626],[-63.61660529380931,46.21537428825927],[-63.449751222040796,46.18608169556745],[-63.24771740077541,46.128785911251526],[-63.155334383573454,46.16958259392854],[-63.12610159155645,46.207131904204296],[-62.98663128776558,46.17371779133624],[-62.96173319818911,46.12634950032312],[-62.887359500250625,46.12744569862112],[-62.95603280392646,46.054670912041935],[-62.829702011238055,45.96431680048421],[-62.74998540065935,45.956893086207],[-62.559895096097854,45.966280793457486],[-62.49999999813826,45.978864999144754],[-62.4812861918728,46.04546960021711],[-62.44929679199922,46.09036509872179],[-62.46887799541314,46.12098730221569],[-62.52978189946809,46.133009385248165],[-62.524068990478334,46.18072299272632],[-62.49205719439225,46.215293706503346],[-62.408767103762536,46.21265040821285],[-62.42092159495592,46.258755403223155],[-62.35764830844115,46.27634991404504],[-62.33861488978077,46.35330859953581],[-62.293397306381664,46.33376380495866],[-62.1824132066854,46.34991899442863],[-62.005682410013186,46.4299696965178],[-61.98606088698219,46.46285569400982]]],"type":"Polygon"},"properties":{"geo_point_2d":{"lon":-63.24228135586117,"lat":46.3895485809831},"year":2021,"prov_code":["11"],"prov_name_en":["Prince Edward Island"],"prov_area_code":"CAN","prov_type":"province","prov_name_fr":"Île-du-Prince-Édouard","name":"Prince Edward Island"}},{"type":"Feature","geometry":{"coordinates":[[[-102.00000001273865,59.99999999727239],[-102.74999997876085,60.0000000039048],[-103.25000000675843,59.999999996365105],[-104.00000001764279,59.99999998541855],[-104.99999998272145,59.9999999914455],[-105.50000001034577,59.999999999639115],[-106.49999997858413,60.00000000471248],[-107.25000002000141,59.99999998650024],[-108.00000001584951,59.99999999032153],[-108.75000001261925,59.999999994797356],[-109.50000001988184,59.9999999987303],[-110.00000001796496,59.99999999848801],[-110.00000000215792,59.30710876687605],[-109.99999999605141,58.975993629631375],[-110.00033550552752,58.50737825916428],[-110.0001946314103,57.942813949734834],[-109.99999999859067,57.381213783776815],[-110.00000002246276,56.40286982775249],[-109.99985804924881,55.87280484319898],[-110.00006204876378,55.331232447001504],[-110.00567348965394,54.74772766218763],[-110.00566448758316,54.23635084110213],[-110.00547521577427,53.74141460054554],[-110.00529381394595,53.43711060384553],[-110.00610402886953,52.924027775267],[-110.00444588544654,52.52137304690487],[-110.00488268646698,51.87147071516013],[-110.00507401389385,51.27055099818553],[-110.00301558220588,50.833774737628815],[-110.00492818842118,50.339002153128554],[-110.00422256342321,49.959855299479166],[-110.0044937118886,49.5328648697134],[-110.00502263037129,48.99969874079486],[-109.00000001446284,49.000000005297245],[-108.18786009456244,48.999653401275346],[-107.52020677693324,48.99947639263028],[-106.77894141909903,49.00003309597076],[-106.00000332477951,48.999472224391816],[-105.25829111209815,48.999349635317884],[-104.57457659555381,48.99919969246016],[-103.74121906375301,48.99942896832621],[-103.31980278643378,48.99936240413183],[-102.72284784908719,48.99924318399271],[-102.00632643718905,48.998965664349],[-101.3619898004162,48.99947410165371],[-101.36211111910964,49.17777859713056],[-101.39148032187168,49.17784702922313],[-101.39256410725224,49.53272257957741],[-101.41763515159218,49.53274480138174],[-101.41754598208134,49.88667010665922],[-101.44721949092262,49.89436900669737],[-101.44715800144077,50.24052438404828],[-101.47672111132728,50.24050443254414],[-101.47699491379517,50.59438750561639],[-101.50872882326871,50.594393350522765],[-101.50869461731304,50.948485129800005],[-101.53898869893298,50.9484953110397],[-101.53915270054428,51.30186450240178],[-101.57054393736702,51.30187588726334],[-101.57051507292341,51.65492175003667],[-101.57755508400456,51.96851810304956],[-101.60933504156195,51.96864354949243],[-101.60905476166866,52.31815801960717],[-101.6378126510492,52.31814946339973],[-101.637705258716,52.66727392727783],[-101.67158804145483,52.667260577349104],[-101.67160451924185,53.01644787432361],[-101.70069426314035,53.01645077643624],[-101.70060567806453,53.365781116591506],[-101.73554368489725,53.36580844267872],[-101.73543094383754,53.71070651628193],[-101.7706639991953,53.710910025484104],[-101.77132275803015,54.06440246115411],[-101.81043452049735,54.06440581814299],[-101.81046130903576,54.41353989396851],[-101.8474842635185,54.41356389823302],[-101.84743666257377,54.762523065975586],[-101.88531837552426,54.76252586406934],[-101.88526563857515,55.11159665535697],[-101.92436060643028,55.11209058995745],[-101.9242270306603,55.46021659133398],[-101.96395494363055,55.46042008989942],[-101.96387163013243,55.809468497125],[-102.00412938852898,55.809350074247966],[-102.00760914168968,56.50015461742596],[-102.00502447835538,57.178054224189154],[-102.00602442499502,58.31370962427229],[-102.00666187384984,59.00053857791262],[-102.00738974793785,59.751779412250514],[-102.00000001273865,59.99999999727239]]],"type":"Polygon"},"properties":{"geo_point_2d":{"lon":-105.89075902236681,"lat":54.416714191425804},"year":2021,"prov_code":["47"],"prov_name_en":["Saskatchewan"],"prov_area_code":"CAN","prov_type":"province","prov_name_fr":"Saskatchewan","name":"Saskatchewan"}},{"type":"Feature","geometry":{"coordinates":[[[[-65.60611848286614,43.51376600350224],[-65.65127268888398,43.447852801571656],[-65.59489128248934,43.43365939997782],[-65.55854659509512,43.47577670294481],[-65.60611848286614,43.51376600350224]]],[[[-60.890609893285934,45.576858597368606],[-60.94379751746056,45.59286729982009],[-61.04007740102877,45.58822159004645],[-61.11197771158946,45.55281490641178],[-61.06618480925301,45.508240299463424],[-61.004108812395664,45.51209220384051],[-60.96616590087234,45.549598207893006],[-60.890609893285934,45.576858597368606]]],[[[-60.28655140063712,46.3096378096147],[-60.36350460007468,46.31726660105642],[-60.42258710660085,46.283674287861324],[-60.508347991881,46.2092058072178],[-60.54443479644631,46.19237820082455],[-60.52653249980408,46.14894631217887],[-60.46343860585386,46.18046371030461],[-60.41349370488327,46.22566659048081],[-60.29527000986033,46.25587760928492],[-60.28655140063712,46.3096378096147]]],[[[-64.27488685479494,45.838504925648365],[-64.3789190020288,45.786832401814216],[-64.44968768523651,45.733749297530366],[-64.45393998697362,45.683689592655966],[-64.5656270919521,45.61575019175372],[-64.65015309572493,45.581604000736846],[-64.65383821512086,45.56317800552287],[-64.82729999782758,45.485622795640076],[-64.82671689604547,45.46769719800109],[-64.91417620576595,45.42984200000782],[-64.94265699237314,45.327931406079365],[-64.85006090112573,45.35416150083497],[-64.70935091214675,45.313566809581886],[-64.70250019862762,45.36518540288439],[-64.57829278432219,45.40504939969767],[-64.45643069777235,45.39549550944841],[-64.39132008177687,45.36926830067298],[-64.3175461956913,45.39068979414034],[-64.2471399104425,45.390287593110074],[-64.06803740304758,45.40774349355367],[-64.03962867921724,45.384187000617885],[-63.94672661177177,45.39409640721556],[-63.8923522063446,45.351949293325845],[-63.86840500454794,45.38033650329907],[-63.80417687828581,45.39886490367145],[-63.71740570289064,45.389276207743464],[-63.6015857987603,45.392332998570446],[-63.51638340842136,45.37043001190009],[-63.388112190065215,45.36149168777692],[-63.56105481146323,45.3157537106069],[-63.801842388952466,45.313389307000215],[-63.80747199132397,45.29081290532413],[-63.89198779907361,45.278852506003126],[-64.15523080161555,45.19599698987619],[-64.22353540711869,45.108120690130775],[-64.30088878418717,45.137736999780955],[-64.33554679812238,45.10321889046816],[-64.39812811563978,45.14209129866759],[-64.35119281203603,45.16546039688518],[-64.366810100894,45.19792320995703],[-64.33366461358247,45.2989764950241],[-64.3937591046436,45.3216312015624],[-64.41231280355356,45.268577788043096],[-64.47483090139549,45.23976940557695],[-64.64539660308563,45.19709009522729],[-64.88514089740653,45.12853459267392],[-64.9497549034611,45.103327610701626],[-65.07719110316418,45.03479910569346],[-65.16019521577246,45.00336519639701],[-65.22673338798968,44.96359520571321],[-65.44834669418955,44.86374739427832],[-65.51060541077304,44.82446570184701],[-65.63974071328373,44.76969719145284],[-65.74242688033442,44.71147100255303],[-65.73054250051167,44.667815211476544],[-65.62622051248958,44.71252079458586],[-65.61991110806288,44.65806571540868],[-65.69968348851428,44.61472559939191],[-65.75900490724793,44.60367829809299],[-65.75745772016901,44.66136639327045],[-65.78451361528056,44.6912070960491],[-65.91437289323785,44.61587889377662],[-65.95212569236399,44.60833178885658],[-66.11854291083124,44.48983880136485],[-66.12916500723014,44.44445779054637],[-65.98292501347287,44.55727590443159],[-65.86245698438155,44.5882312023791],[-65.87858840319711,44.53253359239073],[-66.02018178003928,44.44565350181461],[-66.06430610414388,44.38643960275131],[-66.10865498143099,44.35436400603001],[-66.15500408936497,44.19708149437563],[-66.17866578991074,44.18019800673555],[-66.21390949913057,44.097977811703664],[-66.17818890960393,44.07342350131464],[-66.15314269761186,43.99058431101736],[-66.16656259619725,43.911038100014906],[-66.13939889424648,43.793805197933004],[-66.02800618642011,43.73041819905648],[-65.96337000914241,43.73739379663919],[-65.9577881195569,43.800757294719915],[-65.91493988704636,43.81258799484444],[-65.8882289965677,43.76721728725743],[-65.842149613995,43.767144701245414],[-65.81412330712391,43.6875388018878],[-65.76419769540539,43.67198380283573],[-65.78647170783178,43.56692130985124],[-65.73444350416824,43.54677759754298],[-65.72764280528544,43.49037640367278],[-65.62995679384862,43.51056299131229],[-65.59509658710907,43.558970992887964],[-65.54560861046784,43.51344299887328],[-65.49058151546086,43.488228694151125],[-65.4473349866682,43.53429200365635],[-65.38600810080013,43.549306404642294],[-65.33285188642495,43.611339491793245],[-65.32379150945742,43.691462112627775],[-65.25913270074672,43.658316702572016],[-65.22546520716728,43.723858887588094],[-65.07636350324681,43.69682010208783],[-64.9242578067163,43.79486609353448],[-64.83616779134404,43.8324317870145],[-64.790587107666,43.89335171072402],[-64.84711520336333,43.918389702176185],[-64.79717989354701,43.949032404943274],[-64.66127460082689,43.989814293382224],[-64.6547930878613,44.04041299914005],[-64.62149738924886,44.06872580761479],[-64.5679323006659,44.066933800121305],[-64.54493939954239,44.12084129003043],[-64.47995478728865,44.152516102396845],[-64.40226111780079,44.250796801300794],[-64.28072168583515,44.26073959113155],[-64.29578180557571,44.31564590152554],[-64.33405639631872,44.334045495185315],[-64.30653639061362,44.525510998542515],[-64.21286040228824,44.5375762121504],[-64.20950570725309,44.57540339743579],[-64.15414688159194,44.57348789980388],[-64.11734688332463,44.53995769496813],[-64.1128933852544,44.478083394393686],[-64.00835650209275,44.52092570862806],[-64.05841600264411,44.61460950185963],[-63.99404370479455,44.65385108715992],[-63.92801359772198,44.66464518810444],[-63.93954268918644,44.603861294487764],[-63.93843210202971,44.50553820274876],[-63.893197413771134,44.48871309383838],[-63.847811704119096,44.52225061025813],[-63.81787638023121,44.484232305554755],[-63.7104079087668,44.46345121000112],[-63.63564299257175,44.466988888324174],[-63.51892689383225,44.50312090276233],[-63.55906019210371,44.55667518601091],[-63.57236742114555,44.61484139384884],[-63.54131450593875,44.63912601266731],[-63.45191501092621,44.5890476888405],[-63.420810679692025,44.649233704139185],[-63.3245792018006,44.63848998907454],[-63.24042378792646,44.6837365930175],[-63.143786612709455,44.68967370651784],[-63.09967020440372,44.72414109724246],[-63.04800610169313,44.67282810697559],[-63.00790069600785,44.719325385242016],[-62.893562292350126,44.72740680142392],[-62.854881092855386,44.70843348291986],[-62.798955304344965,44.76592610215915],[-62.673793101479184,44.79410430282015],[-62.611121079785576,44.834364504064],[-62.527355788263364,44.848446995033],[-62.49757578381592,44.87174469565019],[-62.42603228422072,44.85953069590235],[-62.41704319869539,44.90033259460521],[-62.26675779265231,44.92946230649531],[-62.23765588968302,44.957124306763845],[-62.18212440608331,44.95374669902636],[-62.05709578241442,44.96788180312733],[-62.026423795092384,45.02430340941889],[-61.95868071390305,45.04293210690319],[-61.89974158955224,45.023247206991115],[-61.85396039073495,45.03638028579277],[-61.8220644048879,45.09663970358488],[-61.66435779387947,45.090977303425554],[-61.68783151118332,45.11512379610199],[-61.651770621949346,45.17170079427215],[-61.596744804901924,45.14521779226808],[-61.542077904019294,45.16635900268359],[-61.37132960996591,45.171853111679475],[-61.385893190053906,45.2022233944679],[-61.32820380845993,45.25274241234026],[-61.22404010809465,45.24640581387571],[-61.13423329858656,45.27225431089764],[-61.16113878240318,45.21851810169126],[-61.127575378696434,45.20784360139092],[-61.04439640758108,45.24098899791674],[-61.02698677740822,45.27639790381736],[-60.977610513694856,45.30114900562731],[-60.979610389362655,45.3326323931183],[-61.14402588812026,45.35728418803521],[-61.201776403028894,45.3485888143157],[-61.43687740189486,45.34769780293107],[-61.499349806981364,45.39507321426503],[-61.3209231014754,45.43094079665986],[-61.2622318004986,45.45486459861372],[-61.238853685395426,45.50899119306988],[-61.283523607470805,45.55617179982865],[-61.27516700380447,45.579916103224136],[-61.1761394898732,45.60181819167403],[-61.16254830356478,45.5654593950616],[-60.86066849186552,45.645804192136744],[-60.8721237014745,45.61976899312345],[-60.76352320931717,45.607821899257864],[-60.740447414582434,45.57405690223453],[-60.621719195496695,45.613603884966686],[-60.477627689686614,45.64115370338264],[-60.44109740255482,45.639186711116096],[-60.35596158935087,45.672282689079005],[-60.32535049336952,45.70569270792212],[-60.2780775108353,45.70272409626848],[-60.16909220007478,45.782869986379254],[-60.11570598791224,45.78348709133503],[-60.08920381693317,45.81588989844035],[-60.17346819523244,45.85338588983365],[-60.11786540096563,45.88476690628328],[-60.00500118357734,45.87685509917882],[-59.97982768994345,45.909303998571744],[-59.917277599119274,45.91982949001299],[-59.81273319541903,45.97492369118988],[-59.84663501300213,45.99330899584534],[-59.95111019439984,46.010560496587864],[-59.954324004626606,46.0479868945607],[-59.89042951261013,46.05887759385421],[-59.902858988782626,46.10637669443685],[-59.84420499864899,46.17765918670127],[-59.93481698556719,46.18600479381519],[-59.978460899141425,46.22164409505225],[-60.11492349027855,46.261874093963826],[-60.16856309026125,46.24264909062044],[-60.23506911117634,46.26113939528279],[-60.293214701139654,46.25025729143198],[-60.31672598169575,46.212350599549815],[-60.388584378681095,46.202436300504445],[-60.424992995278316,46.14930410908037],[-60.51189970527632,46.0945167971603],[-60.69320529920432,46.012585690971015],[-60.80118690143219,45.94376040221566],[-60.740504993052305,45.93132429061725],[-60.71315219243294,45.89879288647299],[-60.6531803894271,45.91194758678607],[-60.56199159263664,45.96199788839159],[-60.480298594597826,45.9570384877161],[-60.53525420846144,45.91064091200384],[-60.64656870556712,45.853596410058756],[-60.674984187711516,45.82188609967898],[-60.74803752108584,45.789210494486326],[-60.74665570183471,45.73137331019873],[-60.81347018750175,45.73703519986424],[-60.94150758490626,45.770437096027344],[-61.087593710397016,45.6984392121679],[-61.14717908949695,45.76004009668671],[-61.102621300108815,45.792194195803035],[-60.92941229629587,45.85873739555599],[-60.96735068240059,45.8970833957699],[-60.81346080952545,45.94608320764223],[-60.80538401400421,46.00117469902686],[-60.75781370271519,46.04729670057522],[-60.858617483935255,46.03726520674743],[-60.84040298488487,46.070852994177415],[-60.64856720565877,46.11624648971396],[-60.58926031320129,46.154336601757244],[-60.54468768242156,46.210021395931825],[-60.4379389890588,46.29120628794915],[-60.44791669909356,46.345649885416684],[-60.5907437035105,46.25556279054474],[-60.517387898206664,46.348054792774256],[-60.522462108112656,46.373489012947125],[-60.458148810699036,46.43066989657731],[-60.459501402146806,46.45359700162962],[-60.40859598996774,46.549336887136796],[-60.35180540802426,46.62864300911764],[-60.386774096947136,46.63109748385602],[-60.402749193884375,46.680504499722474],[-60.343805208981685,46.70049730949688],[-60.30312670920155,46.85065340922884],[-60.40486340146105,46.871652511337984],[-60.45275871167759,46.903370607746815],[-60.4540865961598,46.958814493636886],[-60.387156292736776,47.01939538864802],[-60.41368152332031,47.03413019389789],[-60.482580805128016,47.00045261204422],[-60.59800319650199,47.04155299847897],[-60.659884109191296,46.98805520330231],[-60.69100901944774,46.915737795566315],[-60.78757479318439,46.83807918632127],[-60.847225411770246,46.8212425911848],[-60.90301958925268,46.77090138855058],[-60.98273920401971,46.657078987127356],[-61.02751658263798,46.64615739996301],[-61.03791918112258,46.558893305558065],[-61.07681602469512,46.51967749383847],[-61.10256359939002,46.447622588334994],[-61.14456929245172,46.42348620712838],[-61.18260879949044,46.36167829385264],[-61.321294311222736,46.22689600391258],[-61.41106452167658,46.19470109571273],[-61.44793968321871,46.160751305743595],[-61.500465585602946,46.068671597719096],[-61.55241501621002,46.03998549948537],[-61.53005540566942,46.00668598807234],[-61.53446080808633,45.951395791501895],[-61.49422018611349,45.89030030097833],[-61.49631051045968,45.8042243900915],[-61.44034028309242,45.680345201157564],[-61.527836088926136,45.69322749087982],[-61.593574912546586,45.671489899395226],[-61.63141218521538,45.63164950246366],[-61.7597761910329,45.64744220880896],[-61.915042105895054,45.68340539132262],[-61.88906449152759,45.73579439165828],[-61.93545790474281,45.887599107397975],[-61.9793109120357,45.87364139751364],[-62.08621729818928,45.78711040798171],[-62.1721992200874,45.7617091988845],[-62.28604660601937,45.69728910795766],[-62.36428461904702,45.677011893125105],[-62.51206140515373,45.60350421409799],[-62.50156790317725,45.651180003657025],[-62.62124741660157,45.68533770286572],[-62.67992520842989,45.73641440081312],[-62.73756951534851,45.731587095466075],[-62.767190113238705,45.76598489158811],[-62.87914410102872,45.77034820411492],[-62.99110600226444,45.793068391598794],[-63.068984407593895,45.7692232975444],[-63.26586919680147,45.73287929068821],[-63.36623799864742,45.74079110123726],[-63.25555921739485,45.79285289845986],[-63.37460921466614,45.79955930289697],[-63.4311382157857,45.82235259102625],[-63.414287494593076,45.86010448409494],[-63.466742684390596,45.878335902837186],[-63.616576593721796,45.87797879692469],[-63.695866008069686,45.85556039071353],[-63.8075976808191,45.891215501337456],[-63.8629291048198,45.933815695232504],[-63.86258258656225,45.961261499258086],[-63.9720330169284,45.99742620030724],[-64.04186286292291,45.994634105412594],[-64.04680352919961,45.97681801070047],[-64.14942368761436,45.98014747197529],[-64.27488685479494,45.838504925648365]]]],"type":"MultiPolygon"},"properties":{"geo_point_2d":{"lon":-63.32450309629852,"lat":45.15131558491417},"year":2021,"prov_code":["12"],"prov_name_en":["Nova Scotia"],"prov_area_code":"CAN","prov_type":"province","prov_name_fr":"Nouvelle-Écosse","name":"Nova Scotia"}},{"type":"Feature","geometry":{"coordinates":[[[[-79.91453785770378,44.993013706481484],[-79.91794055018609,44.93156339180083],[-79.85947954304423,44.95398498749114],[-79.8245266458427,44.93040548964229],[-79.80984475661857,44.852188505144355],[-79.72041813355303,44.75505989267043],[-79.78165013467547,44.74455770714888],[-79.84727803475057,44.759588393422554],[-79.90424614975909,44.84201599701787],[-79.95091404437343,44.86695809714128],[-80.12376535317732,44.80953119572767],[-80.12684294582783,44.7495351929956],[-80.0324476577495,44.722675398151246],[-79.97950395232384,44.66845430858016],[-80.00942625199889,44.5357588107814],[-80.08057865728189,44.47816611298925],[-80.11979014363061,44.47038428723441],[-80.19926943198715,44.507375891752645],[-80.29274205238933,44.53237269855323],[-80.40568564303524,44.54003699669934],[-80.5142764307164,44.594433009643886],[-80.58948815621542,44.60962729934683],[-80.62531845136763,44.64080890350044],[-80.63587945798265,44.71621119710526],[-80.77582156498246,44.712816391142375],[-80.824071429504,44.68871110653451],[-80.87609774407822,44.62620249420882],[-80.94354445669376,44.60918710442237],[-80.88817444928289,44.736757309813356],[-80.90571293438956,44.79409110434963],[-80.98502916229862,44.80871249832315],[-81.07805255153967,44.78144498905812],[-81.00702844751059,44.87185480029441],[-81.01780496393361,44.91773719473688],[-80.96311694034895,44.947205995021235],[-81.03509044768157,44.96691949164965],[-81.09428384134024,44.92106559980014],[-81.12344875407007,44.96129350814794],[-81.21386513547436,44.961114903113845],[-81.27703955814383,45.022885614728125],[-81.2623844655196,45.076841293952434],[-81.33295946569375,45.137994599369435],[-81.30356596197697,45.247717994933396],[-81.46266014238286,45.23028689790638],[-81.53472073450833,45.24736388918459],[-81.64046294046308,45.2497193986875],[-81.72301175473771,45.22640729534482],[-81.70208723254518,45.19775060782596],[-81.61918885725647,45.19058711549996],[-81.56404233880836,45.12502440109325],[-81.52034056200517,45.105689116208474],[-81.46714093872056,45.047650412175976],[-81.45385406618337,45.00370260300049],[-81.35667743197085,44.963863507639],[-81.37470606189316,44.91093609921758],[-81.27708975241917,44.751139114083905],[-81.3030952500815,44.679793094338734],[-81.27180025641138,44.649363295803596],[-81.29605975976955,44.5789394987501],[-81.38773423962623,44.48963048948126],[-81.4091234510783,44.43314429562797],[-81.47855135482581,44.41712019066593],[-81.60681854173167,44.32009120400283],[-81.59219343718198,44.28605519339614],[-81.61629715939716,44.21536980380843],[-81.6635953427293,44.15218121255173],[-81.75688395839913,44.07199269822856],[-81.73491304726438,44.02917999233966],[-81.72120135465492,43.930425698643354],[-81.71922285261783,43.784459902586335],[-81.72876976624285,43.697601399990425],[-81.70598824506614,43.531528091998396],[-81.71626884965018,43.47470099641114],[-81.7096884467711,43.39833939830555],[-81.7438697670154,43.3336228115457],[-81.80451925462769,43.285514807898366],[-81.91670215245061,43.22999399751009],[-82.02334985027935,43.19995881162168],[-82.0218188628139,43.17240809453534],[-82.09709996069168,43.11106449914462],[-82.14903615434503,43.09306730946129],[-82.19052365705942,43.05022949336847],[-82.38517566551357,43.014224809795685],[-82.45767925291187,42.907479201935644],[-82.47795194526446,42.80376819856491],[-82.46302465567183,42.76400350251882],[-82.52038026481702,42.60585859726214],[-82.57978007117794,42.5583432124105],[-82.56653835314131,42.51253400493029],[-82.42166996406847,42.49630399248367],[-82.41011095785244,42.39941819910358],[-82.42554217026856,42.347831206386594],[-82.4744252564163,42.30803689117961],[-82.55525585928845,42.31543420205506],[-82.72526355743709,42.296530110949064],[-82.93586446461819,42.34246570020261],[-83.0581203511258,42.31602030188972],[-83.10742046742486,42.257055497323954],[-83.1009421619742,42.197385289940996],[-83.11614936445164,42.138387890897754],[-83.10873126218932,42.047500803039476],[-83.00413435491919,42.019574494977064],[-82.92464496315188,41.980938304882194],[-82.81594796484121,41.998299304738154],[-82.74174776375763,42.02639630124472],[-82.6141955669326,42.03232319668824],[-82.53310227207909,41.965554098014444],[-82.50117104572583,41.98560119689943],[-82.4828296561845,42.03946378690821],[-82.4111238459445,42.11039249707044],[-82.19916666090747,42.19707599863764],[-82.09405304889736,42.24728288654356],[-82.00254805277629,42.264987687887675],[-81.8441673658569,42.3328188998569],[-81.8044065437977,42.39213069407214],[-81.62370076875118,42.49816741077898],[-81.5728286721988,42.539463402029064],[-81.45059765167484,42.60040300676115],[-81.39557286712206,42.60798189519351],[-81.3511746703805,42.64116069870315],[-81.24715364015275,42.66404659880294],[-80.84198776785396,42.65249419372296],[-80.7582065509681,42.63412950485093],[-80.6317914500457,42.584009888107246],[-80.51722946036088,42.57371340414566],[-80.43844384593626,42.583016705771044],[-80.45474125472424,42.61334578433318],[-80.42653905742362,42.6453045097529],[-80.3265297722227,42.69294958723729],[-80.22361204673467,42.781398395387306],[-79.9963858507067,42.79951128798856],[-79.91816195873847,42.81958778438599],[-79.84364846364701,42.82311020938231],[-79.70321636371541,42.86122010186197],[-79.63906934265837,42.835477200633946],[-79.59281956912679,42.856876995101075],[-79.48333094628423,42.84084549004788],[-79.43673925880468,42.87564520051259],[-79.37968044015145,42.8612450000885],[-79.29679335120136,42.87774579819778],[-79.15619506150233,42.87504950797128],[-79.0936902644575,42.85618219907183],[-78.95226014069269,42.880178381432486],[-78.9081961126963,42.91317239911341],[-79.02791010543152,42.990037508599954],[-79.02844790377982,43.05873470606688],[-79.0790316229035,43.07517329647866],[-79.04444333746135,43.13918659578291],[-79.05820762690355,43.25116720589269],[-79.13753554364085,43.25602550526834],[-79.31611225120628,43.18403858957011],[-79.41197116044415,43.19825920288619],[-79.48776924995782,43.19434718519021],[-79.58081885412682,43.20479129327223],[-79.74901877064478,43.2472124888562],[-79.80061674647759,43.31800090469559],[-79.71777645197493,43.37557669742637],[-79.6779372455713,43.43143689333206],[-79.6064239555834,43.49655318931544],[-79.59795693532459,43.53643709304196],[-79.53703644569333,43.58812218910822],[-79.45516214755366,43.63747329772843],[-79.34809214414466,43.63358910037671],[-79.27965323697696,43.67118438962215],[-79.18857354516005,43.74687339672652],[-79.09181593533121,43.812082385025896],[-79.05989836644477,43.80774969198859],[-78.9290708583144,43.851535605784406],[-78.81831094810616,43.86869028910343],[-78.71166954966533,43.86767460379582],[-78.61757545089414,43.89854319298729],[-78.4819549468103,43.89655490351774],[-78.37268814605709,43.92990870409112],[-78.25688524863052,43.95314029577209],[-78.11562184471886,43.95713280475565],[-77.93503395219328,43.97020389218314],[-77.81718683662648,44.003811185451845],[-77.7511957316639,44.010642598406285],[-77.58745313258517,44.05962189814383],[-77.5752754346295,44.096045904775345],[-77.4721351462004,44.120921399342265],[-77.33511163485426,44.1679389814068],[-77.2951909564842,44.153875284349475],[-77.25477635844486,44.179519990295084],[-77.19104675344559,44.15719070602222],[-77.08636655935554,44.176519286623886],[-77.03862034859134,44.17662560052948],[-77.06790593558021,44.105693793366015],[-77.03178745249213,44.06202830648218],[-76.96953585443494,44.06360488913837],[-76.92779953869058,44.104894591161376],[-76.7256967311244,44.20317358579526],[-76.63161454547158,44.22166248177967],[-76.55746258414885,44.20935501313988],[-76.42800991916309,44.23617489076079],[-76.3142759212226,44.29060461665147],[-76.22228839951988,44.31851790551602],[-76.18406139822021,44.31697601090985],[-76.09763559167206,44.34717132819363],[-76.0265726311552,44.35359347052135],[-75.92910821678622,44.382428089693626],[-75.88917589065449,44.42645501214896],[-75.74428180135199,44.547233908500715],[-75.57828040845716,44.658237602889166],[-75.53720280005379,44.698103412934834],[-75.31389963240058,44.82921658720879],[-75.30794181394658,44.84361819404681],[-75.16752091395239,44.899084497432625],[-75.1370418187074,44.92355709652554],[-75.00669420526934,44.96407380100536],[-74.99662489283514,44.982982703558854],[-74.88964099539783,45.0272270864765],[-74.70022800912193,45.01594107242936],[-74.54768991388114,45.06210400673854],[-74.45544409820101,45.155081199837554],[-74.39148271269,45.16789770899204],[-74.34347167173622,45.20540222323756],[-74.47191127919496,45.30273420962676],[-74.3816022456462,45.56371276798373],[-74.38405536497288,45.56714922179836],[-74.4723664006929,45.593731807549965],[-74.5351100602808,45.5948325164262],[-74.63806070990462,45.638758151266266],[-74.72934567182413,45.628326087597486],[-74.94301048025972,45.64340540041057],[-74.98897970005709,45.610784844849924],[-75.11350228867728,45.578618288238815],[-75.24261394951205,45.58550870814027],[-75.31699439219298,45.54617074478338],[-75.4454084396359,45.521110480894045],[-75.57555679765629,45.47482510506328],[-75.6831771930851,45.45913650047606],[-75.70374455633352,45.42663519945625],[-75.79701680420048,45.37832402948437],[-75.8951850982221,45.40163468600992],[-75.98716460661753,45.47964530769478],[-76.08987718683741,45.51385244444427],[-76.20100638900665,45.5188791342081],[-76.24508393215169,45.46860894025267],[-76.3617437036907,45.45709459625288],[-76.43351663220676,45.49207614096433],[-76.60374500202126,45.53218129684351],[-76.6592749466485,45.56072605807374],[-76.67028904372302,45.625809831878826],[-76.71194453958132,45.66548225747206],[-76.70359781281621,45.72080990112726],[-76.76959413775987,45.73349903077202],[-76.76575920899592,45.81098948860002],[-76.77872544559649,45.87135264621899],[-76.8948386007742,45.89814617531687],[-76.92757515407335,45.89225487727791],[-76.9119966838868,45.8096708251092],[-76.98497879697983,45.78607724570918],[-77.08155834183466,45.83558296130091],[-77.19032721643805,45.86386084598963],[-77.27840407101357,45.94888964398741],[-77.27633418142617,46.008539648964984],[-77.56608271063061,46.159220590168964],[-77.67499428851202,46.19849738319998],[-77.6978086922726,46.182930639130895],[-77.9268091552817,46.22409898361538],[-77.98798594533558,46.24656224387125],[-78.0426860527997,46.242511817891156],[-78.13514278616574,46.2747279859735],[-78.2604905485325,46.273944034506485],[-78.30958080965077,46.25316901995233],[-78.38838873033446,46.29168791425384],[-78.51387700322098,46.29687612258334],[-78.59705837404213,46.318852640393686],[-78.67582234312461,46.31823377683913],[-78.72823126304755,46.34233868715243],[-78.72710717255538,46.38287269209408],[-78.89272200030092,46.46191530856585],[-78.98987072497162,46.548855526769636],[-79.01525073914816,46.62685229292602],[-79.09432289146339,46.68829571286614],[-79.17082153696316,46.82521851095118],[-79.2140081087124,46.833235561265106],[-79.32966575029396,46.95718677713983],[-79.3467991832789,47.00785849244874],[-79.44299286097252,47.100997102809416],[-79.4268426502096,47.250069239218234],[-79.58103436137458,47.415114009048324],[-79.58647279333942,47.4456388469852],[-79.54738932340791,47.51782616331203],[-79.51708053333203,47.53316399217842],[-79.51743975032691,47.99640666191496],[-79.5174042578759,48.28784269998277],[-79.51739566576632,48.805717308448735],[-79.51785743120962,49.30406114510227],[-79.51762072722885,49.83158673619254],[-79.51795289382216,50.19472122528152],[-79.51791348205708,50.94542316675929],[-79.5158487132157,51.46067760678663],[-79.52433063619115,51.47133183758365],[-79.63915699404855,51.40706651192629],[-79.68170158328084,51.40562809342167],[-79.68612838255397,51.34884199052696],[-79.74545849039194,51.32919359208882],[-79.68990170090363,51.28549090733942],[-79.79017589168474,51.15987670525155],[-79.8593893074236,51.165370488643035],[-79.92435201706094,51.192193398986305],[-79.97808899385737,51.238778497468864],[-80.05165400534202,51.257018911222545],[-80.11342897921311,51.29081060932743],[-80.31436962010748,51.31534019068046],[-80.42566048240121,51.3499393883837],[-80.42792211436632,51.448820703487286],[-80.45022400418048,51.49470259062264],[-80.51263178953204,51.54764039485395],[-80.58216008726696,51.7130663259761],[-80.69485503588646,51.82107590277191],[-80.88033690512796,51.89522680059864],[-80.97231920053193,52.00169520055279],[-81.0945727872128,52.057578800780774],[-81.15505972501126,52.04163390065082],[-81.34038081460487,52.09893002955771],[-81.47451551586526,52.21836872290119],[-81.4701925130643,52.261018091414115],[-81.5603323587578,52.296091099940234],[-81.51129399163479,52.32368528654459],[-81.54392042778444,52.363406998951945],[-81.52526918846539,52.42316260684928],[-81.56238880613672,52.462648700345184],[-81.6428093868072,52.49562898754544],[-81.75724231178762,52.60316670844983],[-81.85981459509615,52.653115487931764],[-81.91792571599672,52.70400670366353],[-81.94339300375503,52.77720848673958],[-82.10967061128059,52.89111089852115],[-82.23588119940051,52.9259619061757],[-82.27878520578032,53.00968689105659],[-82.2830253858431,53.10019171068526],[-82.25206399806315,53.180493788636156],[-82.2160212321907,53.21670001323165],[-82.11225051626532,53.26520579193902],[-82.11046490436772,53.30633748767265],[-82.16184718693488,53.45754718919031],[-82.20453889512586,53.550767486031276],[-82.20010149553448,53.65324188772184],[-82.11985679663648,53.77472020506958],[-82.12431500237224,53.82733049626486],[-82.20421507657356,53.99581080694794],[-82.25524451428356,54.06374730260039],[-82.34611757632602,54.127575208440334],[-82.40764431309637,54.19254960809523],[-82.43242401763216,54.27709211349635],[-82.42392568771848,54.34603480385726],[-82.3433794063447,54.49939628862061],[-82.32349230379212,54.50570911024064],[-82.28836810005404,54.654426497597996],[-82.19536019778056,54.80431239127096],[-82.21290828608394,54.87447439199946],[-82.25158012076865,54.87597589474978],[-82.27176909943874,55.04991970427014],[-82.25258720009545,55.109659092146785],[-82.41529100481203,55.108768593895604],[-82.71527459904206,55.16154050535651],[-82.75138627808742,55.13151682880264],[-82.8133149256587,55.130178697244524],[-82.88046497896886,55.15738630403073],[-82.92166939094348,55.21046078977684],[-82.97331429259991,55.22634658745441],[-83.15358588070316,55.195505116781234],[-83.22038870375023,55.21167779407501],[-83.33754669258573,55.19870891993118],[-83.41774941533916,55.22255412779207],[-83.48230039653774,55.21941029394535],[-83.64695071282087,55.26391119773882],[-83.70654820988888,55.23211452718036],[-83.88329239291625,55.294106206727605],[-83.97611530937165,55.28727932231941],[-84.07867280931312,55.250202303963235],[-84.17442501692605,55.27457330193366],[-84.38920639732633,55.2635503118781],[-84.5121990117657,55.23212809079898],[-84.79457341593202,55.235328692108396],[-84.97230322201969,55.27969749238734],[-85.09576768825872,55.26038261732918],[-85.13198565618728,55.33192453868333],[-85.2004047236395,55.343102802239436],[-85.22994191203676,55.37278941882594],[-85.35286280348367,55.384807689806706],[-85.43389350579798,55.41774429213639],[-85.643893283345,55.55796701052165],[-85.77313640497155,55.59364850860798],[-85.9670626116514,55.66131250620984],[-86.2694896822501,55.7088568876881],[-86.37489790323299,55.76426071196292],[-86.64390629306705,55.82844989868564],[-86.9012454952761,55.91407229127442],[-87.0230202927974,55.915686012666576],[-87.21298852474679,55.93265131936024],[-87.4677765794742,56.01475919319528],[-87.47221989711537,56.04862029806612],[-87.5785326208348,56.076314595856566],[-87.63740008891439,56.112312599258935],[-87.77669339402188,56.26664709096504],[-87.83213732382785,56.34160029629249],[-87.92367699497161,56.391651086111466],[-87.97910988212485,56.47307130076654],[-88.12729568710128,56.508580100751125],[-88.17133740045166,56.50808121924248],[-88.35219020437462,56.56735358877199],[-88.4439121919165,56.60874128709654],[-88.5080637801976,56.65676119631656],[-88.56063702192834,56.66074899693879],[-88.66893558448254,56.7019576306797],[-88.69036092372512,56.74544659011426],[-88.81297641833103,56.80118289469505],[-88.81677602951714,56.837854000133916],[-88.87827449033905,56.861458590658806],[-88.97957690400271,56.85114844621411],[-89.48481181510505,56.547278386928674],[-90.15292343306959,56.13376364541832],[-90.80225034836211,55.72039433657419],[-91.64779319163708,55.15848486055022],[-91.99997009144725,54.90600270654785],[-92.18869236422555,54.774903598534074],[-92.65857365416458,54.45337888148815],[-93.18967477133192,54.074774269364596],[-93.62955353161696,53.75020269539538],[-93.95844503022865,53.55369426572678],[-94.26267121459904,53.38142400015198],[-94.8677429340828,53.01614425425792],[-95.15315109619874,52.840573105165824],[-95.15310037077275,52.3325267618092],[-95.15305456567253,51.86266261121522],[-95.15302390718286,51.54219089863116],[-95.15297848826071,51.05796105040927],[-95.1529236674444,50.45893200998638],[-95.15288275865406,50.00120808506213],[-95.15343305923962,49.646064671099545],[-95.09460327577173,49.61997492232169],[-95.0151652594544,49.640726032608924],[-94.96415767545854,49.613051234738904],[-94.97007074064778,49.56358303454444],[-94.882861153417,49.567977026537726],[-94.83564716670091,49.60980923764804],[-94.8268943395342,49.69886723354575],[-94.7440632549572,49.714825736841995],[-94.65365367533263,49.70865053346357],[-94.6686673420093,49.65536313670317],[-94.58930106389194,49.65575163375378],[-94.55546923625367,49.70149273558264],[-94.5705373687065,49.75113993063772],[-94.49838255198833,49.76629012591578],[-94.47233806857538,49.72436583200357],[-94.40496775686604,49.72654343881027],[-94.30751175572316,49.666834034268184],[-94.31796626897248,49.62752412163499],[-94.37379906372388,49.58368912086914],[-94.32866244923741,49.54318933832517],[-94.33438517515856,49.514752527127875],[-94.24402336044152,49.513331038127326],[-94.23268285743406,49.48261684225526],[-94.12025967482828,49.4572785209003],[-94.04853133721173,49.457267522083036],[-93.9829077559595,49.41195952619789],[-94.07288384334467,49.27861273147115],[-94.2306975453338,49.331606036116284],[-94.20448094936138,49.37521324313511],[-94.26097575678496,49.398826340336655],[-94.27826227092342,49.45572992801151],[-94.31587605054574,49.493780836795835],[-94.61295996297294,49.45941502785386],[-94.65338387362593,49.46358453597001],[-94.70223653881503,49.42029913057697],[-94.61026946282848,49.30872142752387],[-94.50666084673054,49.26324232391573],[-94.46248124619072,49.230607025545886],[-94.33363305317204,49.28934422161765],[-94.26366835493224,49.243380836553214],[-94.26032537006668,49.199922523900554],[-94.18729285283861,49.17463613787492],[-94.07095586597455,49.18360053323412],[-94.04679237799976,49.142684541869244],[-94.10219067442367,49.13412652786517],[-94.17964335954528,49.089964932538926],[-94.23996107609875,49.12492912856621],[-94.30706385139065,49.13822223119949],[-94.31761215351638,49.088265328089776],[-94.47101177176803,48.9654650191426],[-94.58400355070867,48.95354504202643],[-94.63797484964948,48.8820556273867],[-94.70057771161255,48.82469210369079],[-94.68695020840248,48.777062190371915],[-94.58685591601369,48.71902060087099],[-94.53506520099874,48.70296389505599],[-94.30542568800274,48.71121808984573],[-94.26038818895468,48.69756110484107],[-94.24361230365174,48.65434980670248],[-93.84807021432711,48.63184959581187],[-93.80246370165645,48.566844599361545],[-93.79168628864424,48.517267509367386],[-93.64888630847287,48.518197394369636],[-93.47028541784535,48.54646968865462],[-93.46891108698297,48.58836270101378],[-93.35225341284387,48.637880607952404],[-93.41143650645586,48.68466272314339],[-93.3536751022913,48.7168898060943],[-93.34038091651071,48.77556629459274],[-93.40270861758756,48.82864870876124],[-93.41368571231911,48.91404379336092],[-93.29388359751592,48.89167889951343],[-93.27164139111626,48.81265038781551],[-93.1818522696654,48.779010996902215],[-93.21863522401854,48.70143693744753],[-93.1999413371705,48.6758587244373],[-93.10204600792734,48.65862409323683],[-93.0309613182619,48.68650849813525],[-92.96207708242227,48.66595890018856],[-92.85021571214205,48.66763110864564],[-92.87687570589556,48.606740009432585],[-92.7568656855077,48.605892593134996],[-92.70380501561647,48.57683669922773],[-92.58870618628656,48.54942290480036],[-92.61948491912541,48.470935407676286],[-92.46350420305968,48.46710330649759],[-92.48034190712475,48.42522929331929],[-92.4474123992002,48.39907610930449],[-92.46688511027959,48.34946110541867],[-92.4115888047909,48.301140189785784],[-92.37145879052464,48.22413050809346],[-92.28355188851422,48.24810669144611],[-92.32482990446698,48.31846000054099],[-92.27960460526002,48.35745699939649],[-92.19436553869961,48.3576207404378],[-92.0727616060255,48.385828339552916],[-92.02472618900877,48.35732608633553],[-92.01017948421888,48.288320209587745],[-91.93220461616116,48.23947160959769],[-91.87292479421232,48.237687897677446],[-91.71686741796168,48.201280306675706],[-91.70025481607894,48.125119201266365],[-91.67663912772016,48.10752831596671],[-91.59070580605956,48.1040343002547],[-91.5268309134629,48.145385786720325],[-91.47336069125782,48.08835480377583],[-91.41090409888449,48.05906688651249],[-91.252073198014,48.08565100064849],[-91.08250489591161,48.18290810207649],[-91.03585071325128,48.19335791052452],[-90.92267939880331,48.26120649365566],[-90.83795278840952,48.24012660477881],[-90.83332850766622,48.19388528947469],[-90.77817320679837,48.15140468855011],[-90.76007539226597,48.09822049932389],[-90.61267899124844,48.11349880833778],[-90.48790429167659,48.09978601013431],[-90.39944620577396,48.11151198937766],[-90.37394027219776,48.09287331382483],[-90.14264420502913,48.112753122977075],[-90.0021381859921,48.08565789139817],[-89.99365399622533,48.02802786976406],[-89.898805584566,47.98813890539869],[-89.77587140437295,48.02271410293345],[-89.70247898894529,48.00651810536547],[-89.58973749255802,48.004374903425514],[-89.48779104430515,48.03353372865142],[-89.44010415157301,48.07792753228748],[-89.36343993383184,48.09971320947623],[-89.28416195422685,48.1745862241808],[-89.25820005687875,48.266102130500485],[-89.20203414734782,48.33138010779094],[-89.24189293815158,48.38288522568006],[-89.21333436122835,48.43738712677463],[-89.12781365714696,48.485336828597035],[-89.0588349410759,48.49115352809812],[-88.81304985978853,48.56841643120979],[-88.75336956504678,48.556475532670426],[-88.82900403881092,48.47264511257893],[-88.84924185348456,48.39977532260712],[-88.89972033645236,48.36420521412916],[-88.88806744958048,48.31706233066324],[-88.76953425831216,48.34040602925759],[-88.71832346530715,48.380662309781236],[-88.68295414740658,48.46547901688722],[-88.63885595327628,48.50887841855443],[-88.61582485068725,48.62163761211307],[-88.54850583978101,48.63059691507767],[-88.55324305304974,48.674805718240854],[-88.5162176547421,48.71346272219451],[-88.54196203091283,48.774684213205006],[-88.44141216343331,48.84824493297694],[-88.3342834426115,48.81537601919382],[-88.30113903087803,48.756865016903575],[-88.33908906503525,48.67341972452156],[-88.43886253962302,48.61469171287791],[-88.58244104187327,48.492133109157685],[-88.56578424067412,48.43647162989524],[-88.53016483694516,48.4389842153091],[-88.48250326059001,48.521669318017096],[-88.37730595983322,48.53942261386184],[-88.33356684673296,48.57321651910336],[-88.34114425739213,48.644903624145776],[-88.24068755365728,48.58097562914573],[-88.16192725543159,48.63263721907201],[-88.09518273087912,48.71257692467302],[-88.0963813328056,48.78834122815064],[-88.22747833889518,48.840205215366645],[-88.24567294514264,48.876471617327724],[-88.22627134718974,48.926374112421335],[-88.26211814133056,48.95219281631565],[-88.10402904007258,49.000053629063785],[-87.9157154490393,48.93115610791428],[-87.67212782541567,48.89780312985277],[-87.63424924104396,48.8556021208133],[-87.54426874755936,48.87787730822117],[-87.55264504185708,48.83598831072965],[-87.4065353278882,48.83319502306956],[-87.38972932572649,48.80630112617963],[-87.28935603470212,48.789963329892586],[-87.22924055142168,48.75594120858195],[-87.0702000270476,48.77380842092846],[-86.98969973991512,48.805053624070695],[-86.87250365821325,48.74786722621013],[-86.72631883907738,48.800825306324235],[-86.6171142280191,48.78155130443096],[-86.60638355846974,48.73326922225119],[-86.53876732343325,48.727207127130775],[-86.4951133395003,48.76568952529091],[-86.42847594100515,48.77382591555835],[-86.38727473244529,48.73591170305711],[-86.33114563642393,48.61479811497044],[-86.30245474156649,48.6006297098686],[-86.23280273206454,48.468838007409374],[-86.22568073841566,48.40958340973198],[-86.14043733187354,48.27060062527982],[-86.14017085509452,48.2414490237344],[-86.08427564453194,48.16053172046588],[-85.93519865491528,48.0224287281734],[-85.80123475511941,47.95056781884318],[-85.68307215361267,47.925627513948115],[-85.52976224524025,47.91740781085299],[-85.38219942904587,47.92325281642624],[-85.32010963902938,47.95351080173566],[-84.98821895575925,47.96343932211838],[-84.85877854372089,47.95752630464151],[-84.8370114302841,47.91485450787651],[-84.87881774365567,47.8895217134397],[-84.94028252464098,47.820239118802924],[-84.91926884031493,47.774068202824424],[-84.97801412625114,47.73175581291283],[-84.98098164136255,47.66570580911507],[-85.03742893814311,47.6090234216149],[-84.94830672906137,47.5551999117037],[-84.9605941453002,47.53897871240297],[-84.82219185626657,47.47677110384354],[-84.79973403424518,47.476143914425414],[-84.70305616018807,47.40062581484247],[-84.70651303253156,47.372294404397906],[-84.64452975710735,47.357771613735416],[-84.5879782599317,47.28377391623365],[-84.64581914747843,47.24328370492197],[-84.72961634550684,47.13526930538746],[-84.71202243723674,47.0997390101638],[-84.778195763695,47.048351508800096],[-84.77841035597628,46.97434561050133],[-84.71744956288781,46.952016718586854],[-84.65810594358517,46.95539591259547],[-84.65040783165541,46.91449850373157],[-84.57847514425866,46.94535041441547],[-84.51530916633511,46.92155100178491],[-84.47549715615833,46.93906730763991],[-84.36502613611185,46.89314281995116],[-84.35549625275209,46.868328612003744],[-84.41329816187324,46.8152652234754],[-84.44401575669312,46.84489041894828],[-84.53827333647452,46.830181502503244],[-84.54166785000987,46.788467318898775],[-84.57568826034381,46.738239517578],[-84.5715370381077,46.6951213111816],[-84.52316475843452,46.696009823514665],[-84.50630343487298,46.74735651702057],[-84.43317285794174,46.736197608367675],[-84.42130084895382,46.68947549762354],[-84.59456333893426,46.577071006955805],[-84.60008735786029,46.54775921122176],[-84.532961560944,46.500700817431884],[-84.48389504402849,46.490187498446716],[-84.37739185987114,46.51788170260092],[-84.28343215250702,46.49582559897219],[-84.22195233441457,46.54074380526711],[-84.17419813689149,46.548618020776324],[-84.07676703913015,46.492209306685005],[-84.12641386376247,46.39448581409751],[-84.05965256633883,46.32049920225404],[-83.87950983282127,46.32685581205076],[-83.87580163194961,46.30297241037299],[-83.7873027346866,46.29970980255172],[-83.68191105638455,46.27338602018991],[-83.61268333977385,46.28601630060859],[-83.56793665676685,46.26112860240698],[-83.37862062981431,46.23343921613978],[-83.33621883708463,46.218987110215075],[-83.04823333747602,46.1773318049955],[-82.91661303375595,46.18374680572346],[-82.83394713027499,46.17569180351417],[-82.79897645980158,46.18989731926932],[-82.68205333522857,46.18763199991958],[-82.67844134517556,46.15793920273877],[-82.55566694073427,46.1655708925429],[-82.46852133181116,46.19985331576934],[-82.44128733359885,46.18392789850023],[-82.32993113732502,46.18726749681249],[-82.3498934511582,46.15522660191789],[-82.26578073742162,46.148628995359516],[-82.16689315955486,46.1128254040422],[-82.06745974888459,46.11041351053431],[-81.97284694203249,46.090990008083836],[-81.78760145894336,46.09889761731551],[-81.79282973132837,46.061077899783],[-81.66628193015548,46.06644009062704],[-81.66112994274289,46.11467571658249],[-81.56175713019475,46.08963770097113],[-81.55133693389698,46.04865589740299],[-81.63516504363122,46.02636769871445],[-81.48436105900147,45.9695575130189],[-81.41720196013873,45.993476114320174],[-81.23370463416852,45.99286529076826],[-81.15559273820203,46.00156709129571],[-81.17531864926252,45.960785413531156],[-81.1244436527024,45.94519020212515],[-80.96624714670014,45.951866892184555],[-80.83257085637554,45.919966913871974],[-80.81158645043004,45.943812999727044],[-80.73896264327159,45.91628099703489],[-80.71454123699635,45.82186730227578],[-80.65351624470473,45.79328251410014],[-80.63967225648365,45.73511249437268],[-80.6011605309167,45.69187040746757],[-80.53444883246978,45.661059898042524],[-80.5307461332676,45.601584209467504],[-80.503577843003,45.559030402890684],[-80.38785475010286,45.57146571269597],[-80.39303585801878,45.453894013704705],[-80.3154345556079,45.42485990772819],[-80.29849835037987,45.35546001064621],[-80.23940515725937,45.35952600486054],[-80.20542424790058,45.393732794080414],[-80.07725415427066,45.40292520066843],[-80.03192683078,45.33150098962672],[-80.04251855077793,45.2913801064552],[-80.11554995170341,45.25390248980531],[-80.0435831461112,45.1785795950717],[-79.98371154703996,45.152206403668224],[-80.07220703313935,45.08217989068818],[-80.0089451362659,45.02851020126463],[-79.91453785770378,44.993013706481484]],[[-94.50369195589056,49.7731654398985],[-94.5710595569841,49.788354229028414],[-94.61175736848243,49.84036192554327],[-94.64217596439366,49.91137251862273],[-94.68418916961647,49.91107563564646],[-94.66920767365653,49.98504092055855],[-94.64322287319892,49.98762472544219],[-94.6128770449299,49.979622630334624],[-94.58668013931461,49.94182823158103],[-94.53422996506772,49.928565320922246],[-94.55252384267841,49.82567242488384],[-94.50369195589056,49.7731654398985]]],[[[-82.63902646854669,41.831966291398736],[-82.68246306178385,41.815828796635444],[-82.68605634814851,41.74485779238473],[-82.62060946292324,41.750600296346484],[-82.63902646854669,41.831966291398736]]],[[[-94.57924286855118,49.11171792032907],[-94.61620917247761,49.10311892529967],[-94.56152036872544,49.01206663799392],[-94.50283326982863,49.073209728872705],[-94.57924286855118,49.11171792032907]]],[[[-94.64630504551656,49.20925073085214],[-94.75045526074526,49.16855052252994],[-94.7030966488692,49.082573021574234],[-94.6750185571265,49.11260803865169],[-94.59690557803992,49.12320574224423],[-94.52476947687988,49.18131394198602],[-94.55943685448425,49.20501382796753],[-94.63545565437116,49.17796422386658],[-94.64630504551656,49.20925073085214]]],[[[-87.92454924091885,48.857921218508764],[-87.98485225167879,48.85523591167103],[-88.06874162869279,48.82158992487964],[-88.08460694327022,48.74106041117767],[-88.00920016025084,48.72352802075335],[-87.90018794446483,48.76293501324668],[-87.81886272899924,48.73917100675678],[-87.75940024478142,48.77543702691444],[-87.75406683362968,48.833703630211154],[-87.92454924091885,48.857921218508764]]],[[[-87.70016215496251,48.842752007355124],[-87.7476014314647,48.8103920111057],[-87.70055043085446,48.7376395293325],[-87.59617794996126,48.75152320795572],[-87.70016215496251,48.842752007355124]]],[[[-86.99482114947321,48.67690510938189],[-87.05728286423077,48.641374215005584],[-87.00374195496754,48.62022002213389],[-86.95860115220289,48.631709622262846],[-86.99482114947321,48.67690510938189]]],[[[-94.72609585614772,49.4255136219665],[-94.77164837402314,49.39983453241434],[-94.79035306919305,49.32927171992167],[-94.70731115926117,49.36180654043429],[-94.72609585614772,49.4255136219665]]],[[[-94.18893373957566,49.46849363478107],[-94.13953556610751,49.41554113861273],[-94.02988983601371,49.43229352824639],[-94.18893373957566,49.46849363478107]]],[[[-95.15243423411958,49.470103369208836],[-95.10207724509107,49.543510940723166],[-95.15385686173835,49.588969049228574],[-95.15243423411958,49.470103369208836]]],[[[-95.15346063941146,49.39807000784914],[-95.12876797665888,49.37187543959801],[-95.0153830414724,49.362628344517546],[-94.91110197305625,49.39561592654585],[-94.93686885635758,49.44558112584543],[-94.84976975822762,49.45512163664669],[-94.84523134149545,49.510364242643064],[-94.68549605852705,49.544773022584636],[-94.69011286451112,49.57643252031729],[-94.62644216012032,49.59818754346365],[-94.68065416335075,49.63730692853904],[-94.7343388475872,49.62912054210829],[-94.8682964754525,49.571595526821895],[-94.84606814932742,49.534108124335226],[-94.94265677153743,49.52509572591074],[-94.99524077064773,49.48125503104923],[-95.10963155206609,49.442637919448664],[-95.15267456301093,49.45203464780856],[-95.15346063941146,49.39807000784914]]],[[[-94.6555195401357,49.984139838886485],[-94.63941355990427,49.95969594307785],[-94.67996005988587,49.91764023522698],[-94.63971027017269,49.914240826300144],[-94.576609740062,49.871967840953936],[-94.55313784645513,49.92509343521648],[-94.60211575943922,49.9403477223907],[-94.61881877412688,49.966308527167214],[-94.6555195401357,49.984139838886485]]],[[[-76.64152615478021,44.191783088975654],[-76.80446214559844,44.13972719160045],[-76.76901655522005,44.10741969720217],[-76.70216545543629,44.11612389485686],[-76.64152615478021,44.191783088975654]]],[[[-76.1839315078102,44.238713304637585],[-76.30496962375163,44.22122531310288],[-76.33529691829669,44.23695439474485],[-76.43583901962776,44.210498683376976],[-76.5061747200617,44.16734997119978],[-76.45136289821946,44.13819561005531],[-76.43628172430986,44.10502859790854],[-76.3763888086531,44.133892509552595],[-76.36785009985682,44.197198284777286],[-76.24434755265384,44.206218000160405],[-76.1839315078102,44.238713304637585]]],[[[-76.20529151524761,44.30478880896541],[-76.2968882059849,44.29102860418974],[-76.29455370122827,44.24866839079893],[-76.20679099783813,44.2880094039513],[-76.20529151524761,44.30478880896541]]],[[[-77.06537974838615,44.17342569846964],[-77.23348453046314,44.13513898363981],[-77.32326444031726,44.096515493029955],[-77.32954534624776,44.141889700591335],[-77.49728614257204,44.10680638896922],[-77.6015905661976,44.03749508397553],[-77.57623792715592,43.982655397925456],[-77.48888274826015,43.925377483339204],[-77.4005921430299,43.935378704290166],[-77.31810962751511,43.95834839655529],[-77.25151004363192,43.942043191551605],[-77.2089298314509,43.855750390379775],[-77.1557410513542,43.838903391847765],[-77.04821874993112,43.88872570533634],[-76.93796146010581,43.921171289664464],[-77.0425874307335,43.94938388482976],[-76.9649824347367,44.0172891857085],[-77.08376643038515,44.04603809063644],[-77.06537974838615,44.17342569846964]]],[[[-80.06937543523684,45.343559608180435],[-80.10555285459951,45.31177610810642],[-80.1861534514512,45.327645991532556],[-80.22254175284526,45.2791380887467],[-80.19476434017616,45.24317480376759],[-80.08885553804116,45.28142559028391],[-80.04491665742341,45.31643401389361],[-80.06937543523684,45.343559608180435]]],[[[-80.23765313055121,44.883544107219315],[-80.24523463604928,44.83345280307906],[-80.18993063356844,44.80946150745278],[-80.1558728364198,44.82433869817859],[-80.17464605415701,44.87117931039068],[-80.23765313055121,44.883544107219315]]],[[[-81.70241712893139,45.53073190642794],[-81.82300363007218,45.49719761392287],[-81.79789226075712,45.441082007050106],[-81.7338337416356,45.473754401178965],[-81.70241712893139,45.53073190642794]]],[[[-83.35543605904874,45.99282750514359],[-83.40961023134554,45.98605281389566],[-83.48279775839704,45.90526911718009],[-83.35711944063122,45.84959581761048],[-83.26251384492994,45.908582110064124],[-83.26568605938031,45.95796200287735],[-83.32635286482832,45.960118901277745],[-83.35543605904874,45.99282750514359]]],[[[-81.93536234401897,45.98704239387001],[-82.05749363609155,45.957904897994894],[-82.1705200396633,45.87110791032284],[-82.23103615570645,45.94090159974004],[-82.2892422610688,45.92853139584094],[-82.2825323613859,45.98654341625336],[-82.49329935865673,45.945225797643886],[-82.51938794375597,45.90559410186884],[-82.58058114006836,45.89938150240189],[-82.57058605368631,45.95401830751883],[-82.69672774602596,45.95666139654852],[-82.7053162623919,45.89801090825121],[-82.59605145064847,45.882308197063],[-82.49663274021759,45.83700321567892],[-82.51215035827416,45.80708731099262],[-82.64443646294373,45.82703240763276],[-82.67227786486394,45.864602501037744],[-82.75053116028427,45.83130639778241],[-82.76826615763801,45.86802640265051],[-82.83685883915774,45.905457792642245],[-82.79885735372173,45.98219949679572],[-82.94495156483991,45.94008449629202],[-83.05734215291123,45.95781780731739],[-83.0811251406539,45.91368010550535],[-83.13706516433933,45.961079200658226],[-83.184031257347,45.95752660964336],[-83.2260361484487,45.90821879578131],[-83.21747443086214,45.873894401995436],[-83.10584135730726,45.86997801384742],[-83.06308114089755,45.83664571586157],[-83.00584424191157,45.84095929387151],[-82.95442844619235,45.81281410118844],[-82.87162383982161,45.79276149811985],[-82.82810363534104,45.80481691306347],[-82.75524005345994,45.776284116007155],[-82.67543414453449,45.784368215032295],[-82.6484932639951,45.760737009276795],[-82.53591283389866,45.75291840982414],[-82.48383965200944,45.70779219363525],[-82.33670334706551,45.691750993447314],[-82.31904806415247,45.669543803863505],[-82.19761014646369,45.6262365919879],[-82.07440743916628,45.554481101699565],[-81.93347894953479,45.609726316510404],[-81.84433273122701,45.68648829929836],[-81.79177662942517,45.659699798365374],[-81.87950514679076,45.60352100796549],[-81.94108774265659,45.59384001031853],[-81.99092105656958,45.554353701506514],[-81.84459403151699,45.51505130411404],[-81.78781575373895,45.54193891453536],[-81.70407296077565,45.642740413133915],[-81.64771264871942,45.68716069405148],[-81.58094565083772,45.77895031437781],[-81.70542496252384,45.7870522960002],[-81.64759664863513,45.86820290740515],[-81.72130845841465,45.866348399901135],[-81.78682904752571,45.782812411731534],[-81.8436011595371,45.79909479597781],[-81.81440555563263,45.863652792986436],[-81.87273324899323,45.887911008447695],[-81.90253294754746,45.976217907544594],[-81.92526483044918,45.98080629252169],[-81.93536234401897,45.98704239387001]]],[[[-81.15691893337684,46.00012519176241],[-81.23544225507855,45.991529713305844],[-81.36929595861855,45.99173291174638],[-81.28263484865239,45.951759106006264],[-81.19912933690327,45.95842310597073],[-81.15691893337684,46.00012519176241]]],[[[-85.74311385948005,47.79785621397255],[-85.85176354534076,47.79105862200652],[-85.94966683921487,47.745685204663786],[-85.95006514078379,47.71724690175591],[-85.78618115298404,47.71979630726383],[-85.69298445780096,47.70990971496327],[-85.60844534814588,47.7321120127331],[-85.63680004673004,47.76991031125742],[-85.74311385948005,47.79785621397255]]],[[[-83.94625865751273,46.317604203896366],[-84.10972674029139,46.27130349794508],[-84.07094585901471,46.19216311129338],[-83.99987113427898,46.15725690974753],[-83.94779195747557,46.06817849637462],[-83.89127956510801,46.08396411274338],[-83.8928813637001,46.115812514159124],[-83.79710266319951,46.170202507900996],[-83.840193059107,46.26456580438614],[-83.89390896343768,46.26167861012462],[-83.94625865751273,46.317604203896366]]],[[[-81.8184591547517,46.06312930265235],[-81.95239925458054,46.04385641056584],[-81.95189904986694,45.99966849634982],[-81.93540833883084,46.004331911722296],[-81.92373945998068,45.991547196082664],[-81.9232140339455,45.98247001263196],[-81.90483193180974,45.9802499013754],[-81.8998573489978,45.98795760665385],[-81.85688184680473,45.99769349271438],[-81.8106757409426,45.9782837015821],[-81.76663713709208,45.993897613314076],[-81.8184591547517,46.06312930265235]]],[[[-89.06987926517208,48.27303921181674],[-89.12004256835282,48.26842711540823],[-89.173882755356,48.234444318000975],[-89.11741063847532,48.2079851261672],[-89.03775865971026,48.23874781840609],[-89.06987926517208,48.27303921181674]]]],"type":"MultiPolygon"},"properties":{"geo_point_2d":{"lon":-86.0409603890758,"lat":50.45266757986579},"year":2021,"prov_code":["35"],"prov_name_en":["Ontario"],"prov_area_code":"CAN","prov_type":"province","prov_name_fr":"Ontario","name":"Ontario"}},{"type":"Feature","geometry":{"coordinates":[[[[-73.8640722106924,45.518517502870445],[-73.94004199842941,45.48914019442331],[-73.91221649742762,45.46811561087094],[-73.8640722106924,45.518517502870445]]],[[[-58.675823190751345,51.11353809044417],[-58.80612960361421,51.06148899922058],[-58.79931858819478,51.02511609544621],[-58.67645831953357,51.096537791888366],[-58.675823190751345,51.11353809044417]]],[[[-73.90016578769068,45.39524320127741],[-73.97870650638545,45.39879250919893],[-73.9919046126886,45.359439402176754],[-73.88759408613176,45.35355989001137],[-73.90016578769068,45.39524320127741]]],[[[-59.33209731883,50.64468559441453],[-59.38148970835361,50.64107680932183],[-59.36525872055765,50.54399179502425],[-59.296568021390534,50.554497498899096],[-59.33209731883,50.64468559441453]]],[[[-58.42021130090304,51.277072212773824],[-58.527453894543044,51.265140401876586],[-58.530464392511576,51.22423769524039],[-58.40301558318155,51.23462929952734],[-58.42021130090304,51.277072212773824]]],[[[-61.40898000766553,47.63104530169134],[-61.524698007820604,47.63155549285708],[-61.58857610018298,47.60228090644071],[-61.70782079418722,47.53157770963099],[-61.79253301077508,47.46716650337762],[-61.95679780254576,47.382513696684484],[-61.92617699880604,47.267407285524556],[-62.01271730337283,47.251418295659626],[-61.97044461263348,47.21164969478329],[-61.89613978203199,47.23753250590202],[-61.935948591435626,47.30826470441958],[-61.88131011786004,47.35017189307041],[-61.86988600558542,47.41060499343398],[-61.692398498000315,47.53826108781645],[-61.594432094286766,47.59717598658501],[-61.4133999961689,47.61367919250444],[-61.40898000766553,47.63104530169134]]],[[[-69.23754572462457,59.162542296301815],[-69.34657850586385,59.126574099635135],[-69.27272851619655,59.07482509518979],[-69.30881409243725,58.99569370123396],[-69.22494411684804,58.96218400925327],[-69.14627919831145,59.03911650260843],[-69.1853456038064,59.1476612876807],[-69.23754572462457,59.162542296301815]]],[[[-70.79688801664439,47.02338018985752],[-70.8436891882982,47.02460760315016],[-70.94456401898721,46.99263029535608],[-71.0189447135005,46.93595649969875],[-71.11922640617509,46.87708140594537],[-71.07822670357801,46.84887648706571],[-70.99865290539113,46.86235850167506],[-70.87921630995618,46.92705860778899],[-70.79688801664439,47.02338018985752]]],[[[-73.52913599936059,45.69797050333639],[-73.55354830446295,45.69958130233739],[-73.60341531638474,45.687885397503926],[-73.61300021701234,45.69153869660775],[-73.72601488870225,45.679178504733414],[-73.78894158689667,45.614609492988926],[-73.88117980734077,45.54793151199736],[-73.87334021724566,45.520575296574705],[-73.7671989106861,45.51262130790875],[-73.67270698569972,45.5631491938177],[-73.63564338037239,45.630767304338384],[-73.52913599936059,45.69797050333639]]],[[[-73.4782463094644,45.70101349100964],[-73.52063430734097,45.694966991582874],[-73.63341098919864,45.619666110182195],[-73.66434549233995,45.56434029966651],[-73.75752670478234,45.510591890911506],[-73.84590958717504,45.51654029607631],[-73.87759010442497,45.472725605194164],[-73.97518921146545,45.42868240790263],[-73.92119982172068,45.40358129140506],[-73.77389559919364,45.439276906947384],[-73.66903170445728,45.43099458887777],[-73.55307081749295,45.493097901719004],[-73.50412670860293,45.58777298912942],[-73.4782463094644,45.70101349100964]]],[[[-74.34347167173622,45.20540222323756],[-74.1917142932549,45.265060187290445],[-74.16313551119066,45.23581250961015],[-74.07975769593723,45.22279478729604],[-73.99530719924589,45.238715386081026],[-73.91757240718512,45.31861130894452],[-74.00467101043334,45.362560210943734],[-74.01362429454703,45.415297196256404],[-74.07250560587865,45.44245379923032],[-74.29306228987582,45.50272100838327],[-74.336498917907,45.49702109189096],[-74.3816022456462,45.56371276798373],[-74.47191127919496,45.30273420962676],[-74.34347167173622,45.20540222323756]]],[[[-62.687439020554734,49.64272509922589],[-62.76019218426372,49.65771040546776],[-62.85359730503824,49.701743307185446],[-62.92307339077725,49.706557502106875],[-63.084666387359356,49.76751160728674],[-63.381058400812655,49.826980085094476],[-63.678504585749415,49.85617550564646],[-63.74344218745904,49.87213720646589],[-63.870957911523256,49.8769274126745],[-63.96792501011899,49.913505201477435],[-64.07470951772302,49.92631829675555],[-64.14948311610253,49.95207719641145],[-64.306405503279,49.93923670725915],[-64.48808348366255,49.90312609405138],[-64.51474250806324,49.85726889471696],[-64.45167518672737,49.83742429444964],[-64.41645479754173,49.800403697205944],[-64.08654840388583,49.7142835140567],[-63.97845480391782,49.695980387505365],[-63.8255983898962,49.636752283227125],[-63.76986531373549,49.5898891973121],[-63.66014649896417,49.53602821168316],[-63.611184200693735,49.47477558684812],[-63.569144188025284,49.38985319038664],[-63.42650310733522,49.35717869258407],[-63.330420708308885,49.321300809252286],[-63.28903468526006,49.32094649296074],[-63.18212681224518,49.25813099903195],[-62.91910049618538,49.18889990488291],[-62.79427670308704,49.16538400646541],[-62.50094638925746,49.129593985016],[-62.28226171563853,49.07546409361067],[-62.07864388752179,49.075567407549364],[-61.95869727536444,49.06738330485931],[-61.913536084942855,49.07939750091423],[-61.827721785282606,49.06365679460803],[-61.7094523868614,49.102493094061316],[-61.6696041908441,49.1326932844448],[-61.71890699116451,49.196826891889884],[-61.82889419484258,49.2803678025623],[-61.8327840093219,49.313017413884616],[-61.895566319947086,49.35178379163238],[-62.135324078582684,49.4017556003147],[-62.17961940484276,49.3964229968815],[-62.25002178934112,49.42527588955008],[-62.253316491310294,49.45497429055277],[-62.34938100989054,49.49101529226522],[-62.39526548943744,49.48414980823415],[-62.51322671360884,49.588017906797965],[-62.6425785860441,49.62045330262166],[-62.687439020554734,49.64272509922589]]],[[[-66.75839977853362,48.0030438880968],[-66.67680199456925,48.01775808493087],[-66.53502477754301,48.05893810552181],[-66.49781049355482,48.10982510940161],[-66.44123081958105,48.12343010147229],[-66.34875999975334,48.10321179975604],[-66.28039510829285,48.06740969700692],[-66.25974590753917,48.105793291438445],[-66.17226399694115,48.1137113997831],[-66.09314991633597,48.0931256932942],[-65.93803301432327,48.20017079926634],[-65.8762768127602,48.17199149344658],[-65.8104275950585,48.12129470536589],[-65.72373088242715,48.11238339769314],[-65.58387659671273,48.072305111366695],[-65.53422499298064,48.067851785942196],[-65.44790191219404,48.00373659407638],[-65.31930590409667,48.00479770942903],[-65.16831659523258,48.042796789303],[-65.11932031122998,48.07416530156658],[-64.96227011926375,48.144718490685605],[-64.93488559481308,48.177087800670996],[-64.79204441256333,48.20085240533641],[-64.67267419084115,48.346779490312564],[-64.58139051147126,48.37531899084193],[-64.38906270664476,48.41682799706458],[-64.32084850474253,48.41630139904238],[-64.30852011551197,48.472043004435825],[-64.22842779810307,48.50139938934507],[-64.21216580237414,48.526803091095054],[-64.28869540445281,48.55254688758853],[-64.29991689330276,48.61661909568664],[-64.18177001616145,48.643136000159735],[-64.23614001877033,48.668419091175664],[-64.2620570898392,48.70655360653304],[-64.37385911054086,48.767030588462],[-64.40852638480847,48.817731299705144],[-64.37526029963698,48.84940109613932],[-64.24258658708729,48.80479070674663],[-64.21237808754336,48.87334630559026],[-64.27888858950216,48.927379600601476],[-64.47337399687173,49.05310280109576],[-64.6026239852169,49.109220305477585],[-64.74659691543013,49.14136730574667],[-64.85087229143554,49.187239091781294],[-64.9268424078657,49.20546309737844],[-65.1080102176056,49.22937239466443],[-65.28078130173932,49.23409810529556],[-65.3257955052295,49.251329786910276],[-65.55521710820113,49.25684499050206],[-65.74644140490359,49.239022706532545],[-65.81336608986628,49.22289420426644],[-65.96508390040749,49.22766110095315],[-66.08709329796879,49.216629389093],[-66.32986131377336,49.17871429911843],[-66.43263018222177,49.15454789707251],[-66.47793609580546,49.130263293077604],[-66.74138710002353,49.08930010602041],[-66.81395629165966,49.05258660807927],[-66.91084800903567,49.03346339858577],[-66.96257060141562,49.00591870279505],[-67.16171649842408,48.94207790849413],[-67.3687400115918,48.898820000275215],[-67.45835988775112,48.86170970696667],[-67.5353508000061,48.853546005265855],[-67.59802808845086,48.819884307622175],[-67.83363630620627,48.750509698607566],[-67.95665721370186,48.68684629981333],[-68.05558209920329,48.67452229972654],[-68.12586089902027,48.63207229432331],[-68.18276781250839,48.63419530461623],[-68.3559899965334,48.54761600138797],[-68.4465957899306,48.52643689720937],[-68.53944969992453,48.44544619247397],[-68.57884279199924,48.44351870003195],[-68.68105179470217,48.39677120094497],[-68.95269867766402,48.290524207187865],[-69.20277201273755,48.12364799407881],[-69.2290390842422,48.09573469674203],[-69.35887659768646,48.01922238527257],[-69.44420678016893,47.98923170635024],[-69.54928719050652,47.87796739541789],[-69.55071961752041,47.84419469622576],[-69.64779718880258,47.73199818562925],[-69.70697910017728,47.69967158587986],[-69.77909309630036,47.620261894095286],[-69.85643970278251,47.58053149195486],[-69.89847099002695,47.529900592956615],[-69.93869989819736,47.52747800006189],[-70.03364798897624,47.468624298986796],[-70.05742828528653,47.4313697056358],[-70.05332209379608,47.376103802091635],[-70.11167518096724,47.33204940302639],[-70.19255968125312,47.30944610020465],[-70.23432779739882,47.2486951067306],[-70.31664210330545,47.161480694572965],[-70.45377720432063,47.06360789351937],[-70.47462150558401,47.02757649810015],[-70.5476705187563,46.98910229247969],[-70.61787551368523,46.98351900580583],[-70.71221379045133,46.935262583466304],[-70.79506130041115,46.91616908726957],[-70.84117908986549,46.88443719615206],[-70.92538141273158,46.8748801982988],[-70.98737308721344,46.83480640329742],[-71.16261220893522,46.83227970119323],[-71.20375550484805,46.77766869474695],[-71.25029808503,46.75232690061646],[-71.39833949766006,46.704388500118355],[-71.44846678568118,46.70218449307571],[-71.64311198895594,46.637320701567525],[-71.77758971401195,46.629933105633725],[-71.8642288923744,46.6657923891606],[-71.95840049292015,46.61087480618161],[-72.01237409358147,46.563939610533644],[-72.10628379655266,46.56065090844309],[-72.20688948190437,46.50668150666898],[-72.23528610805386,46.429507789487744],[-72.3317061002536,46.39650658946422],[-72.44745448918945,46.37619949787745],[-72.56038640661015,46.29530911308053],[-72.66788211457413,46.24070979680762],[-72.66835758660076,46.19377419460531],[-72.80213800241377,46.13871430181403],[-72.87293830338616,46.13057700318397],[-72.94113051368484,46.08524159794081],[-73.01693650693072,46.06218438686193],[-73.14109111475729,46.04685999255954],[-73.20347021092171,45.94892849478408],[-73.23046051566828,45.86510890015533],[-73.4325774890984,45.71492468547219],[-73.46204870514539,45.593435709249476],[-73.52323820593547,45.533285899211236],[-73.49107929928073,45.43147020419453],[-73.5269135121886,45.40044939821971],[-73.6850165919195,45.41434939142235],[-73.76195269834227,45.39965719158871],[-73.82122331660814,45.332510998271616],[-73.89157820301654,45.31682258812006],[-73.96348470950264,45.247478802550695],[-74.04931000536666,45.21466641152626],[-74.1576158007175,45.22435290525848],[-74.22298418567469,45.175534607460335],[-74.29473170200625,45.172969997356546],[-74.40606360797014,45.12709209060252],[-74.40683670330897,45.09885590029396],[-74.48409388574204,45.03698630347931],[-74.51266679753864,45.03929218844576],[-74.62535527017104,44.99942620457471],[-74.33085304587804,44.99183530900978],[-74.15005184263693,44.99114316673475],[-73.85833192671338,45.00176600995879],[-73.65154034928037,45.00264346521517],[-73.19079999364651,45.01415219332634],[-73.1485166992495,45.08411519186947],[-73.07700569961852,45.05759539849535],[-73.09080014326703,45.01532729022429],[-72.63461726255494,45.01472302207333],[-72.55540163827493,45.00806034695758],[-72.25537344448894,45.00442512560051],[-71.91409489684798,45.007668638294604],[-71.50528453221291,45.013399862423505],[-71.49609468662955,45.06442859945245],[-71.42964618099857,45.12238630637778],[-71.39745409586732,45.202988288514234],[-71.35930422869367,45.25049749716818],[-71.2856102957103,45.300547758573536],[-71.22999426987012,45.24946459041982],[-71.13323908523431,45.244491491470235],[-71.09756368165804,45.30183190624744],[-70.9536340419513,45.3389187726381],[-70.91890303497688,45.312538205205],[-70.89848283643373,45.24370951664685],[-70.81446414599695,45.29973962126422],[-70.8021287298381,45.36670736002631],[-70.82524714257214,45.40005699072418],[-70.75682077059945,45.42860350796254],[-70.73027579361604,45.39929004509688],[-70.63703240404404,45.38228111427357],[-70.62817208547584,45.42126787170153],[-70.71751212727739,45.48941935379126],[-70.68965399570817,45.56188634613553],[-70.64500932625886,45.60670466185981],[-70.46627485987455,45.70602489859252],[-70.40022357070578,45.71999543810782],[-70.38814654649117,45.75140403776807],[-70.41707897191371,45.7951413647995],[-70.34195260462496,45.85279117452356],[-70.28434840926658,45.87179097198825],[-70.24021456810429,45.93967365056751],[-70.31210761555776,45.96206316568851],[-70.31759532710312,46.019674396062264],[-70.29012582099429,46.093886235470706],[-70.23715008268472,46.14482510296677],[-70.29030221985427,46.18512629468709],[-70.20908428708421,46.32926419506641],[-70.14814878366565,46.35906230098671],[-70.08941231129259,46.41098641083847],[-70.05726379629684,46.415121989023355],[-69.99708279571743,46.695831403848324],[-69.73434626477673,46.958837119749575],[-69.2240215866807,47.45944995944786],[-69.17815050761614,47.45723010404335],[-69.03311328765449,47.405663887210935],[-69.05056980576961,47.373206903515836],[-69.05037781395048,47.30019816346965],[-68.79962823559441,47.348941930571385],[-68.56810700723031,47.427146239806476],[-68.3835493349052,47.553092289961945],[-68.38233418321057,47.91611694458255],[-68.12279292973592,47.916442194806784],[-68.1225919675492,47.999745807571536],[-67.59800572548315,47.99981590445288],[-67.60808306170725,47.9368060769919],[-67.51252741584386,47.913713052642734],[-67.38079918029922,47.854215092292954],[-67.33827197681501,47.88815737470928],[-67.2170506744609,47.877362083775964],[-67.13751563961011,47.89463572930415],[-67.05896192791164,47.93561522081635],[-66.97591365740358,47.89265922885871],[-66.9608708633886,47.94689358330541],[-66.92127085596367,47.984605090094306],[-66.85308608276506,48.00144983233871],[-66.75839977853362,48.0030438880968]]],[[[-74.38405536497288,45.56714922179836],[-74.30080670591802,45.522751598005684],[-74.1793148949453,45.528298892437675],[-74.11615491695625,45.46555080247641],[-74.0537157068501,45.45822190914198],[-73.89195730206127,45.53051008726064],[-73.88611021484604,45.56101649569065],[-73.84139470582204,45.58268289302246],[-73.72769611017408,45.682270514058416],[-73.68706830624774,45.69456370300734],[-73.5956026001102,45.69146461126945],[-73.55516828652632,45.70165908896718],[-73.5284827140701,45.7011199960247],[-73.47336098598441,45.71242209230138],[-73.36719569501774,45.818551486290445],[-73.2851293090272,45.8695347119805],[-73.19148220299589,45.98935939292343],[-73.17740068301991,46.07572450404494],[-73.15372060381911,46.105994710368186],[-73.06813770247155,46.151014602634966],[-72.99092250378064,46.168493595784305],[-72.98554021675452,46.20268660229632],[-72.9001164877204,46.23758469132036],[-72.72946628000554,46.29135520497491],[-72.6660329929491,46.277153291062845],[-72.57766259203294,46.30381720226033],[-72.46535669222023,46.39190090818333],[-72.33681312148721,46.44132809317211],[-72.26210908745824,46.45741330831215],[-72.21754830670858,46.54544329555998],[-72.14370321246963,46.57850078898196],[-72.04748789959669,46.585461611717626],[-71.92521050796432,46.65252539862568],[-71.8990562015134,46.68198869331644],[-71.84356491091026,46.692046403180385],[-71.78901858643499,46.669588490618594],[-71.6929156015638,46.667617096941335],[-71.61007998053064,46.697995800801415],[-71.34712110027392,46.74660409333399],[-71.29311721894067,46.74815159562112],[-71.24183610103674,46.77380269693154],[-71.14372399439424,46.885051906574276],[-71.0730847945985,46.920179792098835],[-70.95069708807561,47.0121458005138],[-70.88023250374995,47.04087388908237],[-70.8059064963104,47.04993969484957],[-70.71589211406011,47.10840249388329],[-70.58630382134704,47.25475479522285],[-70.55120529895767,47.33052779830796],[-70.50178780917192,47.37815249351124],[-70.5034326144654,47.418514906956446],[-70.23394689245244,47.487857289875336],[-70.2031948882604,47.52379888862479],[-70.19934391677968,47.579523192990486],[-70.12671829747781,47.65065010436878],[-69.97911698505175,47.7159723929998],[-69.95808680163599,47.75428340838217],[-69.90555170724498,47.77023220772242],[-69.86782390363287,47.85893550149649],[-69.80149937975231,47.91904070728099],[-69.76202450546724,48.004710500352346],[-69.7590223195545,48.06269669673872],[-69.56606031405504,48.227002909558394],[-69.42541661983412,48.300408700190424],[-69.40364709428543,48.35320578556218],[-69.32151490303255,48.413697408713524],[-69.29000210634683,48.45837650192367],[-69.2829673903165,48.5110878974255],[-69.23051088532446,48.57296599436538],[-69.15037440040273,48.56324950367526],[-69.08532051493391,48.63653309864871],[-69.08518339632033,48.691870200481716],[-69.05134840961102,48.77261780760858],[-68.97937739220176,48.770833403153404],[-68.93778958866372,48.818198603185685],[-68.85048988907461,48.83938199946624],[-68.78531137823687,48.892118203839416],[-68.69862822323094,48.90432049300058],[-68.63427608896843,48.94277919295068],[-68.63587680237374,49.004852604570424],[-68.60593221245556,49.04150269826777],[-68.52480419917184,49.07370930951962],[-68.4602286001275,49.04276209294423],[-68.3967390055634,49.04647448686338],[-68.30342588031621,49.09422179921773],[-68.19289459023966,49.09855330981457],[-68.18071310558557,49.151116800917016],[-68.25262508971738,49.18677649539405],[-68.14423448592618,49.203088290329326],[-68.12699510536241,49.271257394368845],[-67.89926637792873,49.29189040640619],[-67.82226881146163,49.26977531414228],[-67.7715508984513,49.29818700954843],[-67.67221429717745,49.30045499067912],[-67.59497558465766,49.32155059378116],[-67.4067371886801,49.317865192066286],[-67.36639480402002,49.327006791330454],[-67.3094739795309,49.388461805559196],[-67.30300288687292,49.418638092891214],[-67.23923351679497,49.45874320437413],[-67.23516269188242,49.5945327054624],[-67.16600580857303,49.67007509345113],[-67.16520587406269,49.77645490609587],[-67.0890124795342,49.84776560326303],[-67.02144848228897,49.841877505888036],[-66.97316181288495,49.95300190729879],[-66.93332778526509,49.99859870598988],[-66.83473820203288,50.02576889854529],[-66.74038769505442,50.0382813043845],[-66.69979320257082,50.10863580277817],[-66.51523189934879,50.16030230000516],[-66.52866129400402,50.23035858637195],[-66.45428018619113,50.26983180631729],[-66.41441549376513,50.26595969158681],[-66.36789970864716,50.187884905236146],[-66.26100592467762,50.21215879393453],[-66.15074007866346,50.1896025997885],[-66.11354000399584,50.212902111445466],[-66.05228872339131,50.20935859545738],[-65.99322859742976,50.27248740186054],[-65.91501789424234,50.284444501904716],[-65.8191980814368,50.25031649564625],[-65.5657785916435,50.27164569889937],[-65.3503944094845,50.30390991348069],[-65.2426121123167,50.30228369075248],[-65.18565907765613,50.28551460122713],[-65.02339280399892,50.28105391166905],[-64.95873361683446,50.263219205783486],[-64.54243320552852,50.28430130543547],[-64.48482130389037,50.31554239205306],[-64.42232110842531,50.31691999765643],[-64.3405142974299,50.28317458527699],[-64.16609549890771,50.25552590269053],[-64.08611639937098,50.29133138624246],[-63.816609887148566,50.30246709041273],[-63.7866690142774,50.28360389686607],[-63.70224990361452,50.283702589036864],[-63.687849189057154,50.25174730004963],[-63.60748847958799,50.236502301427635],[-63.52609268888327,50.2573736008513],[-63.40060790424866,50.20156020076564],[-63.364337321447195,50.234146496143765],[-63.292348212266276,50.22442940100277],[-63.17316140718502,50.24115711438214],[-63.163400993244466,50.2868473991697],[-63.068576710540974,50.27605250920151],[-63.01207028895528,50.308620108024485],[-62.945535903730025,50.27459198776806],[-62.74116190428837,50.27732289565522],[-62.46090349536489,50.25304019723692],[-62.399192789059114,50.28538069612591],[-62.22422750985256,50.23414851222539],[-62.15294118969441,50.23570369333999],[-61.99869691040495,50.2124619125695],[-61.96568552342069,50.231048597507105],[-61.871415080139904,50.22267590324595],[-61.805287487333494,50.15755720763981],[-61.80951729003484,50.129880200783624],[-61.73374340110184,50.08547908681715],[-61.664898002527835,50.099030095890306],[-61.41733170799839,50.1736723080062],[-61.257421502417486,50.196807296544584],[-61.13314980353529,50.18112450261103],[-61.087458299054326,50.24160709660755],[-61.00441181454449,50.2058668068277],[-60.88600859343502,50.21108270632972],[-60.849408876494834,50.23092470090704],[-60.79163199213763,50.20349650709069],[-60.76202339238517,50.23582419425358],[-60.67954338192997,50.21197500482813],[-60.55466770248608,50.208103993816955],[-60.479691087295805,50.24133979186078],[-60.43950840898707,50.22876980272695],[-60.30671431321948,50.2423805936509],[-60.24910911411219,50.225059791867565],[-60.21257479280575,50.27123598560634],[-60.151154907655645,50.21563769748963],[-60.01533377692645,50.26151970270735],[-59.92577151931707,50.27472829105042],[-59.853314812787225,50.31411359023885],[-59.883112292336016,50.37268290682544],[-59.73678168995399,50.450818407367166],[-59.58031599398913,50.47484450195663],[-59.560398792310615,50.522256805318285],[-59.47570988407271,50.57624949973855],[-59.45162350806713,50.62321820218619],[-59.332727686373715,50.66195188894982],[-59.31137399686397,50.69751598355835],[-59.256204883736984,50.71035659176552],[-59.12755879699212,50.792257490247145],[-59.03695869786647,50.74572669539592],[-58.96032660202927,50.819153612587066],[-58.985097113127644,50.85530140294312],[-58.9513234892983,50.87892798935934],[-58.96986381031336,50.95340889321126],[-58.94077759115853,51.04120938579273],[-58.89559460217665,50.98492389550844],[-58.82332350053036,51.03742201012961],[-58.846184009125,51.066681207360915],[-58.73855110738244,51.09176189410671],[-58.63107228288176,51.14172540569731],[-58.59208138771608,51.231747608816576],[-58.48772518345517,51.300291304052465],[-58.333546287323344,51.27616309087444],[-58.2605566949789,51.2918938100258],[-58.23238932239574,51.263911800475576],[-58.033953695324236,51.30370659605731],[-57.89102960293771,51.368924805140885],[-57.86221670914287,51.3971237978342],[-57.7780149862767,51.40851929721611],[-57.74643949753778,51.46249008632094],[-57.64733140238334,51.42767870587335],[-57.52251629378521,51.443730292348704],[-57.49642840748579,51.464428315285566],[-57.25889571182646,51.49883180818028],[-57.2075743076669,51.41136600108088],[-57.10854297508447,51.4156349019791],[-57.105486400084814,51.65645137223018],[-57.10775937302653,51.99849477110782],[-57.96473498778437,51.99644928338521],[-59.03440954986023,51.996981120695516],[-60.201707304927524,51.99723227884213],[-61.12988609220393,51.99624936949322],[-61.80652165858114,51.995808708099396],[-62.84418228921095,51.99695712266391],[-63.80146264007738,51.99784367602029],[-63.841138362287026,52.056498274560596],[-63.70799419081444,52.09333439853794],[-63.6907707086418,52.12302059756724],[-63.771677887730526,52.282775402710115],[-63.76811901579947,52.32788740582927],[-63.861039004577144,52.31905299195999],[-64.01456000775413,52.363727093224476],[-64.0259201317888,52.405781067858484],[-64.08970026738562,52.44592801519979],[-64.0876772339689,52.50651419282402],[-64.01573751885846,52.5771431352277],[-63.850401712289944,52.62584990762855],[-63.71645749677328,52.6309335065065],[-63.5972733945656,52.64794530507377],[-63.44416290522647,52.64469539413101],[-63.380686135727295,52.66517594433767],[-63.459324988803424,52.71791360973031],[-63.526349961148654,52.72537495261298],[-63.57586122238471,52.7609640593984],[-63.59974758284214,52.82431890829478],[-63.71953941973379,52.79896928229944],[-63.81897527219238,52.7585304813811],[-63.87294126566896,52.77396224550169],[-63.937417232989795,52.73102429407923],[-64.03727482876485,52.738244709499725],[-64.13738239377409,52.729235080560436],[-64.15455037296262,52.603432573168746],[-64.21112116115962,52.57360150214531],[-64.15194855237867,52.51992314422104],[-64.10922908846793,52.39405671795699],[-64.16742499446804,52.3615415800001],[-64.18005280912404,52.30641337479562],[-64.22558327050952,52.30250422199113],[-64.20069285933124,52.17701634808122],[-64.16079744789057,52.14601072803858],[-64.25385294113427,52.121483271322916],[-64.27937834984333,52.037560545670395],[-64.23395175106799,51.990904412373496],[-64.34169224167768,51.98590031528569],[-64.35270342515058,51.849275942473206],[-64.30245518757613,51.8036436155518],[-64.27828931705315,51.746378548894555],[-64.33712520635058,51.66529480197982],[-64.41733164065795,51.67495526974499],[-64.45663670020923,51.62681936773461],[-64.55435579303524,51.57580471165049],[-64.65354781586642,51.701533640297896],[-64.77309872743442,51.753135225082595],[-64.92467534496275,51.77785845882876],[-64.93070578649217,51.71426156427444],[-65.04921692255968,51.76964739820456],[-65.08258584571358,51.74619863812037],[-65.18606374724534,51.77560635869889],[-65.21018477621415,51.812928233891995],[-65.3975699705507,51.89084734860462],[-65.35477939591082,51.94273797338641],[-65.41229096162812,51.971311258936225],[-65.53066908843618,52.07080016113589],[-65.54844953117714,52.0389336097207],[-65.67991005155935,52.04150752952787],[-65.64856187220113,52.08092072973256],[-65.68656646290691,52.10375477817774],[-65.8769889984293,52.110405411756055],[-65.95478012925317,52.0998788385193],[-65.97040149108904,52.05650258191907],[-66.09636477143799,52.107808372161706],[-66.07716232326356,52.162262732513575],[-66.16002166188565,52.231653248441916],[-66.20835924411443,52.234093129464355],[-66.24964732384427,52.27398367878305],[-66.31256915131024,52.28551795314289],[-66.26411703867227,52.16518140764675],[-66.33011323811255,52.135934659862016],[-66.490517254524,52.34163746277943],[-66.37018806908631,52.35394067639671],[-66.34171210641925,52.39721029641886],[-66.3908067153063,52.46593752919585],[-66.35558376464459,52.47322058085844],[-66.37467289157588,52.572750996246754],[-66.44027591727198,52.636400426381],[-66.38865738287349,52.68228420089431],[-66.30930252235642,52.60459012162684],[-66.27738007263073,52.634449744414624],[-66.33877266814754,52.68461678293071],[-66.30833176111877,52.72859107462417],[-66.35417960033894,52.80255854760868],[-66.41388278172144,52.848673944545126],[-66.37942045284989,52.87746819382016],[-66.29462932391655,52.860120140980854],[-66.26085965710789,52.874311881485994],[-66.32195414162356,52.93893308962315],[-66.36077104399035,53.014390366065875],[-66.43183464116751,53.04820259590483],[-66.50700827762408,52.950123042565565],[-66.57699597268972,52.936786870959104],[-66.62555377300109,52.95424326297528],[-66.66369843112686,52.88546428308094],[-66.6460623787694,52.788923467315264],[-66.75374631367237,52.7514881015793],[-66.77212673750859,52.69620359776043],[-66.8537000064893,52.72114481743216],[-66.89446011479117,52.6766617052933],[-66.9492652416089,52.75958268545501],[-67.03430408222634,52.747015631036774],[-67.0670067430582,52.775116248014484],[-67.04767168770934,52.837240206554],[-67.0742522290774,52.8754518088747],[-67.22747230011214,52.84177083297917],[-67.26853269607506,52.87771071402028],[-67.31682445995878,52.87544767915729],[-67.3557429004979,52.928627776627444],[-67.33266569926167,52.95981815403835],[-67.38078607912082,53.04625595871639],[-67.39233682881711,53.120855037052124],[-67.28721460264697,53.143921347402575],[-67.15422798034209,53.147225479978225],[-67.0416076097505,53.076072140466174],[-66.98442990896541,53.0879093002235],[-67.00613301330031,53.16847525519697],[-66.97806167144282,53.21326331213169],[-66.95841549869498,53.30645033447249],[-67.02705061694586,53.33464612674629],[-66.96610332272266,53.36462176109501],[-66.9244478602815,53.41866087699662],[-66.94452408696193,53.476053398182046],[-66.99629644456509,53.4846175177956],[-67.03030823871111,53.526737052800016],[-67.15768545007103,53.537633609041066],[-67.2187690594473,53.530340335188306],[-67.25740588112616,53.55738857481782],[-67.3947309229372,53.614654306131875],[-67.39684971288088,53.682879300543846],[-67.50631906432262,53.71906153276434],[-67.50000001395144,53.75726735018599],[-67.59221902859267,53.75749782307819],[-67.49960831515851,53.82685640376814],[-67.57148974325086,53.84556676129142],[-67.69983932893398,53.97660448226315],[-67.82168528783716,54.02570234616541],[-67.76183525767149,54.08604609211911],[-67.81025241624559,54.12813290873359],[-67.76503657165446,54.157000191873024],[-67.67532197374621,54.15876122099198],[-67.62830265204519,54.21275146445889],[-67.6773303985213,54.241680311838834],[-67.67636616713064,54.318524301813696],[-67.74803672392058,54.350260854735275],[-67.72469836607272,54.38685578639757],[-67.77639035065485,54.43527984807117],[-67.66781166996971,54.45384196291199],[-67.58165785494276,54.494108526966585],[-67.50040551931595,54.48150655308848],[-67.47311297794546,54.52010192146164],[-67.52688242248279,54.57095109601388],[-67.42902526183448,54.56923438471434],[-67.34923525257977,54.51699195129938],[-67.24494465165402,54.500033909070424],[-67.2778218103345,54.54870729130431],[-67.23117571894657,54.587566925329575],[-67.13855100997505,54.62453865894296],[-67.12900346539969,54.65771941771973],[-67.06290081383625,54.69293310928887],[-67.21341853149072,54.792748813360454],[-67.3997556735087,54.95785895772487],[-67.44587182125615,55.008503827248106],[-67.46370387188513,55.06285691634416],[-67.40963252886479,55.088633236541135],[-67.3228378675449,55.08906531354925],[-67.24373025697305,55.059635448814156],[-67.25748460893826,55.02127419434313],[-67.05651050443002,54.89493770818367],[-67.03985465863325,54.86808149337686],[-66.9478466706573,54.822310512761355],[-66.87566332704104,54.81600960732942],[-66.81271745032228,54.779397239969185],[-66.7180945295466,54.7607822635955],[-66.65942839757625,54.770217773647744],[-66.60265109790276,54.813506309815814],[-66.68140817898811,54.92366778410438],[-66.74222369831433,54.969480208716234],[-66.68601355335636,55.000053790921456],[-66.73503765266271,55.044052675736225],[-66.75494165324709,55.113571289171034],[-66.74890041761888,55.21569894170714],[-66.70723085962825,55.22712308681151],[-66.82372582244592,55.30696976374922],[-66.77846228213846,55.35238815066653],[-66.6969401825879,55.30532309122296],[-66.66977348310908,55.269444730716664],[-66.6027926279335,55.268981382467274],[-66.49533797570756,55.205106901559624],[-66.46642624676335,55.16026240786191],[-66.35499499954712,55.08320920244452],[-66.26028384134506,55.00018264607144],[-66.14358133203663,54.982298787688435],[-66.06449035563683,54.92906844130081],[-66.0233958875784,54.94195334217528],[-65.84984542374205,54.92721087551539],[-65.83831487531373,54.836527530358964],[-65.77742521960042,54.80280964812],[-65.69011531218322,54.711527016453694],[-65.59255370118129,54.74303600820151],[-65.4555303192738,54.72858324513833],[-65.43461979700547,54.78418346205378],[-65.48665520479906,54.82006872612129],[-65.45633571470373,54.849242332854196],[-65.3558396519565,54.8187614005234],[-65.32569525615524,54.848678011865026],[-65.20962312342736,54.84795777853162],[-65.17289287484533,54.93360432045587],[-65.1264493458109,54.96147803589444],[-65.00956061616117,54.930964232645564],[-64.97190055880166,54.937395575316586],[-64.74787483144868,54.813994294434856],[-64.77808689303954,54.73346877362668],[-64.67996837457085,54.73571255205684],[-64.5568824726058,54.71366228136659],[-64.48606927192374,54.79343557090001],[-64.39747458248125,54.79049295214166],[-64.2945278471342,54.753273762394805],[-64.14184981278441,54.66695739894683],[-64.05427717774674,54.600908292009635],[-63.97442253623767,54.62012023538392],[-63.91143915535153,54.604248672376826],[-63.813377233290026,54.65078580214048],[-63.74275793200023,54.626399289256504],[-63.802959712644196,54.72564206588213],[-63.88974123488427,54.76835877319335],[-63.90366439109225,54.8010780140978],[-63.817161538485294,54.816921864181424],[-63.84903211346948,54.862611283811454],[-63.820518333412025,54.94795810262246],[-63.75190029630165,54.94230884124769],[-63.66128281597723,54.89995248827897],[-63.604529659059,54.926251537419866],[-63.5575345195891,54.98993784907844],[-63.55639199955408,55.0344439118576],[-63.6113668648729,55.09080377555252],[-63.541549972798165,55.16009783880127],[-63.562918355717166,55.187616378369434],[-63.43187119056684,55.21134265553339],[-63.462635608228915,55.25526469408065],[-63.54741047274326,55.22546900280555],[-63.679475057745584,55.26688687858651],[-63.54206390302313,55.30966719394926],[-63.55192238432154,55.34488735558102],[-63.442249580073565,55.3440597306336],[-63.32484869471232,55.366046934579686],[-63.31978689370605,55.41180634521606],[-63.39303829326324,55.40478095938494],[-63.47856669858362,55.42920555834556],[-63.66539705173987,55.423050567059576],[-63.7367067078295,55.4382392864914],[-63.77547135873151,55.48170900854398],[-63.691482710595274,55.50871130632413],[-63.66547280641559,55.545987582797004],[-63.715982406032175,55.65767367543864],[-63.72513866035261,55.72663791416979],[-63.674200580504454,55.75932511027675],[-63.77702275380435,55.801478760280155],[-63.77361258117025,55.85605402433141],[-63.84509869500487,55.87907340510645],[-63.792582799435856,55.93146170618771],[-63.73394189701059,55.928018481211105],[-63.495771826637636,56.04001295678505],[-63.63672129297576,56.023522706647356],[-63.7312628053571,56.070152374604326],[-63.811050638184305,56.08463485912544],[-63.883694707046374,56.13703238623363],[-63.95308818710666,56.088227135284065],[-64.00213330872567,56.10273030724322],[-64.03596331636508,56.15488104129005],[-63.862933859589205,56.21258888190057],[-63.96710988016478,56.25639668296741],[-64.09049584957528,56.27989780426957],[-64.14343811378845,56.31196638975456],[-64.09935213338552,56.35191260354848],[-64.15274016987475,56.441112115895194],[-63.99301597801737,56.408211267669564],[-63.87291654312885,56.44897044110451],[-63.930632407097825,56.466207039565234],[-63.931062987395116,56.53375754935282],[-64.05046139806541,56.60634805647873],[-64.14531439704675,56.699754842161674],[-64.0789073395068,56.767003172283886],[-64.01275954499667,56.77867686156964],[-64.01297796071799,56.84984641745916],[-63.86739598819575,56.88337611079523],[-63.90809982896801,56.92752110326075],[-63.890083399987105,57.08608305827391],[-63.82014840874263,57.07549891031786],[-63.76488551051016,57.139925626304986],[-63.77098500023759,57.19601831201832],[-63.74146685661865,57.24076556847333],[-63.88337348279587,57.27762095872793],[-63.8558207767734,57.3343012153541],[-63.70130115943708,57.36833358111981],[-63.71030551023812,57.42263000297795],[-63.76126085945224,57.439331667754324],[-63.775221383538046,57.493572793897506],[-63.7511686063813,57.53574357160712],[-63.771915905788845,57.59244977074562],[-63.64995148741668,57.62006388937274],[-63.59872732435334,57.663840479554906],[-63.59677043641648,57.741247649493175],[-63.73529089840828,57.66280188019248],[-63.84747641907514,57.719022896915945],[-63.88342166302708,57.71260734436652],[-63.938596251969365,57.788551008127236],[-63.99724891398008,57.81207869020622],[-64.0720012898919,57.77002034236651],[-64.11667541154297,57.81113939766333],[-64.20466183561564,57.973629708588035],[-64.25096032508513,58.038718517532324],[-64.32050780215712,58.061487992308905],[-64.43309144126563,58.06990809208814],[-64.42173251779283,58.18667366547527],[-64.37356281601824,58.20838059593819],[-64.2475038210887,58.22742144140328],[-64.21777697694851,58.24773219887706],[-64.1722226707748,58.36187326627799],[-64.02253893429672,58.371019214747584],[-63.98657855132683,58.444357917491025],[-63.88111327541047,58.42943966042053],[-63.80785005026218,58.48974610198626],[-63.85869189961322,58.50451440696383],[-63.8581940632493,58.563797645892095],[-63.90736607221556,58.573492087107766],[-63.97357898669371,58.5296360838651],[-64.04693980752263,58.53507082876411],[-64.10494346753934,58.56323000764648],[-64.10792673389919,58.63965068628652],[-64.04722219126617,58.702628470469975],[-63.950253770061344,58.68524732825852],[-63.75437387348044,58.71673706044477],[-63.61928353160698,58.723860621450214],[-63.50679394948564,58.74257462781697],[-63.49215735582833,58.76854521262184],[-63.550785079865854,58.836550115192196],[-63.59534114419343,58.85717575946993],[-63.77768332719769,58.88405875868581],[-63.81213795872447,58.847062793496],[-64.04533757307192,58.81035037223553],[-64.06970878391,58.769086194356284],[-64.13779286316347,58.74616687480794],[-64.17878497502736,58.78903958947179],[-64.22970456845457,58.78364847472232],[-64.23365670918045,58.86411334399771],[-64.33254016408814,58.9045627597216],[-64.45580099018336,58.90821667067834],[-64.55018251993614,58.88745542874673],[-64.65165020089819,58.94375204102993],[-64.73066993038692,58.95078403579612],[-64.82071351239543,58.916892718893905],[-64.8650159022635,59.01540497253632],[-64.77923880788643,59.074957440196094],[-64.6832569310315,59.0746953877654],[-64.67027521119944,59.03861442859444],[-64.57061953984989,59.027274786820286],[-64.46030109111973,58.98151425242382],[-64.38770532322951,59.006183813497344],[-64.26179115451937,59.01295656470148],[-64.31517598856897,59.06562976234342],[-64.49030914093473,59.099075067690265],[-64.4727146984296,59.18039119807664],[-64.52184746056346,59.196741120029635],[-64.4886034688822,59.25711006884373],[-64.54353627482566,59.310435057963126],[-64.49330274791707,59.34957614213592],[-64.53833896675869,59.37078193308916],[-64.51159836477494,59.42297985196904],[-64.324069310403,59.51277412638216],[-64.43376621240262,59.54197359688704],[-64.58967262503569,59.466182660293285],[-64.67983493043523,59.44690514256316],[-64.76414507291796,59.514868003529664],[-64.83962958358495,59.55334198672693],[-64.89825949014163,59.64178327648415],[-64.76048544967266,59.70655815773226],[-64.82522452920857,59.825607977848854],[-64.74152160062879,59.88929893691844],[-64.64097704952616,59.90744806164268],[-64.66223046203247,59.95255396330577],[-64.84022843760667,59.97031907617315],[-64.89587553674868,60.06620929244949],[-64.74271398675766,60.056131129490836],[-64.7079868474217,60.08460914382417],[-64.59371586445893,60.11703127236768],[-64.60247105314727,60.1670146209169],[-64.74556250617444,60.16862804540541],[-64.7498795730133,60.188155582966175],[-64.86394126676407,60.228196802298385],[-64.85377782467194,60.26941146105294],[-64.72342587286425,60.29147830070167],[-64.52352899709553,60.30058928726621],[-64.67369062484347,60.350648901582865],[-64.94243820656959,60.26991620235204],[-64.96507862802495,60.18421890011903],[-65.07231860209356,60.09249988948828],[-65.01147029232082,60.04661888437828],[-65.12448870474599,60.03601718930939],[-65.11673823263955,59.971693793485514],[-65.20697338421253,59.91319158951027],[-65.2256306784585,59.835463002963564],[-65.31007320928478,59.85387009384616],[-65.46753991349571,59.783322309566145],[-65.53458530711028,59.70695799841335],[-65.5226317771099,59.666594296354866],[-65.43107860966552,59.585325102964255],[-65.3803052933825,59.49764370883436],[-65.4430344785044,59.47853810423522],[-65.4286624068994,59.36959930745712],[-65.57134918898089,59.37661688633467],[-65.54352999847494,59.300452601293145],[-65.59137040126954,59.24160770224449],[-65.69865580600151,59.27549349835856],[-65.73650530843283,59.262589394122834],[-65.70038510143868,59.208933994176],[-65.72020191216488,59.15681481506246],[-65.65218540452521,59.111907495356014],[-65.63163941187031,59.07050831432591],[-65.74083839883467,59.039100502880814],[-65.76664122574331,59.00015609084221],[-65.85782657882201,58.94535080298957],[-65.99745709446873,58.90668790669434],[-65.92980518111057,58.88087289951156],[-65.80089818017413,58.857302508254705],[-65.85037667554963,58.824315798328875],[-65.97537189549976,58.86031890099442],[-66.02379192836929,58.852388694873405],[-66.10243947348468,58.77408050379749],[-66.03257601486676,58.76404061401972],[-66.03747299597231,58.69253329501538],[-66.11254950455074,58.701623608344505],[-66.24002230255799,58.79982388910309],[-66.35587459726031,58.85069150461951],[-66.4444657088336,58.809226896312815],[-66.49368430904076,58.71993441167714],[-66.57641628854465,58.66977788366034],[-66.62004991058194,58.56950840979397],[-66.65966962455317,58.547458202090674],[-66.62226028784373,58.502391199128205],[-66.67528000493922,58.489064707348874],[-66.74646868374964,58.50750990337418],[-66.81183498904653,58.44788200913628],[-66.88897039406838,58.441999809393884],[-66.90236252593316,58.49794790069737],[-66.97340701209713,58.47854711082302],[-67.06084231459063,58.38510500904962],[-67.19813821742736,58.364699689876836],[-67.2180514775013,58.33989160711841],[-67.32478771182954,58.32444729682494],[-67.39620741298546,58.26401940568517],[-67.45606601320203,58.29016928903473],[-67.58095421054998,58.22137988943742],[-67.66094960710498,58.12009731027695],[-67.71180991413858,58.132823798545274],[-67.6989972883703,58.1815224934122],[-67.64355159131524,58.25844199631346],[-67.75009050116407,58.31367259182872],[-67.70562889114882,58.407300285861695],[-67.72578870102048,58.4518717074817],[-67.77711970032168,58.469354002796],[-67.83831630481916,58.39018970780746],[-67.92129101022924,58.371697498774736],[-67.9517485790061,58.43246449754048],[-67.90251519473797,58.492877302210644],[-67.96115840888788,58.52000440595383],[-68.2485579051422,58.528647410617374],[-68.28527297842253,58.588006299555566],[-68.3437043914666,58.59917958987769],[-68.33037587435429,58.681656807529535],[-68.37914100311446,58.71136668632929],[-68.34833120172513,58.76893710471398],[-68.39369930494776,58.81789678979489],[-68.49778059975945,58.834735294968304],[-68.60195281414286,58.90138410326912],[-68.71297891909053,58.89392150467485],[-68.75871178155768,58.916762102580606],[-68.88654212279445,58.88086550395847],[-69.14139847746446,58.90406389342962],[-69.23226781664314,58.90349880357874],[-69.2847755153772,58.879796695157175],[-69.38599868445363,58.873185893364095],[-69.40243967283743,58.832514000111075],[-69.49316539494905,58.78066108441112],[-69.61304658783543,58.76490510031897],[-69.65268311985506,58.69258119055035],[-69.72441339080419,58.6794593092758],[-69.80200382862485,58.59263219443412],[-69.85827318228883,58.61825669484352],[-69.81541940096251,58.717571389694015],[-69.8846823169425,58.69107619405137],[-69.92758130381726,58.71060810887574],[-69.94512478717694,58.77229389980635],[-70.01567088313779,58.73355230100385],[-70.06787188305735,58.76781969493587],[-70.02999170922077,58.81004538898762],[-69.97096417705487,58.80739960078905],[-69.88459439514193,58.83408681239677],[-69.78617739153081,58.831842185907846],[-69.81103982495108,58.9566902002234],[-69.71078398678478,58.98390469897882],[-69.7016568088115,58.92868730863023],[-69.65664999155845,58.90204010011184],[-69.69668210160135,58.868988789916635],[-69.6604360052946,58.79764458903304],[-69.5463976895461,58.80952488720777],[-69.52041448741664,58.8603969879773],[-69.43771058117878,58.90555100170605],[-69.46713199626292,58.95395429287252],[-69.46959791017493,59.019199707997394],[-69.34685077039447,59.09174250503807],[-69.37338677756377,59.12435840334589],[-69.52751481254377,59.13957701244147],[-69.48208598148257,59.213778205722406],[-69.41323479560167,59.19615040666024],[-69.24973790914524,59.22353939384604],[-69.23645481905875,59.30558711046334],[-69.31356140172488,59.30632530063611],[-69.34935822474544,59.34038319808065],[-69.45235741642495,59.36007730514726],[-69.59953389533257,59.317440404761754],[-69.69570701654104,59.30638000057436],[-69.7272127877477,59.34646670913027],[-69.62582427845189,59.36217059886059],[-69.65786641198756,59.46319509499056],[-69.74675861968764,59.50899679490436],[-69.63804129078582,59.58779609076376],[-69.55639652539804,59.594588497438934],[-69.50409868322566,59.636113308223486],[-69.50437761310995,59.675712797874475],[-69.60000748537146,59.68229340336561],[-69.63618161170754,59.70920829927388],[-69.55813197577247,59.737530603818435],[-69.60459750513,59.79182430367327],[-69.58508038936881,59.87870070234465],[-69.72293260605788,59.89596600181957],[-69.71551661212997,59.96530300074166],[-69.77584530779802,60.01455371428268],[-69.83801122323523,60.023532590785386],[-69.83062776940125,60.06321170616969],[-69.61750650041782,60.07194460916875],[-69.63497399572096,60.1421768992294],[-69.59177209636398,60.210672991818704],[-69.70107712198867,60.298173801753464],[-69.68169161971718,60.35394240524087],[-69.71832097597898,60.406891402579106],[-69.71065440949691,60.45853368877529],[-69.78435362182185,60.487882101202665],[-69.77841428206158,60.54463779555008],[-69.70115407914474,60.541901292745095],[-69.63001909033407,60.5909500973153],[-69.68623908303182,60.64489460362487],[-69.69807539592456,60.69565679600003],[-69.42337700658754,60.7819275916624],[-69.37242831063705,60.91311869035156],[-69.44607757135881,60.9580890082578],[-69.50372891321878,61.06811809104483],[-69.61138749758044,61.07939068516641],[-69.68242832508513,60.98365369404258],[-69.63058819096737,60.912912987771215],[-69.6484850184226,60.874456604724756],[-69.82720730620423,60.881414206745326],[-69.8426159797212,60.8440707958179],[-69.91292591818572,60.803315407637236],[-69.98715517198157,60.8440455018093],[-70.06034608125407,60.841083592369046],[-70.0941058927807,60.928029094283275],[-70.08656319801628,60.96178160146114],[-70.15266912101151,61.00603959823261],[-70.10502608166668,61.0668462090108],[-70.12873371427266,61.0888204947874],[-70.23620440724008,61.07005078857642],[-70.32514131638112,61.08971641071231],[-70.37522469680087,61.06232059323523],[-70.4895753984237,61.06940818481266],[-70.52936177961858,61.01855459478304],[-70.59376839325905,61.01497180248543],[-70.64390559063874,61.05423869579947],[-70.73222088146134,61.08429119846414],[-70.93062962377027,61.07371300373761],[-70.93463158948286,61.11550450878741],[-71.03939309778636,61.135328392464515],[-71.14699218655606,61.133757896943116],[-71.218078113384,61.16256470648681],[-71.31182972062135,61.153157997867545],[-71.44404859016437,61.17089119625271],[-71.4329163902788,61.21317178655518],[-71.61920018551602,61.211814701684766],[-71.57274369313815,61.24854769182262],[-71.71308778091375,61.27989118836707],[-71.69862321110764,61.35019808836122],[-71.66093158537079,61.404615798675636],[-71.85673309617036,61.4440843977746],[-71.73273881800927,61.47262070026613],[-71.80499977628348,61.496117309266644],[-71.77018438755032,61.54220410635136],[-71.60569660711947,61.5528521080288],[-71.52410801616941,61.578537805209976],[-71.54758589118768,61.614713899485665],[-71.80999420870455,61.69503991228409],[-71.98054202019985,61.67845801196903],[-72.00605459644554,61.723844290035125],[-72.14498719466731,61.79921420582886],[-72.21338858108409,61.87589410398209],[-72.39335983212656,61.89770569418809],[-72.58994819553293,61.967558395072636],[-72.5875206018715,62.04366598771939],[-72.61533321489483,62.112833412675286],[-72.75137480154883,62.14392570027308],[-72.86688061316305,62.10897371418709],[-72.90787409782949,62.15828910313962],[-73.0171837212702,62.18354440583504],[-73.18676080559682,62.26958939825517],[-73.19211931962647,62.31512019488986],[-73.31341509230757,62.32870070449749],[-73.3827002793873,62.373470692902494],[-73.59677910392118,62.41523381236677],[-73.67107188571201,62.48005200909859],[-73.83059267601007,62.45872789995143],[-73.9000602053637,62.43540550730369],[-74.01177072187743,62.36418230547894],[-74.2669849286005,62.31464079213865],[-74.28377118735952,62.28266870835121],[-74.40862111489061,62.244566413846684],[-74.51238969758147,62.24302869825242],[-74.60571728228584,62.259319203418364],[-74.70597399112289,62.25527259187863],[-74.74819957700518,62.20920489815232],[-74.66377771831795,62.156603089685525],[-74.6939517088036,62.141759310602446],[-74.91522171378378,62.25319671056035],[-75.27428158762324,62.29740089907962],[-75.34684987836117,62.31711819840147],[-75.45281068433677,62.30371020960123],[-75.52417528445125,62.2532483874151],[-75.62917432414454,62.22999920269183],[-75.62254441389346,62.287389013214145],[-75.7788206221743,62.30234769291202],[-75.94832397202914,62.35258060688774],[-76.18891537019599,62.384061602316486],[-76.2813360746862,62.413286902788144],[-76.48224567884755,62.44606589014688],[-76.63945818438062,62.45814249817484],[-76.63540758198835,62.47729088710389],[-76.79696091465783,62.52241290395081],[-76.9242954943457,62.53768160571036],[-77.03324320600254,62.53117420615918],[-77.32838389170212,62.54777649326633],[-77.42254571644244,62.58053279054422],[-77.68901978373515,62.50333768493366],[-77.72214730770213,62.46855290842183],[-77.83995611691269,62.43136590990033],[-77.91270560841491,62.4297393020067],[-78.01027452720038,62.366921103362266],[-78.09114128854387,62.360998794915496],[-78.17098819592238,62.27370271087907],[-78.15176280633092,62.210022509937055],[-78.17542618580364,62.18692289714402],[-78.15367528323232,62.116450408919],[-78.14572098423554,61.99188018876237],[-78.07520048894162,61.91687040818444],[-78.09395309126468,61.88436110973133],[-78.03210927912625,61.790336387666095],[-78.02169640655049,61.7278333050224],[-77.93980752084038,61.67927240655502],[-77.7892055127568,61.684670003361],[-77.72944018589942,61.59406930366428],[-77.64479572618698,61.57193239851112],[-77.67002690308404,61.514621311419624],[-77.58695938553211,61.48515240964837],[-77.62564291171314,61.45893199204489],[-77.81888788219976,61.44279090378112],[-77.76415627219036,61.379033204809694],[-77.77045138791817,61.2818513050617],[-77.74356640092786,61.25940949601051],[-77.75681912414939,61.192294300632156],[-77.82473598602,61.14714468557177],[-77.82915591670395,61.050418709758695],[-77.91269597304697,61.03336170198816],[-78.04488461536957,60.94138770208666],[-78.19143788776621,60.86046988540829],[-78.1788844073041,60.792922792552694],[-78.0509043038433,60.797120288348],[-77.85451741098957,60.76521231123017],[-77.70694310057988,60.77995629753679],[-77.63392837130966,60.76466360752389],[-77.70801548778874,60.69008200566122],[-77.83452657812764,60.657420599498536],[-77.80490411704831,60.60481230579943],[-77.67605198365779,60.542240906729894],[-77.58806391637175,60.562210501621394],[-77.58463737665966,60.50182619826986],[-77.69799829775863,60.45923289705425],[-77.70109380813352,60.430090987192166],[-77.7745144120881,60.39463801351676],[-77.70800151160098,60.361457813339264],[-77.65268931373645,60.36546081124876],[-77.54214460813158,60.28313869375634],[-77.49824721848674,60.19703670150554],[-77.55889829659858,60.17207949381565],[-77.54872410312595,60.12222078729896],[-77.60975039605708,60.09272549580065],[-77.57162820998504,60.04193951331597],[-77.44198298585157,60.047515094287284],[-77.28344398583071,59.99015309062852],[-77.44840268851489,59.9039327020896],[-77.38653080606494,59.89350230781205],[-77.32357259582824,59.804325401830674],[-77.46551681586588,59.77843770335759],[-77.51952379778277,59.70490640423978],[-77.50000001552998,59.63680000288224],[-77.6399143989238,59.67382400279677],[-77.81934342364525,59.680210598091556],[-77.75390830741541,59.615874305990275],[-77.75269668434275,59.52797238823739],[-77.89394321637042,59.502556000820626],[-77.8636489111208,59.42390859428163],[-77.75690012759776,59.42144988950617],[-77.70114900466574,59.38575729422849],[-77.78965687787063,59.35727039855489],[-77.85769871221288,59.28423610096892],[-77.99458687759414,59.25435520040822],[-78.12989258984423,59.197342903346566],[-78.12414037922855,59.09432280696141],[-78.22113342438955,59.0816887011476],[-78.23283909784377,59.04761219589605],[-78.31683888664595,59.0498532967859],[-78.28751132299921,59.00305099185739],[-78.3645346948307,58.904919890358926],[-78.58066548732447,58.8987528935697],[-78.52535368556926,58.819062407966655],[-78.50743130191691,58.70551580185151],[-78.58293669841524,58.64346528666598],[-78.4879406908876,58.61764500628856],[-78.42654672139055,58.54135018951443],[-78.37169842442134,58.54844129179572],[-78.2460980972059,58.520586602718076],[-78.16818941168664,58.4620131962658],[-78.05597031990237,58.42690329234777],[-78.02651549044774,58.362926285610996],[-77.88006320843743,58.331557512593264],[-77.76881078941253,58.28815080611163],[-77.64960979175743,58.26304259443023],[-77.55453891321054,58.223677703605134],[-77.35289728538807,58.09306598516934],[-77.25281378494898,58.049535284802964],[-77.0821174794836,57.903608299918915],[-76.85274529915766,57.673586907457036],[-76.86693398611209,57.627521208522616],[-76.77242288146378,57.50919970039205],[-76.76814437723027,57.48352010520615],[-76.66077750356844,57.36959320426976],[-76.58110828805576,57.13758120740703],[-76.55008368225062,57.09606279675091],[-76.56957972210819,57.03855739367051],[-76.5696765783638,56.93959300238177],[-76.53357036593651,56.82390369824295],[-76.53145909555029,56.721396010222534],[-76.5544775022323,56.55424468098885],[-76.55158090261095,56.47522828062461],[-76.51862466867038,56.458898284219025],[-76.53971492828201,56.40499152054709],[-76.54798501047775,56.30131859893544],[-76.61704764476684,56.24652920508479],[-76.6524326073492,56.194407178708836],[-76.64920940385304,56.124742590336766],[-76.72002940104328,56.02222629421011],[-76.79862998209397,56.00086548560797],[-76.83052431804583,55.92963280562181],[-76.88476087448608,55.91034870250025],[-77.00464569756016,55.80161850362294],[-77.09274907949127,55.74486389666046],[-77.07760850875405,55.719220699005014],[-77.12371309160493,55.6616569902439],[-77.31688827254173,55.540803007332414],[-77.4621183087895,55.464168293032166],[-77.58084570156034,55.38262260867393],[-77.63779971980026,55.378172790897914],[-77.78896548367103,55.269309083529656],[-78.15749589149803,55.1352165978558],[-78.31657331547547,55.04201588905376],[-78.54603637971006,54.988313199382844],[-78.62300678608764,54.95344158584301],[-78.78241779409474,54.90586100049637],[-78.82609509390787,54.90754919125847],[-78.93337928169059,54.874367509034485],[-78.95566009812333,54.843737997978685],[-79.24540709912309,54.7884104027688],[-79.34981670185964,54.757520087561325],[-79.55561059979127,54.72492589848438],[-79.71426698912319,54.651908495471986],[-79.65575378572038,54.62826750465759],[-79.59460168449216,54.63244789983141],[-79.51720337956084,54.56740290669128],[-79.57874509043585,54.55270839366823],[-79.50361249500929,54.510185406978785],[-79.4818137056372,54.456197207902626],[-79.49513201487916,54.37385810419608],[-79.40532538161872,54.269817007264606],[-79.280281693838,54.22450370883442],[-79.34056369908228,54.20650329808196],[-79.29261761886804,54.17265459011711],[-79.1042711151092,54.16114560483147],[-79.12059560944977,54.08870341033844],[-79.10449671308365,54.04296590582751],[-79.03966150999878,54.034317203561784],[-79.05481062244306,53.95082178971606],[-79.04305039462999,53.90258720480741],[-79.08268902176344,53.700446891387266],[-79.03365140172744,53.68085169200224],[-79.03844161487523,53.64197510012109],[-78.90264509158386,53.54885178862704],[-78.96283171887528,53.53714108819924],[-79.03183207853702,53.55466540256566],[-79.10652861405478,53.51473880217383],[-79.08149320552086,53.44416750862948],[-79.03773958336453,53.41704900376504],[-78.98017768706453,53.424921607706494],[-78.94432448829673,53.38489648752573],[-78.97961561486646,53.34909040473498],[-78.90555179241085,53.26151179055731],[-78.90624948452901,53.19686298662158],[-78.95379072472407,53.18372329002561],[-78.95107528435733,53.110798487804686],[-78.92571289778752,53.05342790949593],[-78.98870029673492,53.01261660227917],[-78.9225455189009,52.985227800551165],[-78.83912993139177,52.97506111674312],[-78.83556495047058,52.969361467143926],[-78.88529790060922,52.88871928884608],[-78.81905331653694,52.85520379029085],[-78.7423335076648,52.83788291006825],[-78.83409459128296,52.7785882084845],[-78.84696050864729,52.74335101208652],[-78.7921537995694,52.727797295762265],[-78.7279936860296,52.665839201070355],[-78.71173000052575,52.591939297093745],[-78.76482678423781,52.55329898462981],[-78.71388451024133,52.52165350254883],[-78.56922119628008,52.51598679300856],[-78.50912228898952,52.45187730412091],[-78.54815268600034,52.42142748956841],[-78.50248078270246,52.35887699010153],[-78.51251288168983,52.31567459645315],[-78.56421959891811,52.28915680324176],[-78.51795258914994,52.24200739214771],[-78.58475549776958,52.10034200661112],[-78.63312140023096,52.06132100075663],[-78.72101219965661,52.0190520055298],[-78.72298529139745,51.97054899685012],[-78.85748679376105,51.939754485595145],[-78.88734619051267,51.91478138832837],[-78.83463009204577,51.86375408932963],[-78.8660859973984,51.81461640551391],[-78.97333509051292,51.79977319271135],[-79.04125912033368,51.76159039727028],[-78.94496767908551,51.660125608342824],[-78.88302159286157,51.63836799449526],[-78.84481281232354,51.60090628934539],[-78.81504729224186,51.5354846071519],[-78.76710031579931,51.48049259075614],[-78.89776199259762,51.377987309487494],[-78.86846381004385,51.339722992301496],[-78.93138530849195,51.27114429987205],[-78.97775790466112,51.4145047116626],[-78.97969970534746,51.45883170835312],[-79.09488739675889,51.53246489218907],[-79.17059268944674,51.52356710059541],[-79.24565401897382,51.54549340079084],[-79.22554950576452,51.64382889643506],[-79.32187731650188,51.66263071001213],[-79.49314669219349,51.56398959633704],[-79.54131038307989,51.55092089499685],[-79.52433063619115,51.47133183758365],[-79.5158487132157,51.46067760678663],[-79.51791348205708,50.94542316675929],[-79.51795289382216,50.19472122528152],[-79.51762072722885,49.83158673619254],[-79.51785743120962,49.30406114510227],[-79.51739566576632,48.805717308448735],[-79.5174042578759,48.28784269998277],[-79.51743975032691,47.99640666191496],[-79.51708053333203,47.53316399217842],[-79.54738932340791,47.51782616331203],[-79.58647279333942,47.4456388469852],[-79.58103436137458,47.415114009048324],[-79.4268426502096,47.250069239218234],[-79.44299286097252,47.100997102809416],[-79.3467991832789,47.00785849244874],[-79.32966575029396,46.95718677713983],[-79.2140081087124,46.833235561265106],[-79.17082153696316,46.82521851095118],[-79.09432289146339,46.68829571286614],[-79.01525073914816,46.62685229292602],[-78.98987072497162,46.548855526769636],[-78.89272200030092,46.46191530856585],[-78.72710717255538,46.38287269209408],[-78.72823126304755,46.34233868715243],[-78.67582234312461,46.31823377683913],[-78.59705837404213,46.318852640393686],[-78.51387700322098,46.29687612258334],[-78.38838873033446,46.29168791425384],[-78.30958080965077,46.25316901995233],[-78.2604905485325,46.273944034506485],[-78.13514278616574,46.2747279859735],[-78.0426860527997,46.242511817891156],[-77.98798594533558,46.24656224387125],[-77.9268091552817,46.22409898361538],[-77.6978086922726,46.182930639130895],[-77.67499428851202,46.19849738319998],[-77.56608271063061,46.159220590168964],[-77.27633418142617,46.008539648964984],[-77.27840407101357,45.94888964398741],[-77.19032721643805,45.86386084598963],[-77.08155834183466,45.83558296130091],[-76.98497879697983,45.78607724570918],[-76.9119966838868,45.8096708251092],[-76.92757515407335,45.89225487727791],[-76.8948386007742,45.89814617531687],[-76.77872544559649,45.87135264621899],[-76.76575920899592,45.81098948860002],[-76.76959413775987,45.73349903077202],[-76.70359781281621,45.72080990112726],[-76.71194453958132,45.66548225747206],[-76.67028904372302,45.625809831878826],[-76.6592749466485,45.56072605807374],[-76.60374500202126,45.53218129684351],[-76.43351663220676,45.49207614096433],[-76.3617437036907,45.45709459625288],[-76.24508393215169,45.46860894025267],[-76.20100638900665,45.5188791342081],[-76.08987718683741,45.51385244444427],[-75.98716460661753,45.47964530769478],[-75.8951850982221,45.40163468600992],[-75.79701680420048,45.37832402948437],[-75.70374455633352,45.42663519945625],[-75.6831771930851,45.45913650047606],[-75.57555679765629,45.47482510506328],[-75.4454084396359,45.521110480894045],[-75.31699439219298,45.54617074478338],[-75.24261394951205,45.58550870814027],[-75.11350228867728,45.578618288238815],[-74.98897970005709,45.610784844849924],[-74.94301048025972,45.64340540041057],[-74.72934567182413,45.628326087597486],[-74.63806070990462,45.638758151266266],[-74.5351100602808,45.5948325164262],[-74.4723664006929,45.593731807549965],[-74.38405536497288,45.56714922179836]]]],"type":"MultiPolygon"},"properties":{"geo_point_2d":{"lon":-71.78624104931967,"lat":53.395283499640165},"year":2021,"prov_code":["24"],"prov_name_en":["Quebec"],"prov_area_code":"CAN","prov_type":"province","prov_name_fr":"Québec","name":"Quebec"},"id":8},{"type":"Feature","geometry":{"coordinates":[[[[-124.68934793412477,49.54964425377898],[-124.70634842310783,49.51495906234437],[-124.65939014791789,49.49256906012531],[-124.6251090351475,49.53701727963275],[-124.68934793412477,49.54964425377898]]],[[[-133.05973937162847,54.256285983436335],[-133.01652477815148,54.19287307692998],[-132.9668821427116,54.22422707774978],[-133.00171894863357,54.25600257054465],[-133.05973937162847,54.256285983436335]]],[[[-126.01130204981195,49.21636215250909],[-126.01512834586897,49.15878136802231],[-125.9331096365553,49.18985336696266],[-126.01130204981195,49.21636215250909]]],[[[-130.44733196850558,54.328190081814846],[-130.47340675907287,54.30519617329421],[-130.4081910592182,54.24885447944105],[-130.36752506720975,54.26023387196938],[-130.38824904994922,54.306737166223876],[-130.44733196850558,54.328190081814846]]],[[[-130.57735305292135,53.84725586538007],[-130.62317324158812,53.8260322796273],[-130.58975745411212,53.78822238854688],[-130.50037365855815,53.81962198421146],[-130.57735305292135,53.84725586538007]]],[[[-126.67702966186748,50.59158447034767],[-126.63724015201093,50.552375959422314],[-126.53031734412599,50.55785637174752],[-126.52089724489274,50.57887475646355],[-126.67702966186748,50.59158447034767]]],[[[-127.98057565906734,50.919878954375896],[-127.87373836026158,50.88886965794269],[-127.84118905047276,50.931996180943685],[-127.90162723746698,50.944657379313696],[-127.98057565906734,50.919878954375896]]],[[[-127.59613875539789,51.30359946872114],[-127.58306694152094,51.270124782968914],[-127.49545494636979,51.27386048220961],[-127.47399653208456,51.30058716336945],[-127.59613875539789,51.30359946872114]]],[[[-128.36788084166997,52.237514782449246],[-128.37708205621686,52.152492263570096],[-128.27907886676118,52.21390847850394],[-128.36788084166997,52.237514782449246]]],[[[-129.94091878211367,53.54741997639204],[-130.02616425114772,53.50998027047239],[-129.92768277467013,53.4694715712141],[-129.89492714732532,53.520841371991494],[-129.94091878211367,53.54741997639204]]],[[[-131.8410311612825,52.84651808662358],[-131.8304710723486,52.81912767115038],[-131.73943874378799,52.80713727663818],[-131.6970052399139,52.84341477134026],[-131.75177824664135,52.86056366819143],[-131.8410311612825,52.84651808662358]]],[[[-128.43438385542362,52.237312464534675],[-128.49577735978528,52.172246064582005],[-128.393648431269,52.16170407610616],[-128.37736075643616,52.23719576170936],[-128.43438385542362,52.237312464534675]]],[[[-130.18633434382687,54.07930517600453],[-130.2242095530903,54.05431596004397],[-130.20630864599713,54.003270890352404],[-130.13078914206392,54.02661938275282],[-130.18633434382687,54.07930517600453]]],[[[-126.86007234944229,50.88242796367101],[-126.88669854148824,50.84035395851259],[-126.81392773339772,50.839480863162],[-126.73437175776115,50.86346037636155],[-126.80617644802389,50.89115836339098],[-126.86007234944229,50.88242796367101]]],[[[-128.01028134623547,51.73198446667291],[-128.07809613739514,51.68913436793579],[-128.0751005633099,51.65941107592134],[-127.96378052903782,51.65731176705616],[-128.01028134623547,51.73198446667291]]],[[[-128.09705632270968,52.2925931653883],[-128.15402236271936,52.24173187265747],[-128.07991255425037,52.23116135830974],[-128.0027998511347,52.291421081780605],[-128.09705632270968,52.2925931653883]]],[[[-130.2592394382297,54.194613467073886],[-130.28940754777022,54.151841562197404],[-130.2460131763423,54.11721757953908],[-130.1548517685547,54.15054697299798],[-130.2592394382297,54.194613467073886]]],[[[-128.4375643544048,52.544666864625235],[-128.4127511236912,52.46571866806891],[-128.28225044840082,52.48618028601537],[-128.27575165416127,52.51425426965947],[-128.4375643544048,52.544666864625235]]],[[[-123.36048704120508,49.413323269839175],[-123.42596373515855,49.37264065285457],[-123.42659021713365,49.336566862258195],[-123.36055094099562,49.33562266566532],[-123.31097502187791,49.403850758212876],[-123.36048704120508,49.413323269839175]]],[[[-124.82643454995883,49.59944606049463],[-124.83078845582016,49.539746056852486],[-124.72202934767587,49.48430434846905],[-124.77696244378912,49.56988366898868],[-124.82643454995883,49.59944606049463]]],[[[-130.2920070639214,54.331938567376646],[-130.35293927792287,54.300540473591376],[-130.33594684300888,54.24127198747935],[-130.25958195766984,54.2547506852906],[-130.24839784344508,54.29966308027613],[-130.2920070639214,54.331938567376646]]],[[[-130.22703794696505,54.800383771335326],[-130.26115517385867,54.766943376900336],[-130.36976205472118,54.71996438763321],[-130.33277274588514,54.70371277256632],[-130.23489486416054,54.72282418642655],[-130.21093186315838,54.74972186560703],[-130.22703794696505,54.800383771335326]]],[[[-123.86300863461697,49.19851827541617],[-123.86219532607342,49.15810776775485],[-123.76335414926896,49.129990972317415],[-123.75967814768268,49.164765949971596],[-123.86300863461697,49.19851827541617]]],[[[-129.40865244730335,53.40878597688219],[-129.45706825571665,53.37707736786531],[-129.4519049731703,53.36072037004369],[-129.40036514850885,53.33853967513853],[-129.38554296630497,53.29541317535529],[-129.33789355317134,53.3012837646064],[-129.33466915484206,53.362715678653046],[-129.40865244730335,53.40878597688219]]],[[[-126.55873784394844,50.60953657324709],[-126.4893175407345,50.575309963361555],[-126.40136552805892,50.59469776966944],[-126.46229796143882,50.62988997515919],[-126.55873784394844,50.60953657324709]]],[[[-125.10092206300837,50.25000007576695],[-125.09159494102839,50.29249615861147],[-125.15486334084423,50.32299275512468],[-125.20959103679978,50.29883965768188],[-125.1728692341479,50.248576461418],[-125.10092206300837,50.25000007576695]]],[[[-125.10092206300837,50.25000007576695],[-125.1534541388984,50.1433102723887],[-125.12795633222042,50.12831907197297],[-125.03305854866173,50.20812177062211],[-125.05409884759732,50.260370373272586],[-125.10092206300837,50.25000007576695]]],[[[-129.7503349610963,53.132183158914316],[-129.73347307535357,53.07755187232693],[-129.62177486110076,53.05108437671832],[-129.59858375235126,53.07855878777054],[-129.6867645297562,53.13576786816106],[-129.7503349610963,53.132183158914316]]],[[[-123.58411632918879,49.01131587400191],[-123.55387734504882,48.96525417397658],[-123.38919093372016,48.8917563742666],[-123.34591284189395,48.90511835849879],[-123.50704195493195,48.95853326117538],[-123.58411632918879,49.01131587400191]]],[[[-127.83422023859598,50.89023547079523],[-127.83347963349865,50.87437266378733],[-127.67013036314125,50.83565406742291],[-127.6591658506652,50.87035065678756],[-127.7239474310866,50.91553086292007],[-127.83422023859598,50.89023547079523]]],[[[-131.34934376784776,52.42845425790151],[-131.35015104666763,52.35761546280446],[-131.23582466835572,52.44183327707077],[-131.34934376784776,52.42845425790151]]],[[[-130.7934639599391,54.21610477151226],[-130.81793067471136,54.165542478016306],[-130.68706283609038,54.10753727450853],[-130.66248316601394,54.15732616149539],[-130.7934639599391,54.21610477151226]]],[[[-124.36380455202824,49.52550535227609],[-124.3820864250308,49.50639817198929],[-124.32260693677381,49.46227895736073],[-124.20672123007526,49.45326515205037],[-124.27168565695781,49.49974855951051],[-124.36380455202824,49.52550535227609]]],[[[-123.42422303992284,49.527107559400314],[-123.45699292017623,49.46553046674484],[-123.3159192536617,49.44819066217961],[-123.3663327381379,49.528132970905226],[-123.42422303992284,49.527107559400314]]],[[[-125.96596002558428,50.442402758303835],[-125.91851793236548,50.414521075426194],[-125.82323735372537,50.40834567092758],[-125.7342961244988,50.42555726148714],[-125.80171005435514,50.47337226565541],[-125.96596002558428,50.442402758303835]]],[[[-125.78528552691019,50.40110216048601],[-125.74360983427593,50.37669116048729],[-125.59598632574217,50.3850014603344],[-125.49937274475289,50.407133659272546],[-125.52104815124382,50.44582947629231],[-125.60023634431305,50.43669177902905],[-125.65693842784238,50.41305696064056],[-125.78528552691019,50.40110216048601]]],[[[-127.10423715156269,50.67331697882784],[-127.13249535905113,50.628551265334885],[-127.02915875714739,50.638054954110075],[-126.88736533773562,50.61990197378241],[-126.87009883435007,50.656005765708876],[-127.02649845187092,50.65660956085427],[-127.10423715156269,50.67331697882784]]],[[[-125.8883504474789,49.2414823610609],[-125.8573700387942,49.13964285757848],[-125.7990095442464,49.14015557706163],[-125.78108994514031,49.23368764977604],[-125.8883504474789,49.2414823610609]]],[[[-128.51030423657173,52.88335388378943],[-128.5446626497127,52.710077367861075],[-128.47555573827827,52.70611387749216],[-128.4909343419812,52.7722398694405],[-128.4528787503622,52.80794906420601],[-128.51030423657173,52.88335388378943]]],[[[-130.62903734991838,54.7744873906697],[-130.5934950366477,54.723843976593265],[-130.4790619546974,54.704470374229004],[-130.43595666558258,54.75708067222865],[-130.49504365347525,54.8253928681235],[-130.5870898704698,54.770926874457665],[-130.62903734991838,54.7744873906697]]],[[[-128.3994881381767,52.45817317707674],[-128.4537543610175,52.36159046107376],[-128.3799331396861,52.3645713684328],[-128.33088394121344,52.41002928029082],[-128.28857184113897,52.41653357433582],[-128.28679863874814,52.47631906929576],[-128.3994881381767,52.45817317707674]]],[[[-128.1076495477012,52.43807047740826],[-128.2030215302472,52.28120096832574],[-128.1618381591159,52.273057381195734],[-128.04659862672204,52.32068007392025],[-128.07978485491807,52.410607462226295],[-128.1076495477012,52.43807047740826]]],[[[-124.74108253248225,50.3079175677891],[-124.78390913536678,50.28553756813353],[-124.81421744915926,50.23381875016618],[-124.75519533779969,50.21016127289834],[-124.70974551932342,50.16202586167673],[-124.66957114515436,50.184412953657],[-124.64260162760414,50.2341050684918],[-124.66046962732047,50.269261674007254],[-124.74108253248225,50.3079175677891]]],[[[-124.13648003093932,49.760011356062705],[-124.19798416073172,49.6887838634267],[-124.16231312607115,49.66152306512748],[-124.08601875133743,49.65289086711237],[-124.06041654690824,49.740872868868685],[-124.13648003093932,49.760011356062705]]],[[[-125.48675732919926,50.428803061621586],[-125.5094307348705,50.370810674163216],[-125.4521343292674,50.34818706958581],[-125.38759322454744,50.36464236790036],[-125.32254654930131,50.44305505763806],[-125.3933277227805,50.46035636197406],[-125.48675732919926,50.428803061621586]]],[[[-127.98249115893982,52.30173236178504],[-128.01975636309294,52.24593466257583],[-128.0957095469776,52.20387068306629],[-128.03349315322706,52.175226975372446],[-127.9147877560221,52.16443855952702],[-127.91569437273263,52.245635573626004],[-127.98249115893982,52.30173236178504]]],[[[-128.11607136409876,52.159312867960345],[-128.10103823481086,52.089797167229754],[-127.94248935320242,52.07581288033201],[-127.88403385048535,52.15533217018458],[-128.0035227677835,52.16965407738391],[-128.11607136409876,52.159312867960345]]],[[[-131.11460175482068,52.15178588433136],[-131.12824884895994,52.07254287445652],[-131.08111235696697,52.038900163825886],[-131.0891542759537,51.98340017108138],[-131.0197179587928,51.97275137031735],[-131.03193833771957,52.03362636776851],[-130.93657875348143,52.0934744698646],[-131.0464920470087,52.118251481218756],[-131.11460175482068,52.15178588433136]]],[[[-125.00047355387024,50.238954459891374],[-124.98410962576536,50.1741401694732],[-125.05721224216742,50.12832617549301],[-125.03599663642709,50.09623726306424],[-124.98128475412776,50.099702459238415],[-124.99356861801306,50.015624159986196],[-124.92600803419465,50.06419546172012],[-124.89558153871695,50.14090907188258],[-125.00047355387024,50.238954459891374]]],[[[-126.91916334117735,50.83251088369698],[-126.83611585774094,50.77832965555173],[-126.77457674403846,50.767573952922554],[-126.6635640500068,50.79044257443148],[-126.53766683749014,50.7819157742669],[-126.57198806122754,50.82595236950629],[-126.63883773634359,50.83900806581303],[-126.77009105974965,50.84310267188504],[-126.81228036043484,50.837336068525836],[-126.91916334117735,50.83251088369698]]],[[[-128.18579225893916,52.21113417334332],[-128.23996859443574,52.18266520298829],[-128.27209375407227,52.098566054674066],[-128.2366139527097,52.08600595980625],[-128.2520419345067,52.030908966273415],[-128.1820308516794,52.04199648251999],[-128.13442047052533,52.08676507466435],[-128.1340121484007,52.19672256012886],[-128.18579225893916,52.21113417334332]]],[[[-130.89493035047792,54.634799564582686],[-130.92750975621348,54.62090066514839],[-130.97136053643743,54.55069287952908],[-130.94969884635933,54.46905719027141],[-130.87544886483164,54.494214369390924],[-130.76010025134673,54.56820776686916],[-130.768509867265,54.62346276569191],[-130.85818206622497,54.607440481652645],[-130.89493035047792,54.634799564582686]]],[[[-126.67777124720868,50.55008017205711],[-126.60944094111255,50.5238974782856],[-126.4213120571697,50.5141060752486],[-126.31894224658132,50.52420507239736],[-126.22114593041151,50.54743117545716],[-126.24061885351857,50.57950285491877],[-126.31825734086094,50.59199467671985],[-126.39678075321423,50.58659977065938],[-126.47091475029295,50.55916235876355],[-126.58506254958112,50.545675072970404],[-126.67777124720868,50.55008017205711]]],[[[-126.2274495368633,49.39277615771931],[-126.2407910399339,49.33250216417633],[-126.18887107019532,49.26232566819445],[-126.10092933768561,49.25182926312084],[-126.04702614497285,49.27048075741902],[-126.08131154501426,49.308726459288444],[-126.08522373005839,49.37153266067634],[-126.10841326032211,49.39427447017924],[-126.1812951387423,49.37559025493365],[-126.2274495368633,49.39277615771931]]],[[[-128.3437807289467,52.78431007578501],[-128.32959404615116,52.73000208415669],[-128.2710803285285,52.67259786565011],[-128.29222384366827,52.61794817441182],[-128.24978716740807,52.60070527528517],[-128.20858624895217,52.68772296427605],[-128.1663369513032,52.73795765675676],[-128.14566272586654,52.82565196732133],[-128.22025263728491,52.78766117632602],[-128.3437807289467,52.78431007578501]]],[[[-129.5339774465063,53.184957264325305],[-129.4984553611695,53.08837726551964],[-129.3706849733536,52.97525377382291],[-129.3022939497665,52.97870177710943],[-129.3165150488151,53.04755945770745],[-129.38773564577946,53.088025582590525],[-129.48642195709246,53.19049167185525],[-129.5339774465063,53.184957264325305]]],[[[-125.28186275166013,50.444687275286974],[-125.3350270268071,50.38006656485383],[-125.40615474511807,50.33709535248055],[-125.40703584821212,50.30840035434764],[-125.24176615129575,50.31835415280394],[-125.22107494640564,50.29878267869956],[-125.13286193855396,50.33490207181678],[-125.18084024285676,50.38863746334267],[-125.28186275166013,50.444687275286974]]],[[[-128.76490295627949,52.47263465476032],[-128.7723399420029,52.417897982180754],[-128.73068224353435,52.31208207471053],[-128.68736655212905,52.28472587073036],[-128.6306187323759,52.305878275060024],[-128.61611555026067,52.364846159245126],[-128.61969064784444,52.446346558041654],[-128.68932892423777,52.48602647066001],[-128.76490295627949,52.47263465476032]]],[[[-131.68995456136471,52.73269807380173],[-131.71936955023327,52.69789046383912],[-131.60635215527128,52.58348518348948],[-131.46362505237255,52.62504636869793],[-131.4416624801245,52.70428087877754],[-131.52535883312652,52.72702976911749],[-131.68995456136471,52.73269807380173]]],[[[-124.9192815413208,50.30482416800243],[-124.98065945440372,50.247811662795435],[-124.8816267386252,50.166554763158956],[-124.86199484490741,50.124012271909095],[-124.80980344448858,50.11381915159148],[-124.75110384451631,50.159251461616684],[-124.7626484438686,50.19064676325538],[-124.81778473380514,50.2136875566282],[-124.85466572752665,50.285654255653085],[-124.9192815413208,50.30482416800243]]],[[[-123.59486653023635,48.94483665218903],[-123.59002994184975,48.895915074677085],[-123.54788643129368,48.867425165198156],[-123.57230985587879,48.82328186777],[-123.53413694391487,48.79893205860195],[-123.56256911859553,48.75988886212168],[-123.49160833192477,48.71369456787341],[-123.42576875645375,48.732867359156366],[-123.36687484148092,48.7709520503272],[-123.48992044703135,48.85489494805634],[-123.46336803039917,48.86986486827933],[-123.59486653023635,48.94483665218903]]],[[[-129.02296023285362,53.53021976718044],[-129.0655972305888,53.49203817968174],[-129.05354466152426,53.44842166925625],[-129.11123344896728,53.4040860670084],[-129.15291596440517,53.33797998030524],[-129.12505744045433,53.312456673836344],[-129.0580991606733,53.33290407327785],[-128.92868074639156,53.32666748615919],[-128.9204711658691,53.397378066906484],[-128.9894694236324,53.46857716987245],[-129.02296023285362,53.53021976718044]]],[[[-130.20100796641458,55.03023266514346],[-130.2738699472456,54.95478086930371],[-130.346472531559,54.9043610737584],[-130.48880423448017,54.829280969225486],[-130.42233775839432,54.76844018358253],[-130.27595485490073,54.83365476876837],[-130.15375193692412,54.95644726896401],[-130.20100796641458,55.03023266514346]]],[[[-129.27355984847614,53.3262231738805],[-129.25620823797027,53.26939717106132],[-129.34502984707674,53.20722896864838],[-129.32653563696095,53.11221146576558],[-129.22599914356726,53.09069878696423],[-129.1403325299233,53.118599067808546],[-129.1725436460304,53.155053078678286],[-129.1723151543469,53.284361376755164],[-129.27355984847614,53.3262231738805]]],[[[-128.3901076429565,52.80511627286303],[-128.45117584164805,52.75240065825758],[-128.4293924369182,52.72310747745768],[-128.44936194966266,52.630677776612885],[-128.43665795488988,52.54871727309806],[-128.29207786580852,52.52525777971795],[-128.2972621378471,52.65933276786207],[-128.28779862712415,52.67849697204167],[-128.35656894665266,52.754622371857984],[-128.35247212624043,52.78522007129356],[-128.3901076429565,52.80511627286303]]],[[[-131.92695986954544,53.01558877200148],[-131.89344477685668,52.93346177761573],[-131.8200644534125,52.867216081216],[-131.79456997265171,52.88647856199506],[-131.69520155389446,52.87375037274105],[-131.65851284856515,52.889406768284594],[-131.60572386199735,52.9630084682612],[-131.66279335808693,52.99937417389967],[-131.78176887356466,53.02883257336602],[-131.8781076472337,53.038390384570945],[-131.92695986954544,53.01558877200148]]],[[[-125.38054484200926,50.27940627905819],[-125.34922335004927,50.199169149319225],[-125.351728428704,50.14345696020261],[-125.25860463541869,50.09233356691003],[-125.1969266364341,50.02344597774119],[-125.17673794877668,50.08179156996208],[-125.21658711620992,50.1025892602532],[-125.1411676327239,50.20228397509041],[-125.2398819551892,50.273181075303185],[-125.25182283404362,50.30850718235708],[-125.38054484200926,50.27940627905819]]],[[[-130.31175654216955,53.796754871409505],[-130.33099044001332,53.74059547442563],[-130.40452165220674,53.68801358237619],[-130.3563398486719,53.62933048843824],[-130.15432494182727,53.568095165931965],[-130.1004103306151,53.584225770028624],[-130.1220237487528,53.69287298625045],[-130.23116156307424,53.72561697715757],[-130.2420605514015,53.792472290436365],[-130.31175654216955,53.796754871409505]]],[[[-128.54927645287248,52.67747866422848],[-128.58281876315274,52.5988224694598],[-128.6689351687498,52.60705006622363],[-128.75019023929633,52.59553537516375],[-128.7412213508719,52.51435258465903],[-128.5213290399213,52.43161318124021],[-128.46628134685608,52.473660063178656],[-128.5181707205272,52.572595567984735],[-128.54927645287248,52.67747866422848]]],[[[-124.63298242474036,49.80011286275011],[-124.62029434339085,49.72179126159919],[-124.52099243248487,49.690999873050714],[-124.43934683934678,49.63962017533124],[-124.43610094605323,49.62019537494523],[-124.29753116549404,49.56570226774763],[-124.14145221859901,49.48866675669044],[-124.14809603724436,49.53713965251396],[-124.25769013028295,49.60881445733475],[-124.3564543533784,49.7080562593888],[-124.49866984831277,49.737461872406655],[-124.63298242474036,49.80011286275011]]],[[[-128.0997923658372,51.68793517134267],[-128.1407641527388,51.6625528770167],[-128.15123422661398,51.60286136479033],[-128.12305854226113,51.579077183862296],[-128.08710685713314,51.48036796121861],[-128.00446314292455,51.47627058111529],[-127.93837724545185,51.4268989680445],[-127.87640403466166,51.44943136443597],[-127.91682295058094,51.52693677749537],[-127.89522792880516,51.569762764380755],[-127.95523195925625,51.64619436358886],[-128.09815176883703,51.65619096868837],[-128.0997923658372,51.68793517134267]]],[[[-128.1096561590484,52.07117845925532],[-128.15645794586686,52.039649372761936],[-128.20453594956606,51.964349978745034],[-128.19231305487142,51.91311548167645],[-128.25059304551343,51.88985388537],[-128.20135223008083,51.860047970273165],[-128.11544093952332,51.87932188040641],[-128.13354365849383,51.80819967531076],[-128.07577446042265,51.78744747199459],[-127.97927464627057,51.91053476696923],[-127.95453364286143,51.96928346988555],[-127.95072104827881,52.06386515980184],[-127.99643764860711,52.07565475515171],[-128.0885356388354,52.04726316973278],[-128.1096561590484,52.07117845925532]]],[[[-129.08797673780677,53.673016679757644],[-129.17600503333082,53.62681817207516],[-129.1735935511734,53.4440835596673],[-129.08073435179563,53.45480646540723],[-129.10303885646604,53.4924796582439],[-128.9948052679165,53.569285871886485],[-128.89450745900248,53.558409175504146],[-128.8721924227381,53.633836668812556],[-128.83642886772915,53.6881731755369],[-128.96812514486567,53.70681456725941],[-129.08797673780677,53.673016679757644]]],[[[-126.4184629347863,50.80765126072085],[-126.50975676486273,50.74510997427978],[-126.60334387179937,50.699976770558834],[-126.5947527374237,50.655834772652675],[-126.49147565177664,50.63753795505882],[-126.41487772990372,50.659564868070944],[-126.32504583012312,50.64495097207966],[-126.26843284804792,50.65515116007347],[-126.25833144362198,50.69860235412285],[-126.1562310569845,50.75634985846454],[-126.21295203815646,50.770223068663874],[-126.22880123655513,50.82215116160673],[-126.34412832742977,50.82476316703794],[-126.4184629347863,50.80765126072085]]],[[[-129.29037045436687,52.82186217670036],[-129.30340277093646,52.75601527202869],[-129.22815185519815,52.67242556936361],[-129.21280085084123,52.629662273990576],[-129.08231554184414,52.52286936177377],[-128.9434659582069,52.485189068950206],[-128.927451161356,52.60603465975311],[-129.0398639560654,52.680611957336865],[-129.11303834047848,52.74291967347311],[-129.21490583497433,52.799907978475495],[-129.29037045436687,52.82186217670036]]],[[[-130.5500483576448,54.05670577864872],[-130.66422716979397,53.99413457144788],[-130.67960907093823,53.932812372663484],[-130.6111631708442,53.948897472441054],[-130.510741962291,53.86503996008632],[-130.40108004470545,53.82509376224907],[-130.34373235143204,53.827664471345386],[-130.33470887547546,53.87980187973042],[-130.27950197031248,53.90176897221554],[-130.23102585309118,53.95207346503673],[-130.24081353956223,53.98607496541328],[-130.32641863735103,54.060323265991755],[-130.41561834841528,54.08953528734527],[-130.5500483576448,54.05670577864872]]],[[[-126.95917256282328,49.83726475872003],[-126.91300016708567,49.78777776470864],[-126.93377904261187,49.71899416274478],[-126.90113313550012,49.677800370506674],[-126.84034255940944,49.65694565976314],[-126.82629592902086,49.61825416005051],[-126.71722934454505,49.603838258402156],[-126.6708432544607,49.580639375177796],[-126.61354886605096,49.59740936222719],[-126.61808744196861,49.6768916695095],[-126.64996774042896,49.724132678382816],[-126.63291932398253,49.74767776501193],[-126.67126495132563,49.855943264532556],[-126.7484826514151,49.85305355478533],[-126.8061075412217,49.88072165931716],[-126.92421962910015,49.82951996166239],[-126.95917256282328,49.83726475872003]]],[[[-127.37005893883929,52.40459728709783],[-127.4419316337714,52.37744186707235],[-127.45047264304031,52.33320025951594],[-127.6134838525897,52.269572261415114],[-127.75363284395985,52.24352348446254],[-127.84421175098969,52.16785097197888],[-127.85929803973617,52.09423357647022],[-127.88959654279161,52.06629917727708],[-127.89811992771925,51.93382916856135],[-127.69592495442836,51.98823825655406],[-127.69621205839529,52.03807275981674],[-127.64099702845779,52.134178372617036],[-127.57215477507201,52.15312747316453],[-127.43821715351835,52.24163986452474],[-127.3185021426769,52.26220627691698],[-127.24188394840274,52.30351255444646],[-127.205983034849,52.36139957623709],[-127.24967322285225,52.391151366660246],[-127.37005893883929,52.40459728709783]]],[[[-130.54010795324672,53.627466185351686],[-130.54810786536495,53.551374973633116],[-130.4875088311057,53.53398536927416],[-130.31048116449813,53.3876321635449],[-130.23274446772527,53.37478728179372],[-130.11882845836448,53.32423066061633],[-130.09976114324894,53.27224128296168],[-130.00121444934877,53.21543388738702],[-129.96175673326832,53.170190966871104],[-129.83380503903075,53.18721038085496],[-129.78241185937736,53.16595687812399],[-129.75569475127648,53.218574268873894],[-129.9055434343669,53.391822174958236],[-129.9775191468193,53.442519772346735],[-130.10771125478314,53.514456571857345],[-130.24691396787782,53.569871171148044],[-130.39943814356187,53.61829857267985],[-130.54010795324672,53.627466185351686]]],[[[-130.22052957738345,53.906723777102066],[-130.28721116474907,53.86880556873498],[-130.29007977799952,53.82360547592495],[-130.21074056349102,53.81038307026072],[-130.20586384046504,53.72137997966204],[-130.10186733660152,53.69815687942826],[-130.06182414761832,53.59789676414974],[-130.00864586044403,53.564782464135256],[-129.91416995997656,53.56965037364812],[-129.8903764330553,53.51385556931357],[-129.91307615780252,53.466231458466936],[-129.85443184302565,53.448236576604195],[-129.8325818741631,53.3873558786946],[-129.69954745520556,53.32062887511855],[-129.662643350635,53.27587586533163],[-129.56376276814885,53.218421880106455],[-129.46925996754078,53.29371988069341],[-129.4720641681863,53.352138065342295],[-129.45939984387223,53.38292948743023],[-129.4354640495228,53.40194978425804],[-129.45186745873224,53.439578782432605],[-129.70616022808906,53.59972407106543],[-129.82504403830143,53.70995496424192],[-129.93312113887393,53.764883866974614],[-129.9712204416486,53.79796396378551],[-130.12752286286488,53.88937827189892],[-130.22052957738345,53.906723777102066]]],[[[-129.08606884966204,53.2929322577163],[-129.04851306987769,53.20879707400722],[-129.09248023447188,53.19065837018437],[-129.08219784193565,53.09703366723034],[-129.16870185276974,53.055798577921976],[-129.19660664324158,53.020760172137265],[-129.19812314016227,52.951601978276116],[-129.1278887668236,52.92223896659798],[-129.13703884335644,52.84808328133432],[-129.06257934470133,52.738497485384165],[-129.00238285537105,52.698950074233515],[-128.89443336902517,52.65511287630086],[-128.76505093762165,52.704191184013744],[-128.7383163558365,52.67296817873475],[-128.7550512383354,52.600346375173025],[-128.68338326214743,52.61048817845997],[-128.59324263970927,52.60837037007073],[-128.52314234338473,52.898562959267814],[-128.53930003938345,53.02756357781533],[-128.57567327328582,53.09368107340934],[-128.63765124435744,53.156874666796],[-128.69811484259085,53.1655366862012],[-128.886531841676,53.271487867020795],[-129.036289029925,53.308031675217],[-129.08606884966204,53.2929322577163]]],[[[-132.57055308339787,53.09670897508197],[-132.53305276107466,53.047183485177825],[-132.40693965323285,53.025328967142755],[-132.3439676537762,53.045313463817834],[-132.15695193987187,52.97809506858564],[-132.35656045590557,52.94751728864951],[-132.3227479705632,52.89213266853825],[-132.26141984171096,52.86522227651898],[-132.23334475189552,52.8008493778704],[-132.1323966334241,52.7441715688331],[-132.06302674870633,52.81292236799465],[-132.02462535897948,52.77106487447079],[-132.1082821426948,52.73484436836767],[-132.04554145724464,52.68444586357139],[-131.94186717575678,52.638228874203904],[-131.89405316515428,52.578138677718634],[-131.86261205725447,52.576114865976216],[-131.78290837492818,52.5116935671126],[-131.65507566828015,52.473356669971075],[-131.59973737141294,52.37746606293936],[-131.44306745673597,52.25515647482865],[-131.39059474708506,52.19523567093346],[-131.32255635315127,52.18076718252815],[-131.25927204451506,52.12099166282514],[-131.1543231530571,52.12760566486435],[-131.12065953059528,52.16634416966056],[-131.014810766321,52.181409467307205],[-131.0270174441681,52.231708272652085],[-131.17612175084585,52.324899960689],[-131.299988839776,52.28649327101437],[-131.34127583790678,52.30471896895825],[-131.363012566053,52.37625127365445],[-131.42658145963773,52.407964172632056],[-131.41637944796173,52.45775736890342],[-131.4786032399079,52.506187571202965],[-131.60193246237674,52.5205621708218],[-131.645653670013,52.538423168990086],[-131.69851125648424,52.63907058982489],[-131.8038425681175,52.741874269779956],[-131.81355474874044,52.796454280475395],[-131.88890415091979,52.891899074713294],[-131.90218955095807,52.95404726679652],[-131.96263946270486,53.01555887091639],[-131.88772465939098,53.06419137348823],[-131.664824648509,53.04126727146068],[-131.62484607675046,53.05827947580585],[-131.64562247251828,53.109163666045845],[-131.70826387267164,53.14837067168775],[-131.77707405612932,53.158483981414086],[-131.80284037190364,53.230563263981026],[-131.91197326889514,53.237675768085914],[-132.01396294739519,53.19836047720412],[-132.08396184099354,53.147993273704174],[-132.12883724685997,53.1591377792546],[-132.2323111379258,53.13934267327947],[-132.30207104120427,53.153137570475735],[-132.39383708841714,53.12628267659658],[-132.41642036234438,53.09920697345463],[-132.57055308339787,53.09670897508197]]],[[[-133.07629605047785,54.18195936998153],[-133.05153828389834,54.16061617231252],[-133.10003947192885,54.12301557832374],[-133.05034858467832,54.04538908151357],[-133.1187770629051,54.00048947979463],[-133.1135015488268,53.961625565535904],[-133.15427366296595,53.91483177243821],[-133.13952858660042,53.86763347669894],[-133.0813988548879,53.82603087672929],[-133.11116774494513,53.77535187067043],[-133.02072576497807,53.76673677037111],[-132.99433368122178,53.71397557591741],[-132.9306085513086,53.70467547295385],[-132.95225577823857,53.6626583751184],[-132.9336574580321,53.62391567498205],[-133.00305736702214,53.58986985990197],[-132.92430458009972,53.54019777521372],[-132.88380727204276,53.466727076522176],[-132.7297086355375,53.490851770119946],[-132.759050866055,53.45590167753008],[-132.66242786973174,53.44451086988101],[-132.64261375266125,53.425104583923954],[-132.53485688205038,53.416139171451434],[-132.51534957302897,53.37773817601142],[-132.42092597149892,53.34081987499756],[-132.48328556496216,53.32225527546463],[-132.54086654444342,53.36572356563417],[-132.692348463366,53.3653432867777],[-132.7252591526623,53.325444083687394],[-132.63287746315513,53.325066679610586],[-132.62826888573076,53.2911946769137],[-132.70724834943914,53.284332864779046],[-132.71720155706373,53.25974526084679],[-132.6195348671772,53.248563874484134],[-132.55697914878004,53.1709159766573],[-132.45875068133918,53.13528507057457],[-132.3606373661542,53.15333548056631],[-132.29946597205014,53.15486798082656],[-132.22642968427706,53.14587837426565],[-132.133503166066,53.17758546692648],[-132.24608424532536,53.21800178045241],[-132.12510807166996,53.25200187681809],[-131.99169785023705,53.25291057678196],[-131.9260607527396,53.35834906468131],[-131.9120024540146,53.43184388499428],[-131.9553782611294,53.51198708867083],[-131.92490974614873,53.563020685088176],[-131.9350351485467,53.615618173374905],[-131.87423675245822,53.70937676756024],[-131.88471145589816,53.770241762952956],[-131.86262133720905,53.806936475953165],[-131.70803955050062,53.97728766228791],[-131.67803187349202,54.05298147320224],[-131.65809396134202,54.15532517562716],[-131.79083557586844,54.07377357899258],[-131.9947387687588,54.02848506637591],[-132.16632655466987,54.04053817314307],[-132.09078305110995,53.881713189829426],[-132.1402949774365,53.74891997212965],[-132.21133986230643,53.651975387296595],[-132.31835677744064,53.67632518262577],[-132.47828667725793,53.6552382768548],[-132.578672267561,53.66112308634635],[-132.40784215895223,53.74649446637747],[-132.25964205760954,53.764675975681705],[-132.20353355425382,53.81516986802947],[-132.12930054682596,53.84288066672742],[-132.10572385264462,53.880887181324866],[-132.15272793106067,53.93061197236979],[-132.1443906746438,53.96633407813584],[-132.18815405682471,54.0197774785236],[-132.25048043921458,54.039669375253624],[-132.23827877583585,54.06952796837655],[-132.29180515467698,54.10673548191163],[-132.43498427934617,54.10073098366493],[-132.48431525433543,54.06565837926985],[-132.56386027033938,54.03892316629293],[-132.58429975780405,54.121219693361056],[-132.66134664120662,54.153442380266355],[-132.8202574503801,54.127352282146816],[-133.02599395801764,54.18428218315988],[-133.07629605047785,54.18195936998153]]],[[[-128.42980153443455,50.78629096072519],[-128.4091094500381,50.74189695735402],[-128.30960863141465,50.66529587220985],[-128.30345566207228,50.60871907520172],[-128.23962192614917,50.590882362744004],[-128.2069232503247,50.52907736031225],[-128.17667675467823,50.52319245377741],[-128.05871325964046,50.452123071152506],[-127.84229424178892,50.50731687325193],[-127.79805144432683,50.492388259340345],[-127.66296394699093,50.53310496317762],[-127.57082584108822,50.53437537770668],[-127.58331653251393,50.48996427271201],[-127.68546643997648,50.490605163240964],[-127.80983604114053,50.457073565234744],[-127.89087155213748,50.4540343802695],[-127.98971764843003,50.344870072873505],[-127.95021173045318,50.31934687026841],[-127.87408223567682,50.34398705990685],[-127.85739955898734,50.287226665546655],[-127.78710253230257,50.223493266164986],[-127.83804996024753,50.169185363280704],[-127.91501013470985,50.11285357300402],[-127.80849905070812,50.07972645493859],[-127.63132545639132,50.162606876346445],[-127.61998174509623,50.11794226661677],[-127.51572096952991,50.13256746574734],[-127.43618454326607,50.044114056165256],[-127.32795254989463,50.03086757084479],[-127.2657105584599,50.113964476010295],[-127.23010134607108,50.11844496444922],[-127.17431535284133,50.073498375025544],[-127.17342805023296,50.002641173224966],[-127.2384270683047,49.96307086404047],[-127.16837385602594,49.87078637039894],[-127.01417744793541,49.84987896822058],[-126.82620862571791,49.88074156409021],[-126.7807351375325,49.89942588045627],[-126.75312364097607,49.874156068165675],[-126.6536206720156,49.87094306978464],[-126.6506433230997,49.80865096079162],[-126.61358305884846,49.72130995575838],[-126.5857350568392,49.69418586315852],[-126.49994675772207,49.6863825558331],[-126.40215804655014,49.63919427407332],[-126.48393225655846,49.623261655722686],[-126.56519426641356,49.57955266395492],[-126.55200605790037,49.52072857322505],[-126.5709752479499,49.4591813596988],[-126.5649219370636,49.404483172342495],[-126.51597793296115,49.37835035601325],[-126.48858216434255,49.43107885933523],[-126.41155402919523,49.47176136403297],[-126.40804574870783,49.4134855485012],[-126.35071642604869,49.40164186763781],[-126.28068673112908,49.35222467100043],[-126.2528548313069,49.40851505956791],[-126.18944742068297,49.39813686078011],[-126.07113924800659,49.43044785172964],[-126.05912444880839,49.34114564886142],[-126.00198093626844,49.32011727472576],[-126.0324451590353,49.284556160513176],[-126.00775695617676,49.24118327196139],[-125.96717653480977,49.22852346341327],[-125.91989184215154,49.277180178342256],[-125.83898843846991,49.28544065305184],[-125.75423695833979,49.2204411612633],[-125.74529372781045,49.18498255637957],[-125.78146664261003,49.146913451618566],[-125.66939803715474,49.15162047394604],[-125.73793015809603,49.085084270996184],[-125.80763273461682,49.11998167462449],[-125.82775874948373,49.069682851521044],[-125.7617458321581,49.07192175417834],[-125.69424566148409,49.03692746640641],[-125.66974813644683,48.997775963229614],[-125.56835813725633,48.97116175750064],[-125.48477775728797,48.92028187111088],[-125.36898974612302,48.99801236452101],[-125.35663192823468,49.03830186658537],[-125.29046484869228,49.023611075303975],[-125.29277405987513,48.975307670085634],[-125.24268704256569,48.94426415422933],[-125.1500114558704,49.01054395583049],[-125.10985764928988,48.97328386652274],[-125.05236514837131,48.99756944663798],[-124.94667262625913,48.97711775772938],[-125.03284793890258,48.88347885354419],[-125.06567153740004,48.88483895260074],[-125.18592203033165,48.80875776752092],[-125.13342143467739,48.77270247254029],[-125.117098933552,48.73184326041426],[-124.95306784176644,48.70024726395313],[-124.81497144507907,48.661535775528435],[-124.72366093592657,48.59759586098065],[-124.43994133444673,48.524724754475514],[-124.30415562732334,48.50235046310922],[-124.20687683819538,48.45743807001579],[-124.09518685143716,48.4351733679183],[-123.8918837604021,48.38244486039402],[-123.82289153701578,48.35709255276633],[-123.71676473096471,48.3476998574325],[-123.67052214427463,48.32178065907724],[-123.58908273516208,48.311168863957526],[-123.46998634533925,48.41896584869615],[-123.43097465062577,48.427872858082644],[-123.32269214124324,48.40590725399956],[-123.2912234446014,48.448643564189936],[-123.36466993303823,48.514738276852114],[-123.36204173055592,48.55830627465847],[-123.41028712211714,48.628316053206134],[-123.5185425259865,48.61489715082231],[-123.55305785385606,48.6495795634685],[-123.5349136474093,48.69390806702807],[-123.59002624901618,48.73541807172115],[-123.56436774932699,48.7808503713595],[-123.60446202473153,48.802777455030274],[-123.59628983709929,48.84989605690447],[-123.73821463023192,48.93776407184286],[-123.78662495188347,49.018632061794776],[-123.7694309290796,49.058489967209866],[-123.81956105516069,49.136073770382666],[-123.88411353611382,49.14194015989684],[-123.96910694998641,49.20649245390055],[-123.98115772510315,49.23893735601278],[-124.10931793112785,49.25591247742287],[-124.15709965084356,49.29054355986595],[-124.31720335506164,49.32292155572812],[-124.36415315283062,49.353600452369385],[-124.46292853486446,49.35549605298271],[-124.573503238283,49.38031006788182],[-124.68491911673605,49.44820356202737],[-124.79372802385618,49.46454066649379],[-124.87233023165898,49.5557868715002],[-124.90962895251894,49.62607016818533],[-124.85975253949569,49.701355372927466],[-125.11333874736401,49.861376657380035],[-125.18368393312525,49.91517756196637],[-125.24616625285353,50.03891007083896],[-125.35897735042238,50.13205755470334],[-125.39703112172323,50.24600146625269],[-125.44288792165175,50.32112706959968],[-125.57990554474694,50.368170166779116],[-125.72082132630008,50.3565457722004],[-125.82687133937291,50.384510078642364],[-125.94515585135956,50.39072965167477],[-126.08628404765105,50.44935576836435],[-126.35961554307737,50.48338018173497],[-126.43425514048576,50.47703676165375],[-126.53928724496983,50.488669678577544],[-126.58822033561766,50.48072546867406],[-126.66148042408196,50.50985336401924],[-126.83030444768345,50.55015416958163],[-126.96813713068187,50.56014216287309],[-126.98001814759846,50.580451378727425],[-127.12167766624604,50.58919886602388],[-127.25815883852546,50.64647207116187],[-127.48281615373816,50.71613867099275],[-127.49114944216888,50.76052277367767],[-127.6689719469957,50.814974572062745],[-127.86702706582552,50.853713067884414],[-127.90591516233195,50.87475006647822],[-128.00906874467964,50.85908946648242],[-128.0675189620929,50.86989487556057],[-128.1245026234666,50.840623164721336],[-128.21146625758584,50.83401336353287],[-128.24892244190735,50.80338716170623],[-128.32817565754885,50.80575846947844],[-128.42980153443455,50.78629096072519]]],[[[-123.78932483556078,60.00003261972139],[-124.49999998419169,59.99999999084944],[-125.49999998069138,59.999999990696594],[-126.4999999713332,59.99999999735679],[-126.99999997369922,59.999999997454886],[-127.99999996571268,59.99999999547142],[-128.9999999685279,59.99999999863197],[-129.75000000875932,59.99999999195636],[-130.4999999901209,59.99999998665454],[-131.50000001453787,59.99999999830193],[-132.50000000977428,59.99999998852587],[-133.50000002098508,60.00000000494448],[-133.99999997848303,60.00000000072002],[-134.75000000330715,59.9999999871426],[-135.50000000955464,59.99999998930829],[-136.50000001039544,59.99999998798902],[-137.49999997394286,60.00000000054048],[-138.50000003442142,60.00000000057157],[-139.05220104118402,60.000040647475984],[-138.79082343296534,59.92299071540654],[-138.70578523037892,59.9062399957131],[-138.6562993296911,59.799224081156154],[-138.60542550811184,59.75769014818733],[-137.8780439386826,59.381441715716576],[-137.60206921300187,59.24072505487076],[-137.499313520145,58.983138532921856],[-137.5267288643925,58.906598792746685],[-137.44656238465564,58.908661737645126],[-137.2884077395516,58.99948195336563],[-136.99963448320617,59.09136395687423],[-136.82467003873037,59.15980142442901],[-136.58199214807442,59.165541193384364],[-136.46749461024487,59.284562063726995],[-136.47624805225627,59.46419270792612],[-136.3977353084411,59.44717703168915],[-136.30143606390334,59.46583768978261],[-136.23628501754595,59.526711403452616],[-136.24140605065008,59.559102802343375],[-136.35571247559082,59.60067303832406],[-136.19525108676723,59.63881268444595],[-135.94568892689412,59.663622398041596],[-135.4790052079439,59.798612597083256],[-135.37702283652,59.742925980606735],[-135.23470735827158,59.69594991390326],[-135.22181480394397,59.664146867563815],[-135.11754594845993,59.62338338908455],[-135.02770806232823,59.56391807099694],[-135.02798883695021,59.47630230400946],[-135.09752762584282,59.42700311002488],[-134.98924636318839,59.38787571241113],[-135.0302019624299,59.34835109191684],[-134.95893515335572,59.28108634942834],[-134.69929969859353,59.2483887656347],[-134.67794727745948,59.19280431262854],[-134.5697992889626,59.133503765611934],[-134.4847830722798,59.13338713474918],[-134.38537490218113,59.041396668131185],[-134.40760749037074,58.9784454528011],[-134.31227859598033,58.96139113920686],[-134.33738290363442,58.92033537103956],[-134.25643375791054,58.859072452639005],[-134.00258580931188,58.77409484757571],[-133.84133308491852,58.73014897157878],[-133.6994713448562,58.6091136115363],[-133.3817976969061,58.43255160410978],[-133.46127439842468,58.389872671680436],[-133.35407056742562,58.28339962567075],[-133.17239918952706,58.15164131199607],[-133.0695431654579,58.00005242465654],[-132.86806838482204,57.84458731341516],[-132.75944309070215,57.70752644595197],[-132.6867427807843,57.64296648561467],[-132.56357904462445,57.50682642127622],[-132.36958172869114,57.351424125689896],[-132.24462075162955,57.21201275377765],[-132.3693075879355,57.09142205035993],[-132.0459265601022,57.044043651797416],[-132.1211469372522,56.86690115409275],[-131.87075825998994,56.806249785485974],[-131.9018382364339,56.75436067949817],[-131.8574570486031,56.70177345392132],[-131.83363167973667,56.59877516141707],[-131.58175481622732,56.61237151041593],[-131.46738488812187,56.55107303798384],[-131.16415733714257,56.44728541035292],[-131.0872027454518,56.40635317509882],[-130.7813902988187,56.36806129004964],[-130.65623639614768,56.28339488017169],[-130.58551316431402,56.255445849899736],[-130.46511226962383,56.241474171956355],[-130.41972424022032,56.13887662566427],[-130.24124059138518,56.09580747900489],[-130.1037011064314,56.122023728750065],[-130.00213909421853,56.006610748282505],[-129.99571492513485,55.89913857441774],[-130.0684505658964,55.818169385269854],[-130.10883303860658,55.79756677352271],[-130.1324948259164,55.717393778562624],[-130.08629724362547,55.686998292320816],[-130.11044535997013,55.56628797593355],[-130.0749854394732,55.50472507201709],[-130.02407224575776,55.460930664008636],[-129.99862092602442,55.33236727553077],[-129.94368243832326,55.28788927221171],[-130.07552276971225,55.201453983835954],[-130.12957243619195,55.14762027018574],[-130.16586556376544,55.0796968785495],[-130.11404447188306,54.99055567335095],[-130.0341424475959,55.02998487727798],[-130.00779165677432,55.08276177338947],[-129.900969652747,55.16650816213113],[-129.88781882909979,55.21328058150009],[-129.81585116693333,55.288550074236085],[-129.81292424259757,55.35877078961208],[-129.83948342434496,55.39432037770447],[-129.78194464606733,55.42916368066235],[-129.66447103094026,55.43195088374938],[-129.75477035200373,55.281053071128426],[-129.80674005519873,55.26871507111007],[-129.88778565195904,55.14615196717491],[-129.95269084283208,55.10111556873609],[-130.0040542347716,55.01297268493008],[-129.9434107638277,54.98774706449184],[-129.8167876325031,55.00705087955172],[-129.88225603977548,54.94434998488596],[-130.01182633351368,54.97628787213235],[-130.05042153882806,54.95910908284449],[-130.1766187468328,54.847492382041715],[-130.1694239460867,54.81517989216752],[-130.20837213407796,54.73162867668416],[-130.19664976329545,54.71005897328644],[-130.34963805511313,54.69466476995922],[-130.45069014504318,54.529503477896746],[-130.44788187287878,54.45710087888684],[-130.48375085203452,54.43883398450214],[-130.4844277683636,54.37433437119257],[-130.44451623701056,54.33645618014189],[-130.3724714272583,54.31940267295712],[-130.27532005980825,54.33937007872874],[-130.2425676552713,54.30155728024749],[-130.23174763099033,54.26806137749013],[-130.27838583195006,54.20406447355661],[-130.17808236832346,54.178707879985346],[-130.1295758416832,54.14841497907193],[-130.02239494065014,54.17003587538817],[-129.86087933060156,54.235958275503805],[-129.85321886458982,54.21344286849859],[-129.9533579484151,54.17824218479126],[-129.92950575426588,54.137371567315334],[-130.05354573188015,54.147405174662076],[-130.10219773946483,54.063630369751706],[-130.08534275269878,54.023739684143294],[-130.10918534328744,53.948406070527234],[-130.07239405259583,53.891743866544054],[-129.89522024023,53.767562880352266],[-129.821857558472,53.732188270900004],[-129.64699425060158,53.56687176423739],[-129.44613286179793,53.45399176125626],[-129.3129586641367,53.37167247113234],[-129.2388969646572,53.42371877183089],[-129.2340439561341,53.51858675666865],[-129.24977984069534,53.60366767059581],[-129.23356305176256,53.6308913637987],[-129.13758395802202,53.68735276616787],[-129.1276736372117,53.70965447402785],[-128.87336086608477,53.814432176893895],[-128.7894940398257,53.901615069406745],[-128.71560846291115,53.90087026604973],[-128.67818802277307,53.85277897071578],[-128.80821023872772,53.769852983029054],[-128.7808382526616,53.711930384316794],[-128.83538314537208,53.64946738653426],[-128.8183178417203,53.610847089285244],[-128.7495405369299,53.5400624620914],[-128.68681894017863,53.502027586269264],[-128.6441226424532,53.502168579052224],[-128.54502913696626,53.42990418227473],[-128.38543494624722,53.455527057859236],[-128.3735451376233,53.43970838410195],[-128.53906025371194,53.407031385462226],[-128.65722925016695,53.47520538622426],[-128.7556233339232,53.484714876923505],[-128.81440846146307,53.568360074166634],[-128.8719512497187,53.52932677507459],[-128.96690063252032,53.55024417490548],[-128.9729121707809,53.49631357635981],[-128.8853776444557,53.41113877510287],[-128.89012936030147,53.31271448133393],[-128.8471089303762,53.26765967426789],[-128.72826424065659,53.202133169466734],[-128.61138394428963,53.16427918565068],[-128.57954336105288,53.128618364154185],[-128.51239295026292,53.00706775863296],[-128.49804382606152,52.883419373698004],[-128.42879656388698,52.81524246622427],[-128.33125125621837,52.797922660266146],[-128.22540566417536,52.80654767285931],[-128.16000505633028,52.85996975721482],[-128.1232270557284,52.83211365474622],[-128.1351879437707,52.71323628194713],[-128.17100273709195,52.67625528402679],[-128.2480612618482,52.5358025653229],[-128.22304995551093,52.484422769997124],[-128.2638218449906,52.406159661704194],[-128.33948274878026,52.37180488453567],[-128.33249193741702,52.3346970698078],[-128.37024245211916,52.29317996652291],[-128.29488192907775,52.25587276824822],[-128.14909283739718,52.4149925737367],[-128.07044775042428,52.51127345399447],[-128.07854896091314,52.41904016976837],[-128.035101968946,52.32789647709128],[-127.93236646803214,52.31742717263631],[-127.89849096726498,52.22461707153353],[-127.85458663554797,52.2068913788111],[-127.77957295035925,52.27605526016179],[-127.71685385748191,52.27200906400154],[-127.60626103736787,52.31524388509843],[-127.4886238285608,52.33820776589508],[-127.48223595242783,52.37559327856221],[-127.437173442425,52.41274096703016],[-127.34568623858989,52.41747645863164],[-127.26203086743014,52.473450669672935],[-127.1881122262869,52.41833097143524],[-127.20997825283844,52.39513346513146],[-127.15966994777172,52.34208306665176],[-126.9809090249839,52.335484674183085],[-126.91607504589636,52.25230656081062],[-126.90060182784093,52.19678517318423],[-126.815372947282,52.16108457743385],[-126.6728157376526,52.04262168242979],[-126.68673954884815,52.018975576554055],[-126.83821242029482,52.14899726886234],[-126.92713253437792,52.18859457718582],[-126.95804543841793,52.26297677895967],[-127.03247843522948,52.31056677064593],[-127.08445444279485,52.29838406043385],[-127.1529193578451,52.31697286818735],[-127.2976208366876,52.23242996763785],[-127.39972912786179,52.2174854632172],[-127.54418063917558,52.13063068615108],[-127.60729496140462,52.11805067535117],[-127.65533725858221,52.029547458665185],[-127.66806524433382,51.96419755600351],[-127.80907804311789,51.93464235932768],[-127.8824236505109,51.896986276923926],[-127.86248754502142,51.8663501791997],[-127.89623554900145,51.81967166338696],[-127.8729425385353,51.757066258054444],[-127.89145694089827,51.715205863464504],[-127.87699383059022,51.66964257055887],[-127.79583285838373,51.595652057914236],[-127.79693885997757,51.52923126332865],[-127.66174336621198,51.51676796829197],[-127.59543855950717,51.56614387710919],[-127.54806982799685,51.63814337371533],[-127.50768945422364,51.62021825746331],[-127.52109555064,51.51345237360912],[-127.63385914767616,51.43038105840217],[-127.65524544223824,51.39481147962488],[-127.72019703384969,51.40118625999935],[-127.79079405473188,51.3587903697109],[-127.77451064031419,51.32044066498464],[-127.68875435471887,51.33734326247594],[-127.52452673099108,51.34237637141041],[-127.49392405054616,51.31539616533056],[-127.35628495631269,51.30883196479374],[-127.4226209602799,51.272253961287646],[-127.58080974014086,51.261968368328226],[-127.60232324969272,51.28373737429434],[-127.76669983629353,51.24834577240203],[-127.77787624807632,51.18670175823019],[-127.7218034548868,51.13521226907325],[-127.67974846184894,51.130851375323324],[-127.6572384685565,51.08698006731806],[-127.5374745514005,51.1161378614645],[-127.33952834517117,51.038014263052105],[-127.31068716741568,51.05875216579446],[-127.15582936300454,51.05320917181719],[-127.01573994817463,51.08380405417632],[-127.0167349220132,51.05985306292391],[-127.14223744863942,51.0380826581967],[-127.30276263489215,51.043681160049545],[-127.32358425388067,51.03394536631461],[-127.40851215670402,51.04461266923613],[-127.40869573941025,51.0584018819694],[-127.50650044949332,51.09307417116543],[-127.52328262935923,51.04324116839257],[-127.51200025345163,50.992799860122034],[-127.40710762472258,50.92572956641464],[-127.33632944691622,50.905416056403894],[-127.27068554059413,50.91314955698341],[-127.19733446466552,50.87595777065019],[-127.01979683996478,50.81746118141835],[-126.94447045869204,50.850307764417416],[-126.86762074221792,50.94279877209512],[-126.81162415330421,50.95294197608417],[-126.72195595636877,50.87354376012833],[-126.62552534750155,50.886039757836315],[-126.4839465425312,50.96223207833133],[-126.39055944532966,50.93172265986443],[-126.18658214409895,50.92669526463577],[-126.19971734278113,50.905396153112555],[-126.47328894318801,50.925853574151304],[-126.54871904725529,50.897591452050264],[-126.5658478521738,50.8331189524281],[-126.47550855696713,50.813812366393336],[-126.3284160246712,50.85073216926425],[-126.21645765758817,50.83248946439759],[-126.18740935069357,50.781968472120106],[-126.11059163189437,50.75506516999477],[-126.19306355143367,50.71314925072697],[-126.1824499435147,50.668295256132765],[-126.02203395340553,50.696138468843664],[-125.95824542945195,50.68523476205443],[-125.71055205208694,50.71745607212207],[-125.72047514101638,50.7439748635338],[-125.65205834277398,50.80863256504361],[-125.68469445538497,50.874663160503815],[-125.54479894744833,50.93732407083235],[-125.59151894573475,50.96574277526853],[-125.59087894029275,51.03635505309972],[-125.63437353468761,51.06650276938281],[-125.5869468265094,51.094536864622015],[-125.5429654331236,51.056709859471276],[-125.53680354746176,50.97633607376826],[-125.50421465001176,50.93198615229924],[-125.5540781299517,50.866613561998804],[-125.64700374885602,50.85202965682183],[-125.59091083742797,50.79594856032354],[-125.6629860472269,50.751887777745274],[-125.69538636258686,50.69171346977799],[-125.8329881463137,50.68161155641455],[-125.88532673819475,50.6640183546241],[-126.003217226315,50.6678237651787],[-126.11455254694752,50.643146569995636],[-126.1824745549451,50.64662586488043],[-126.27458524718364,50.63028027355712],[-126.24000572280458,50.58370716611223],[-126.18960783070023,50.58017085899356],[-125.97457832684675,50.642360366278126],[-125.94688983012236,50.628284874873],[-126.19039525934684,50.569090467607616],[-126.19538485702695,50.53455197117178],[-126.27095873346448,50.507744071477205],[-126.13150853473034,50.483321760718674],[-125.9303577543688,50.471489470144924],[-125.81601354886689,50.500571773918885],[-125.70364295170708,50.42211776005132],[-125.61726395533243,50.450495166505675],[-125.51585155305722,50.453290852932746],[-125.47473604308512,50.44267766417112],[-125.34682124105433,50.477593556746356],[-125.2585212516298,50.45796935657027],[-125.16835322932758,50.40909055888889],[-125.09762752390823,50.44546626493807],[-125.10102013976373,50.501323756372095],[-124.99057415480625,50.53962077244187],[-124.98917755734418,50.56850656818695],[-124.93002183021208,50.589290067737416],[-124.89818003911343,50.635736359553995],[-124.92916053831998,50.67151816661643],[-124.88960385767676,50.73177796685432],[-124.94703201894583,50.75448696326894],[-124.9710484362804,50.822230855171185],[-124.91211313740263,50.8365854650836],[-124.8818875255981,50.88594855844765],[-124.82477542993014,50.93142788217143],[-124.7925794394342,50.89060147651144],[-124.83773802486171,50.87248697600557],[-124.86399701854815,50.82274076727818],[-124.91494595627488,50.802703559383374],[-124.89519374749314,50.76949805608475],[-124.83219613728157,50.73282046126059],[-124.86287473142973,50.689928971401855],[-124.86067614772838,50.598521764709716],[-124.96826045251105,50.501648456139485],[-125.0501991276477,50.4808963634519],[-125.06584992453328,50.41017436963436],[-125.05478315423052,50.315387575452625],[-124.99810445439293,50.344546770928474],[-124.8362868375811,50.3100239787021],[-124.71205894889599,50.37340415485863],[-124.66155743025139,50.43699647098662],[-124.61248332779815,50.419276473728296],[-124.411730639244,50.467107155425495],[-124.417502227554,50.43817577097599],[-124.5079101447036,50.41727975309831],[-124.52298462537298,50.39745905551568],[-124.63611365008045,50.40035586062861],[-124.66797423953064,50.38798655481234],[-124.71500015138494,50.322336271019935],[-124.63289213799077,50.29301035849656],[-124.61204683923386,50.18707905400151],[-124.72695193270293,50.08574085898323],[-124.837651445696,50.05165956086797],[-124.75216133701593,49.96350096318561],[-124.55632324138736,49.87187736284549],[-124.52659983295655,49.804423965325675],[-124.3967437492199,49.766421760932516],[-124.13052853741868,49.78172916497647],[-124.10179815170385,49.7981160641574],[-124.07741421738184,49.866433960299574],[-124.0314792402802,49.89322334949999],[-123.97047585298645,49.804668871736595],[-123.90366292803242,49.878874456683974],[-123.96122294422467,49.90515115083409],[-124.0096874270398,49.96845585559035],[-124.00845063377815,49.99808507995478],[-123.8420559411661,50.05779216969358],[-123.79363645943448,50.11713476822486],[-123.74713033623482,50.09663187581004],[-123.78789574434674,50.04765036458148],[-123.95664602380883,49.99756095733977],[-123.97636395522618,49.961078468898656],[-123.86816954001071,49.879603674551895],[-123.87305363690726,49.846278555364236],[-123.92313654420123,49.798633070706224],[-124.03668954332998,49.738569966481606],[-124.07478044628778,49.6420854617802],[-124.03001715500352,49.62775076936617],[-124.00171104914098,49.555338248926226],[-123.87046212435628,49.467816358478174],[-123.74295633042898,49.46938007802994],[-123.68405482079761,49.43613906298206],[-123.53385984455878,49.38369686518522],[-123.46785482141553,49.44947535588791],[-123.49227855798463,49.51879736620833],[-123.30908665068603,49.58363586220414],[-123.26535833862883,49.58930276490058],[-123.25673052989428,49.66412227023488],[-123.18329874049502,49.685237568764265],[-123.23727983084731,49.55691056169686],[-123.26121816130804,49.52624166686571],[-123.2330165558734,49.424920565312085],[-123.28462214153382,49.3587717605177],[-123.11502414257406,49.30853987079166],[-123.17102514343966,49.271734047026584],[-123.24443134100231,49.27984206762818],[-123.25261593266048,49.2510402510623],[-123.13087182857515,49.199888363539095],[-123.19719932902554,49.175362073816856],[-123.19645273267625,49.12651027472542],[-123.08116293564862,49.09686385496238],[-123.14925023004194,49.06212747397308],[-123.09920373680717,49.03482676753771],[-122.89087543560176,49.09147047508747],[-122.86672952376524,49.02441156516977],[-122.75790735615801,49.002216786138675],[-121.99586526306301,49.00000525264176],[-121.49999999914766,49.00000000271192],[-120.99999999180666,48.99999999603841],[-120.36996735905555,49.000080677679286],[-119.53598202882692,49.00004030514459],[-119.00848174086634,49.000010599233725],[-118.49999998681622,49.00000000788806],[-118.00188008144292,49.0003567933526],[-117.26835304311027,49.00002275067638],[-116.7553497303775,49.000019998789575],[-116.27574447307212,49.0000298506592],[-115.25917001492816,49.00001142304634],[-114.76351113501154,49.00001652415183],[-114.06833210989326,48.99885049563473],[-114.08097635842336,49.059688458776186],[-114.15314913867684,49.099510394733024],[-114.17490451914321,49.16355053792323],[-114.34559060629924,49.193570767332574],[-114.40212197420314,49.213273603279454],[-114.39348599518743,49.257187403854154],[-114.44794247585185,49.26436922567097],[-114.48762451515965,49.34732061289485],[-114.56692967370417,49.376883565147224],[-114.59843280764393,49.412561580617194],[-114.59471741310718,49.50284302146278],[-114.62013320018242,49.54680866128605],[-114.73258666928265,49.57637952571012],[-114.7464764461412,49.618509704802726],[-114.66281800636476,49.643724479345366],[-114.66838503820762,49.70387516511748],[-114.6331191223708,49.73407963465571],[-114.63993243584686,49.827720883187766],[-114.69178590695928,49.89628610420378],[-114.69367620540014,49.94258395560789],[-114.65743624890787,49.96839673910537],[-114.66637119771747,50.050944373968356],[-114.73325919665542,50.11861061798248],[-114.72467038891745,50.190177189505036],[-114.77022537721705,50.24999499799529],[-114.75166705991846,50.275287033114964],[-114.79760596455519,50.32612201944699],[-114.76621722955211,50.350742251206405],[-114.85689168089031,50.392524013297304],[-115.01369673096363,50.57085909943165],[-115.08527384255318,50.58974905852128],[-115.23098413967999,50.54487863601947],[-115.23965061226684,50.589196791291194],[-115.29362560549112,50.61110757932506],[-115.28225408132835,50.663192893175],[-115.31512449632238,50.72582574662673],[-115.39122236791655,50.70645244611478],[-115.43628198058029,50.75573069266458],[-115.55086991513816,50.79706590243719],[-115.57813602188172,50.84050376173253],[-115.64298277653826,50.842206489405456],[-115.64892946164179,50.87414760130435],[-115.59264618109087,50.89264113792292],[-115.64883405703591,50.99752045740626],[-115.76703563342772,51.0393882747653],[-115.78923190003897,51.07241768462438],[-115.8679333808688,51.08929039744206],[-115.92360697933762,51.08310956472597],[-116.00446487359802,51.12468128980419],[-116.03684494216733,51.17004552629636],[-116.00760375243165,51.222012153676545],[-116.26801739505129,51.311933169907],[-116.31143488790553,51.38496221256879],[-116.28247020553906,51.40683673284873],[-116.29243030377562,51.46180268497617],[-116.36059709565964,51.470866145177496],[-116.39382922260039,51.505662937666706],[-116.39088604957419,51.54558824834774],[-116.45292502639033,51.560548148160656],[-116.47141114012894,51.60467759924574],[-116.59501567269879,51.66183009426224],[-116.58117636500683,51.697281539226864],[-116.65034888460332,51.753706435225126],[-116.68207610185374,51.812146580278934],[-116.7442324711004,51.80660801720574],[-116.81859819337654,51.73556447376058],[-116.80974116725382,51.70534635005719],[-116.92056790791595,51.70980326840852],[-116.97636058180518,51.76018497849167],[-116.96400220933963,51.79495126276401],[-117.03432087448178,51.85980742590004],[-117.0194649484731,51.891359999791824],[-117.10317598352572,51.95651679690682],[-117.19722361297138,51.980134840517756],[-117.26840791645557,52.05578651391885],[-117.33403622995247,52.14864145776625],[-117.3812557404315,52.13772407759454],[-117.61126381283356,52.14425889856101],[-117.6635295233446,52.19789299233782],[-117.74134637875784,52.202997387083634],[-117.81831749566757,52.22635481382316],[-117.8395780647449,52.27412744590471],[-117.75287839938562,52.31642360975823],[-117.70579503120712,52.36534487450286],[-117.76649799083366,52.41769215254423],[-117.8869330460696,52.42609158556977],[-117.96679241620059,52.46970872698311],[-118.05289905900271,52.44956354099801],[-118.04416878304102,52.398459360488324],[-118.13804609686899,52.40749750551219],[-118.2127731680245,52.37034145303509],[-118.2553380178449,52.44953694752912],[-118.23552910270062,52.49017789295967],[-118.3325682898774,52.58017159751628],[-118.35449111823141,52.633683980662084],[-118.2901411857454,52.677693441575634],[-118.3432946652794,52.708888881537135],[-118.34282282867123,52.73855633325671],[-118.4224101294373,52.77578651196457],[-118.39962643062543,52.824460209875674],[-118.44827945001734,52.88528679187332],[-118.54378774498966,52.90845463313629],[-118.61382974913933,52.883721693697154],[-118.61342207156204,52.93601196344847],[-118.66020489429712,52.96393768063029],[-118.65534778600276,53.03479723339537],[-118.75905843996364,53.065776060039155],[-118.73234093348046,53.11924941010462],[-118.78652165888714,53.15922417962783],[-118.91596082726306,53.21184491543691],[-118.94744409721625,53.238935158015735],[-119.02383383346665,53.23194970726559],[-118.9994180527081,53.192764770101014],[-119.04688152684764,53.14490962407405],[-119.11952400620203,53.16176576397261],[-119.14601293054659,53.19118076861623],[-119.23271506781917,53.181768314023],[-119.34049629263686,53.287080297807584],[-119.35587852064704,53.34010217967953],[-119.406084810358,53.368089294540795],[-119.66890020525733,53.367828191712604],[-119.72542263011678,53.3887543193155],[-119.79063326841137,53.47926590694757],[-119.89947701022142,53.51912780614608],[-119.86225650779856,53.54850858697278],[-119.91071278358166,53.60125461596849],[-119.85406621146848,53.60770663019581],[-119.74872565869923,53.59336587552184],[-119.71340854121921,53.61457992461637],[-119.79738076094429,53.70777219640795],[-119.9079808864972,53.71060103523417],[-119.88823655626415,53.7794846170415],[-119.94234051951898,53.77586190053382],[-119.99998739182122,53.80623480695065],[-119.9999999828489,54.268868728725835],[-120.0002974714735,54.797683919491895],[-120.00000000851105,55.40234406917317],[-119.99994596937273,55.778381662437454],[-120.00075211593219,56.24931225890619],[-120.00003718744375,56.770701305052015],[-119.99989928621218,57.51399805514038],[-119.999988643064,58.14911381760807],[-119.99999993292046,58.73404886883381],[-119.99999998322915,59.999999999353555],[-121.00000002378941,59.99999999667195],[-121.74999997746288,59.999999990159665],[-122.50000001140654,59.99999999602524],[-122.99999999299166,60.00000000727367],[-123.78932483556078,60.00003261972139]]]],"type":"MultiPolygon"},"properties":{"geo_point_2d":{"lon":-124.7656381299199,"lat":54.755183090076166},"year":2021,"prov_code":["59"],"prov_name_en":["British Columbia"],"prov_area_code":"CAN","prov_type":"province","prov_name_fr":"Colombie-Britannique","name":"British Columbia"}},{"type":"Feature","geometry":{"coordinates":[[[-110.00502263037129,48.99969874079486],[-110.0044937118886,49.5328648697134],[-110.00422256342321,49.959855299479166],[-110.00492818842118,50.339002153128554],[-110.00301558220588,50.833774737628815],[-110.00507401389385,51.27055099818553],[-110.00488268646698,51.87147071516013],[-110.00444588544654,52.52137304690487],[-110.00610402886953,52.924027775267],[-110.00529381394595,53.43711060384553],[-110.00547521577427,53.74141460054554],[-110.00566448758316,54.23635084110213],[-110.00567348965394,54.74772766218763],[-110.00006204876378,55.331232447001504],[-109.99985804924881,55.87280484319898],[-110.00000002246276,56.40286982775249],[-109.99999999859067,57.381213783776815],[-110.0001946314103,57.942813949734834],[-110.00033550552752,58.50737825916428],[-109.99999999605141,58.975993629631375],[-110.00000000215792,59.30710876687605],[-110.00000001796496,59.99999999848801],[-110.7499999880305,59.9999999923509],[-111.24999999716894,59.99999999724939],[-112.2500000231601,59.999999995909356],[-112.74999999450311,59.99999999026325],[-113.75000001284413,59.99999998971678],[-114.49999999009431,59.999999991567684],[-115.4999999822606,59.99999999164492],[-115.99999997738058,59.999999997094925],[-117.0000000158206,59.999999992749935],[-117.99999999643957,59.99999998820713],[-118.75000001927941,59.999999994719296],[-119.49999998618682,59.9999999918623],[-119.99999998322915,59.999999999353555],[-119.99999993292046,58.73404886883381],[-119.999988643064,58.14911381760807],[-119.99989928621218,57.51399805514038],[-120.00003718744375,56.770701305052015],[-120.00075211593219,56.24931225890619],[-119.99994596937273,55.778381662437454],[-120.00000000851105,55.40234406917317],[-120.0002974714735,54.797683919491895],[-119.9999999828489,54.268868728725835],[-119.99998739182122,53.80623480695065],[-119.94234051951898,53.77586190053382],[-119.88823655626415,53.7794846170415],[-119.9079808864972,53.71060103523417],[-119.79738076094429,53.70777219640795],[-119.71340854121921,53.61457992461637],[-119.74872565869923,53.59336587552184],[-119.85406621146848,53.60770663019581],[-119.91071278358166,53.60125461596849],[-119.86225650779856,53.54850858697278],[-119.89947701022142,53.51912780614608],[-119.79063326841137,53.47926590694757],[-119.72542263011678,53.3887543193155],[-119.66890020525733,53.367828191712604],[-119.406084810358,53.368089294540795],[-119.35587852064704,53.34010217967953],[-119.34049629263686,53.287080297807584],[-119.23271506781917,53.181768314023],[-119.14601293054659,53.19118076861623],[-119.11952400620203,53.16176576397261],[-119.04688152684764,53.14490962407405],[-118.9994180527081,53.192764770101014],[-119.02383383346665,53.23194970726559],[-118.94744409721625,53.238935158015735],[-118.91596082726306,53.21184491543691],[-118.78652165888714,53.15922417962783],[-118.73234093348046,53.11924941010462],[-118.75905843996364,53.065776060039155],[-118.65534778600276,53.03479723339537],[-118.66020489429712,52.96393768063029],[-118.61342207156204,52.93601196344847],[-118.61382974913933,52.883721693697154],[-118.54378774498966,52.90845463313629],[-118.44827945001734,52.88528679187332],[-118.39962643062543,52.824460209875674],[-118.4224101294373,52.77578651196457],[-118.34282282867123,52.73855633325671],[-118.3432946652794,52.708888881537135],[-118.2901411857454,52.677693441575634],[-118.35449111823141,52.633683980662084],[-118.3325682898774,52.58017159751628],[-118.23552910270062,52.49017789295967],[-118.2553380178449,52.44953694752912],[-118.2127731680245,52.37034145303509],[-118.13804609686899,52.40749750551219],[-118.04416878304102,52.398459360488324],[-118.05289905900271,52.44956354099801],[-117.96679241620059,52.46970872698311],[-117.8869330460696,52.42609158556977],[-117.76649799083366,52.41769215254423],[-117.70579503120712,52.36534487450286],[-117.75287839938562,52.31642360975823],[-117.8395780647449,52.27412744590471],[-117.81831749566757,52.22635481382316],[-117.74134637875784,52.202997387083634],[-117.6635295233446,52.19789299233782],[-117.61126381283356,52.14425889856101],[-117.3812557404315,52.13772407759454],[-117.33403622995247,52.14864145776625],[-117.26840791645557,52.05578651391885],[-117.19722361297138,51.980134840517756],[-117.10317598352572,51.95651679690682],[-117.0194649484731,51.891359999791824],[-117.03432087448178,51.85980742590004],[-116.96400220933963,51.79495126276401],[-116.97636058180518,51.76018497849167],[-116.92056790791595,51.70980326840852],[-116.80974116725382,51.70534635005719],[-116.81859819337654,51.73556447376058],[-116.7442324711004,51.80660801720574],[-116.68207610185374,51.812146580278934],[-116.65034888460332,51.753706435225126],[-116.58117636500683,51.697281539226864],[-116.59501567269879,51.66183009426224],[-116.47141114012894,51.60467759924574],[-116.45292502639033,51.560548148160656],[-116.39088604957419,51.54558824834774],[-116.39382922260039,51.505662937666706],[-116.36059709565964,51.470866145177496],[-116.29243030377562,51.46180268497617],[-116.28247020553906,51.40683673284873],[-116.31143488790553,51.38496221256879],[-116.26801739505129,51.311933169907],[-116.00760375243165,51.222012153676545],[-116.03684494216733,51.17004552629636],[-116.00446487359802,51.12468128980419],[-115.92360697933762,51.08310956472597],[-115.8679333808688,51.08929039744206],[-115.78923190003897,51.07241768462438],[-115.76703563342772,51.0393882747653],[-115.64883405703591,50.99752045740626],[-115.59264618109087,50.89264113792292],[-115.64892946164179,50.87414760130435],[-115.64298277653826,50.842206489405456],[-115.57813602188172,50.84050376173253],[-115.55086991513816,50.79706590243719],[-115.43628198058029,50.75573069266458],[-115.39122236791655,50.70645244611478],[-115.31512449632238,50.72582574662673],[-115.28225408132835,50.663192893175],[-115.29362560549112,50.61110757932506],[-115.23965061226684,50.589196791291194],[-115.23098413967999,50.54487863601947],[-115.08527384255318,50.58974905852128],[-115.01369673096363,50.57085909943165],[-114.85689168089031,50.392524013297304],[-114.76621722955211,50.350742251206405],[-114.79760596455519,50.32612201944699],[-114.75166705991846,50.275287033114964],[-114.77022537721705,50.24999499799529],[-114.72467038891745,50.190177189505036],[-114.73325919665542,50.11861061798248],[-114.66637119771747,50.050944373968356],[-114.65743624890787,49.96839673910537],[-114.69367620540014,49.94258395560789],[-114.69178590695928,49.89628610420378],[-114.63993243584686,49.827720883187766],[-114.6331191223708,49.73407963465571],[-114.66838503820762,49.70387516511748],[-114.66281800636476,49.643724479345366],[-114.7464764461412,49.618509704802726],[-114.73258666928265,49.57637952571012],[-114.62013320018242,49.54680866128605],[-114.59471741310718,49.50284302146278],[-114.59843280764393,49.412561580617194],[-114.56692967370417,49.376883565147224],[-114.48762451515965,49.34732061289485],[-114.44794247585185,49.26436922567097],[-114.39348599518743,49.257187403854154],[-114.40212197420314,49.213273603279454],[-114.34559060629924,49.193570767332574],[-114.17490451914321,49.16355053792323],[-114.15314913867684,49.099510394733024],[-114.08097635842336,49.059688458776186],[-114.06833210989326,48.99885049563473],[-113.71696126301497,48.99763265415587],[-112.94324747648125,48.9984632081942],[-112.41075318715687,48.998654230230585],[-111.54607776518708,48.996739963272354],[-110.99314952343316,48.99787348419784],[-110.44095886234844,48.99901780045654],[-110.00502263037129,48.99969874079486]]],"type":"Polygon"},"properties":{"geo_point_2d":{"lon":-114.51101438986483,"lat":55.16890299842028},"year":2021,"prov_code":["48"],"prov_name_en":["Alberta"],"prov_area_code":"CAN","prov_type":"province","prov_name_fr":"Alberta","name":"Alberta"}},{"type":"Feature","geometry":{"coordinates":[[[[-139.133878245499,69.63737110928538],[-139.2478302198268,69.58914420442422],[-139.21186826763625,69.54973660972294],[-139.091670470544,69.52146359603077],[-138.9694165265472,69.57667290399992],[-138.95891630505238,69.62111690407808],[-139.133878245499,69.63737110928538]]],[[[-136.46860294286418,68.86953100756514],[-136.56879383620915,68.89030340755201],[-136.7707543784417,68.85660500651923],[-137.0984302705917,68.94236011702063],[-137.20771852913433,68.9289174011756],[-137.4864178671528,69.00251221370321],[-137.62121314992055,69.01847280353991],[-137.9498633717991,69.09347591888204],[-138.1998447671441,69.16694449072062],[-138.27422939503785,69.20491930068516],[-138.35111007246573,69.28440680808716],[-138.45929071390586,69.22076960761194],[-138.5836423677706,69.24575679618054],[-138.6090722829797,69.28072550183073],[-138.9201917700874,69.39584520387304],[-139.16177624045696,69.50203310339943],[-139.25770162200124,69.49979130859832],[-139.35284728194623,69.53513841316362],[-139.5799201572266,69.5364013972395],[-139.60759179732378,69.56249001414668],[-139.76681755426998,69.59806049667439],[-139.98080750948225,69.61325489410567],[-140.36871080756174,69.58915710659615],[-140.6968249561377,69.60977970393309],[-141.01149399476827,69.64670698150248],[-141.01807315762744,69.50287549158232],[-141.01426738900267,69.03686912120973],[-141.01357055797828,68.69112147459623],[-141.01351573846054,68.21286838794046],[-141.01414329072873,67.86276731325373],[-141.00893335727366,67.26573557430369],[-141.00294772900335,66.85796323109427],[-141.00577927775797,66.14741006330834],[-141.0082033244108,65.75212475029011],[-141.0078775770926,65.09119917490274],[-140.99870474802682,64.67190072301351],[-141.00322398285323,64.20342419825101],[-141.0037798353721,63.7550365420626],[-141.00357050406393,63.321496746366186],[-140.99978216074723,63.00000001582135],[-140.99893134787084,62.57041816913557],[-141.00107096719228,62.08197499942583],[-140.9994084091485,61.71080361471432],[-140.99795569098768,61.219015550459275],[-140.9972060563906,60.77401909477483],[-140.99797094202637,60.30804143501624],[-140.51708414909695,60.22016270399112],[-140.44797584143475,60.307960170010496],[-139.9716792360861,60.183882281191316],[-139.68006247442057,60.33572082152147],[-139.05206816938835,60.35372637134072],[-139.0485176993067,60.32589428382751],[-139.17701918599138,60.08285984189678],[-139.05220104118402,60.000040647475984],[-138.50000003442142,60.00000000057157],[-137.49999997394286,60.00000000054048],[-136.50000001039544,59.99999998798902],[-135.50000000955464,59.99999998930829],[-134.75000000330715,59.9999999871426],[-133.99999997848303,60.00000000072002],[-133.50000002098508,60.00000000494448],[-132.50000000977428,59.99999998852587],[-131.50000001453787,59.99999999830193],[-130.4999999901209,59.99999998665454],[-129.75000000875932,59.99999999195636],[-128.9999999685279,59.99999999863197],[-127.99999996571268,59.99999999547142],[-126.99999997369922,59.999999997454886],[-126.4999999713332,59.99999999735679],[-125.49999998069138,59.999999990696594],[-124.49999998419169,59.99999999084944],[-123.78932483556078,60.00003261972139],[-124.00052694335622,60.1091975870028],[-124.02996077825347,60.14815830510271],[-124.12382851505659,60.20600140954099],[-124.21446781082658,60.364572055362935],[-124.1978625165222,60.445915703935825],[-124.38914599215241,60.45845880799385],[-124.39377325978391,60.518900784326924],[-124.44719465174173,60.572809314786525],[-124.5710655748035,60.64141542912461],[-124.5994526510315,60.687867621552854],[-124.49178305967725,60.72839758932217],[-124.44921661387147,60.76468261612414],[-124.49625398140616,60.80250261649354],[-124.53938216457843,60.93860689361571],[-124.63322717681334,60.92679898845099],[-124.7661541156429,60.958063531189204],[-124.83743028771454,60.89931322237798],[-124.82579771779439,60.83704696885594],[-124.96749742940047,60.84924140845609],[-125.14788162540933,60.832508586773905],[-125.26406726015867,60.76834796173143],[-125.37491230901588,60.76638392731249],[-125.53379371957242,60.812355198193615],[-125.66963923125341,60.80310898423183],[-125.83222475592586,60.881287565389805],[-125.92081827955288,60.84859762379209],[-125.96680312528869,60.78924267132338],[-126.0565613100729,60.79524544612696],[-126.0633506176436,60.85136803297923],[-126.21065416178051,60.83443328431482],[-126.19792614776921,60.78223547309279],[-126.28349984400442,60.75882843389275],[-126.38708902620162,60.76554897502509],[-126.48637011184086,60.8001486624074],[-126.63904120405623,60.73078937851284],[-126.69265357796175,60.769031797315016],[-126.812747300261,60.758561541516364],[-126.84514292652415,60.774978499546506],[-126.82524651244664,60.831495625550886],[-126.85636972912846,60.87032991079549],[-126.85358648073161,60.93163136815242],[-126.9068272496414,61.007140350359265],[-126.96612365212579,61.05006764527092],[-127.04233430705368,61.0309437335335],[-127.0724348000552,61.066597131847914],[-127.01209917480999,61.13766748452257],[-126.96074011346884,61.16792861253084],[-127.0334014350873,61.322409478939626],[-127.0907563359359,61.368085347509194],[-127.10295620217313,61.458150429149285],[-127.19170195705206,61.461136795768105],[-127.23783627938927,61.500177760573024],[-127.4691899964864,61.48515494123551],[-127.62272241776417,61.5322280327105],[-127.66855033097156,61.58255240590783],[-127.76680544683941,61.59413878057259],[-127.88185153380542,61.66755835315712],[-128.04745997548366,61.72872035814388],[-127.98599682645201,61.791578076154124],[-128.02065326798208,61.82353902816265],[-128.14964349045914,61.83785501656135],[-128.2485771344756,61.93703240635486],[-128.35009723080927,61.97350905490271],[-128.34793921799357,62.01483621421393],[-128.54964039424434,62.116250194418726],[-128.6690316392648,62.1090782083185],[-128.73036016477744,62.04314251391712],[-128.8090390553754,62.04833557564831],[-128.8197954622716,62.08747198398313],[-128.92054779850812,62.09549083380446],[-128.94466479517058,62.11908420310815],[-129.1288683224354,62.09945700487171],[-129.19978698170002,62.13944342468342],[-129.16332575148402,62.203971336922464],[-129.26967035319709,62.25798251177228],[-129.25628198556046,62.327955080944726],[-129.18949838348698,62.361555349869505],[-129.28485596752344,62.39972151397909],[-129.17408089295526,62.44500524555075],[-129.21247015081306,62.50450738565521],[-129.3242737801304,62.52460417047195],[-129.38695329308175,62.57130453213962],[-129.4393480903208,62.577937828554695],[-129.56669569068637,62.68117950032261],[-129.66525691979786,62.814203446208424],[-129.74325754764024,62.83836882529889],[-129.75003440118826,62.8810643799619],[-129.67522538281378,62.92645512286436],[-129.58858365810258,63.042165233231316],[-129.61320852293252,63.073047939635764],[-129.74071335294522,63.060512148676324],[-129.8134959396854,63.10367321984202],[-129.91048552705755,63.192100874951755],[-129.98758381006525,63.19889804297768],[-130.01389394568733,63.236448660570794],[-130.13000165476552,63.26681646906014],[-130.05797621264367,63.30415826038583],[-129.86622001620287,63.367073573644284],[-129.90852714955784,63.417636887039905],[-129.87432280564678,63.45748121789064],[-129.78492801959493,63.44596953958672],[-129.89737179001418,63.552860691605645],[-129.9603275101874,63.565757612373595],[-129.96246077453762,63.609801188325655],[-130.08136368234562,63.60802613956494],[-130.10618780942323,63.688480768210844],[-130.26863540833335,63.644783938298914],[-130.33966700445276,63.69088276641864],[-130.1012285277107,63.75417928323963],[-130.1376624630407,63.79929407280332],[-130.14423470236886,63.8614242089662],[-130.33936255778798,63.81327809294673],[-130.44289505277632,63.89114322693886],[-130.63058112723127,63.94763639217344],[-130.7757025779434,63.97625081680917],[-130.80898269234754,64.04045170302709],[-130.9554166845177,64.11332460800048],[-130.85905945490586,64.1719612460009],[-130.94396511321014,64.18578165361001],[-130.98264825447933,64.25074044657273],[-131.07370797917588,64.27287038845076],[-131.02661729161235,64.30469722231913],[-131.06817445469648,64.36131916917962],[-131.14735174023986,64.40379186107008],[-131.2955251210762,64.44678477087577],[-131.38048897787553,64.4356829232168],[-131.45103160848439,64.3918642729484],[-131.67632493710266,64.37719541823678],[-131.85831047450253,64.38127237243577],[-131.82485464401702,64.4246997460015],[-131.6760378671331,64.48550911985149],[-131.68464617905076,64.52137123566479],[-131.85537225739108,64.53782495603576],[-131.9380960476587,64.5903430696563],[-132.03771578882282,64.69642310251766],[-132.12426147762397,64.70374165853056],[-132.3569641997662,64.78316801315572],[-132.4642397606695,64.78869409684206],[-132.54602757170048,64.77024589951793],[-132.58689659994874,64.83458922163427],[-132.46229229622074,64.90157045199983],[-132.4903187282618,64.96240338471716],[-132.41418874135215,64.98438269168629],[-132.33610021975488,65.06071968339133],[-132.54274207237785,65.08990109530045],[-132.50933714702117,65.17351212225398],[-132.65671034218607,65.14080905721178],[-132.77272121884374,65.18304327826664],[-132.7478971695245,65.22736689772069],[-132.6570047141943,65.2781304668005],[-132.5664242789274,65.28404347451634],[-132.5371481788262,65.35046437662409],[-132.37643655581968,65.40235899213344],[-132.27537032759713,65.4577007497201],[-132.28336851332833,65.50055332013733],[-132.16832125671309,65.60242731303728],[-132.31346095976517,65.73985755033587],[-132.41438779062497,65.78877613399995],[-132.56367958743857,65.83017019463425],[-132.59636896387045,65.85670413031514],[-132.5308633648179,65.9058966237701],[-132.35012225831653,65.95231643194728],[-132.37788832670148,65.98904025491208],[-132.49454186084276,65.97198877607603],[-132.54044428503815,66.01502464556899],[-132.65659687344035,66.01583156839129],[-132.7993380511747,65.95051457715476],[-132.83718650491744,65.90036712528483],[-132.90921597141187,65.88404408254647],[-133.02148482886508,65.91881242158405],[-132.91226351506293,66.0015436301976],[-132.9211475079986,66.02042157580246],[-133.12807023000843,66.03093969958924],[-133.26857884731288,65.99584664478965],[-133.40518518568277,65.93885850398024],[-133.65833087931256,65.95968098934176],[-133.5985562089063,66.05651530072338],[-133.69070592476442,66.07117328507749],[-133.65785417506171,66.12180553880955],[-133.54891425072222,66.16998680457647],[-133.55353396143707,66.2570089161453],[-133.6262282415438,66.29861707177125],[-133.78575988043508,66.29538023785464],[-133.83542356024392,66.31721772522128],[-133.76806949413128,66.36618351710433],[-133.7341908409436,66.44035661676946],[-133.60982732929082,66.4360652465612],[-133.69344235953395,66.50348549564077],[-133.58818740061096,66.54997897109943],[-133.79336846876907,66.64944320045821],[-133.74806657015367,66.67896361206896],[-133.84633012875386,66.72279629687112],[-133.75966391434653,66.80102695838823],[-133.9432901349393,66.9052629593569],[-134.11784703230845,66.95691748550215],[-134.01420963955186,66.98584103680153],[-134.5750000058293,66.99999998327209],[-135.51250001355638,66.99999998735737],[-136.16441357554652,67.00000005930883],[-136.23244954958056,67.10669667457852],[-136.19152465734976,67.14390383609233],[-136.2350960747785,67.17254237903158],[-136.13749607192815,67.23263415791347],[-136.08655748152276,67.30070614891035],[-136.14003434032213,67.3664411891977],[-136.22205360733608,67.40547162015072],[-136.17866768863917,67.4577295660322],[-136.21871487528304,67.51340307369937],[-136.19997975993525,67.56166209428727],[-136.2898931158753,67.63423337508618],[-136.44877269982535,67.64947145861922],[-136.45834903234754,67.81291203925758],[-136.46532350663364,68.30347367477306],[-136.46860294286418,68.86953100756514]]]],"type":"MultiPolygon"},"properties":{"geo_point_2d":{"lon":-135.51007960983821,"lat":63.63044387691213},"year":2021,"prov_code":["60"],"prov_name_en":["Yukon"],"prov_area_code":"CAN","prov_type":"territory / territoire","prov_name_fr":"Yukon","name":"Yukon"}},{"type":"Feature","geometry":{"coordinates":[[[-94.82807905269526,60.00000013418973],[-95.32499998084715,59.99999998795691],[-96.00000002442155,59.99999999656751],[-96.74999999569592,59.99999998995823],[-97.50000002266178,59.999999986673586],[-98.00000000511234,59.99999999456422],[-99.00000002639037,60.00000000056211],[-99.49999999530887,60.0000000053764],[-100.49999999489309,60.00000000090208],[-101.50000000126524,59.99999999698493],[-102.00000001273865,59.99999999727239],[-102.00738974793785,59.751779412250514],[-102.00666187384984,59.00053857791262],[-102.00602442499502,58.31370962427229],[-102.00502447835538,57.178054224189154],[-102.00760914168968,56.50015461742596],[-102.00412938852898,55.809350074247966],[-101.96387163013243,55.809468497125],[-101.96395494363055,55.46042008989942],[-101.9242270306603,55.46021659133398],[-101.92436060643028,55.11209058995745],[-101.88526563857515,55.11159665535697],[-101.88531837552426,54.76252586406934],[-101.84743666257377,54.762523065975586],[-101.8474842635185,54.41356389823302],[-101.81046130903576,54.41353989396851],[-101.81043452049735,54.06440581814299],[-101.77132275803015,54.06440246115411],[-101.7706639991953,53.710910025484104],[-101.73543094383754,53.71070651628193],[-101.73554368489725,53.36580844267872],[-101.70060567806453,53.365781116591506],[-101.70069426314035,53.01645077643624],[-101.67160451924185,53.01644787432361],[-101.67158804145483,52.667260577349104],[-101.637705258716,52.66727392727783],[-101.6378126510492,52.31814946339973],[-101.60905476166866,52.31815801960717],[-101.60933504156195,51.96864354949243],[-101.57755508400456,51.96851810304956],[-101.57051507292341,51.65492175003667],[-101.57054393736702,51.30187588726334],[-101.53915270054428,51.30186450240178],[-101.53898869893298,50.9484953110397],[-101.50869461731304,50.948485129800005],[-101.50872882326871,50.594393350522765],[-101.47699491379517,50.59438750561639],[-101.47672111132728,50.24050443254414],[-101.44715800144077,50.24052438404828],[-101.44721949092262,49.89436900669737],[-101.41754598208134,49.88667010665922],[-101.41763515159218,49.53274480138174],[-101.39256410725224,49.53272257957741],[-101.39148032187168,49.17784702922313],[-101.36211111910964,49.17777859713056],[-101.3619898004162,48.99947410165371],[-100.79726113497237,49.00004955202371],[-100.24999998614732,48.999999999877275],[-99.499999993756,48.99999999627045],[-99.00685107252968,49.00000861216078],[-98.52752480395546,49.00003166350274],[-97.78980327322822,49.00052766593343],[-97.18914286860996,49.000339701789926],[-96.3820669762782,49.00008054919016],[-95.76643145904191,48.999652540323005],[-95.23241296869895,48.99949053420225],[-95.21961515833513,49.035550528876534],[-95.2810920448176,49.05625812945781],[-95.2932134647298,49.103070140438184],[-95.24227637255684,49.16536211978564],[-95.1532753592194,49.17573712633566],[-95.15346063941146,49.39807000784914],[-95.15267456301093,49.45203464780856],[-95.15243423411958,49.470103369208836],[-95.15385686173835,49.588969049228574],[-95.15287861750396,49.60343218662803],[-95.1531931455227,49.61676758431623],[-95.15343305923962,49.646064671099545],[-95.15288275865406,50.00120808506213],[-95.1529236674444,50.45893200998638],[-95.15297848826071,51.05796105040927],[-95.15302390718286,51.54219089863116],[-95.15305456567253,51.86266261121522],[-95.15310037077275,52.3325267618092],[-95.15315109619874,52.840573105165824],[-94.8677429340828,53.01614425425792],[-94.26267121459904,53.38142400015198],[-93.95844503022865,53.55369426572678],[-93.62955353161696,53.75020269539538],[-93.18967477133192,54.074774269364596],[-92.65857365416458,54.45337888148815],[-92.18869236422555,54.774903598534074],[-91.99997009144725,54.90600270654785],[-91.64779319163708,55.15848486055022],[-90.80225034836211,55.72039433657419],[-90.15292343306959,56.13376364541832],[-89.48481181510505,56.547278386928674],[-88.97957690400271,56.85114844621411],[-89.21158001070476,56.880102741364595],[-89.36360202718627,56.92371833759818],[-89.49865080238143,56.92437774911918],[-89.68200959375802,56.961173533896066],[-89.93681302450244,56.99913743503251],[-90.06877231379671,57.05165592863218],[-90.35418993066496,57.15257623217311],[-90.38893483281217,57.17697782902689],[-90.50941361741987,57.19777494158648],[-90.6358002095494,57.237886635214316],[-90.71431009143954,57.23209212998857],[-90.86123513028706,57.26525063205583],[-91.00363373466273,57.263859033082284],[-91.14651789061507,57.24766812723087],[-91.37619219938033,57.2009972470269],[-91.57926042639582,57.148270442780756],[-91.68306450239794,57.129307247935415],[-91.87010990994493,57.07719834713495],[-92.01688152601197,57.051235047476624],[-92.12305342292376,57.049207945955196],[-92.25684192929596,57.012065836333804],[-92.20977321953227,57.07249323261869],[-92.36866252297287,57.058752850701886],[-92.48220700391933,57.034673230991935],[-92.61641311069276,56.97870104540634],[-92.68629733625828,56.98760863048799],[-92.54487690698271,57.10108704165244],[-92.43858589483698,57.2636867484107],[-92.42501702303169,57.35770403399548],[-92.45934560009184,57.46000733376728],[-92.50297220196074,57.531472750843534],[-92.62653162288952,57.65964514280344],[-92.7111837206099,57.773542335769974],[-92.76199120560928,57.875694253185266],[-92.81489810254065,58.01878015215309],[-92.80030890058988,58.0433035334583],[-93.03455949500811,58.34494225401119],[-93.06066773107044,58.40781574626187],[-93.11552922681648,58.47780413117328],[-93.14166539440221,58.5715975354256],[-93.14406072917481,58.675966234253316],[-93.21018208538851,58.762822236169434],[-93.34837320326821,58.76470953895349],[-93.41458022643162,58.722505156084374],[-93.46607480824932,58.76257945825502],[-93.64074672782324,58.78820693670313],[-93.87003929240532,58.76674403906523],[-94.03378430095718,58.761865988318036],[-94.26436340722091,58.78940735042273],[-94.32337532753704,58.71988294455126],[-94.42663689673928,58.7028283553406],[-94.47641620562916,58.737709550500185],[-94.48364311708187,58.78483843826369],[-94.52935900537886,58.82706104367186],[-94.60178469562216,58.856696854252554],[-94.60546538259996,58.91646671520562],[-94.67646050300543,58.93526628799183],[-94.73246629045408,59.00275524221972],[-94.78491501092604,59.01692345528106],[-94.810594700876,59.08561835300798],[-94.78232909472624,59.16405545932652],[-94.80864628706756,59.21355650270273],[-94.7529706976712,59.342555353695325],[-94.71598920643576,59.38017074681336],[-94.83417841931897,59.64887733505821],[-94.81708111551026,59.72765865325999],[-94.77254582347153,59.79002044782008],[-94.85274581517876,59.97128090505775],[-94.82807905269526,60.00000013418973]]],"type":"Polygon"},"properties":{"geo_point_2d":{"lon":-97.43375328505664,"lat":54.93018410368252},"year":2021,"prov_code":["46"],"prov_name_en":["Manitoba"],"prov_area_code":"CAN","prov_type":"province","prov_name_fr":"Manitoba","name":"Manitoba"}},{"type":"Feature","geometry":{"coordinates":[[[[-53.636776807886896,48.87151021019325],[-53.678941022964395,48.87115809493252],[-53.75456980418092,48.834028113567435],[-53.72100719819193,48.814248902111615],[-53.636776807886896,48.87151021019325]]],[[[-60.31911312118356,55.84517009644964],[-60.401682403176125,55.80993979207579],[-60.292678779463834,55.79760829899298],[-60.31911312118356,55.84517009644964]]],[[[-55.558474809574925,49.54103970924549],[-55.65977962271573,49.53590086953359],[-55.648467684777025,49.50257009174051],[-55.558474809574925,49.54103970924549]]],[[[-61.74010702004722,56.46432659077099],[-61.853616299087584,56.471478887392955],[-61.84440337540814,56.43376960116076],[-61.7141201830902,56.427071208193404],[-61.74010702004722,56.46432659077099]]],[[[-64.5170598889855,60.31130875109068],[-64.43058572700632,60.37771601670712],[-64.53398458557436,60.341061643954525],[-64.5170598889855,60.31130875109068]]],[[[-58.68242859143087,55.00516830711562],[-58.713935496680634,54.998363610593785],[-58.7280707026029,54.930442194868846],[-58.66510958422779,54.91145629000276],[-58.68242859143087,55.00516830711562]]],[[[-57.051217714237765,53.69758720335087],[-57.13032280217525,53.706166895785984],[-57.17021840310177,53.65707831414827],[-57.09600862687366,53.64881009723008],[-57.051217714237765,53.69758720335087]]],[[[-55.5803292928045,49.5984896987021],[-55.61267030745063,49.58726180229608],[-55.72693958787806,49.60782940735748],[-55.731302685499145,49.56613460174105],[-55.62030018682815,49.57828239651354],[-55.5803292928045,49.5984896987021]]],[[[-55.687953191899545,49.56115638757706],[-55.74254800885237,49.56190108780959],[-55.757042499536695,49.524271585441035],[-55.7346057974857,49.486751600275184],[-55.66838370963461,49.52455901069422],[-55.687953191899545,49.56115638757706]]],[[[-54.07943689922231,47.695273601764825],[-54.10351800311075,47.520756903095105],[-54.062394988159774,47.54554960302655],[-54.091225782689726,47.580042900267586],[-54.062998301789705,47.66283781407064],[-54.07943689922231,47.695273601764825]]],[[[-60.128869007413684,55.377121100293195],[-60.19088597609118,55.356504197868325],[-60.22051070444878,55.30444579640382],[-60.137093192120936,55.30850020625391],[-60.128869007413684,55.377121100293195]]],[[[-55.55058167847396,50.98655039616698],[-55.638187519615975,50.96338680151558],[-55.63270832670835,50.917686295162945],[-55.535968402145706,50.96077600837794],[-55.55058167847396,50.98655039616698]]],[[[-54.68085489585097,49.494081108094704],[-54.773718605028876,49.44063659187202],[-54.75974927877837,49.406164296491134],[-54.69251318808445,49.422325706595124],[-54.68085489585097,49.494081108094704]]],[[[-57.26412288526205,54.58125550453288],[-57.3507258916956,54.56993080307741],[-57.362465904447255,54.502655998506015],[-57.258334703420836,54.51798040929458],[-57.26412288526205,54.58125550453288]]],[[[-58.36338930510614,54.110904697758755],[-58.43873158722015,54.11930530826322],[-58.55271729957705,54.08110870719459],[-58.54372798634088,54.051950294909],[-58.439316312432226,54.06510139017653],[-58.36338930510614,54.110904697758755]]],[[[-56.82316297938964,53.80003110445551],[-56.99951150347348,53.809967201377056],[-57.00286659127108,53.767528990334284],[-56.93722178227917,53.74726420537174],[-56.82316297938964,53.80003110445551]]],[[[-60.942304399385556,55.939719898133696],[-61.06969432710986,55.9354815932356],[-61.046833492685096,55.88676338434514],[-60.957896579726274,55.912099894330495],[-60.942304399385556,55.939719898133696]]],[[[-55.78425790301209,53.09387169450032],[-55.86216931003608,53.087127192538496],[-55.889524889766776,53.04738470380003],[-55.859477199059576,53.01433929513508],[-55.76101679096703,53.03184400214279],[-55.78425790301209,53.09387169450032]]],[[[-61.64797760647577,57.36363991481871],[-61.72382828892381,57.38087888415807],[-61.77620370963537,57.32011741360793],[-61.73765310489754,57.295167804054024],[-61.64759230636226,57.301561594131954],[-61.64797760647577,57.36363991481871]]],[[[-55.2791586973714,52.016437092123724],[-55.429999918660066,51.906060800304026],[-55.384412611733325,51.876654004356084],[-55.324155082056244,51.925377798279],[-55.2791586973714,52.016437092123724]]],[[[-61.078423516192586,56.67444699892068],[-61.147366989768024,56.69206339914518],[-61.23897028855336,56.6234207861322],[-61.105446671210984,56.604683003296614],[-61.05040810797234,56.62675490786768],[-61.078423516192586,56.67444699892068]]],[[[-60.75349750700706,55.931762602159104],[-60.83732290060201,55.9506107971312],[-60.87685720071188,55.93580819256849],[-60.874349815987195,55.86148049559066],[-60.78929539759377,55.862749107829295],[-60.68829928015453,55.911859505998486],[-60.75349750700706,55.931762602159104]]],[[[-55.473714801200465,50.80005269699598],[-55.61056148505805,50.76428810523245],[-55.662245386496,50.72034659332421],[-55.57572752391877,50.69183739787556],[-55.52488860229839,50.71386550315741],[-55.473714801200465,50.80005269699598]]],[[[-55.77048851182825,53.47675119470759],[-55.94801859613785,53.488005787441686],[-55.98319698941415,53.44067170567703],[-55.832487611962016,53.40476250960974],[-55.81862379669998,53.4512263867739],[-55.77048851182825,53.47675119470759]]],[[[-55.93878721480114,47.702204001992975],[-56.102641795387456,47.66128858565233],[-56.0442364937498,47.614642810855926],[-55.91263508509908,47.59784080624345],[-55.90241399899432,47.631333712322125],[-55.937233507680716,47.653157090412236],[-55.93878721480114,47.702204001992975]]],[[[-54.12412668815528,47.678989507080516],[-54.16638461039887,47.581200900692416],[-54.1964566890955,47.571478307571674],[-54.269502121709706,47.46571679618327],[-54.319924293543835,47.44238080517384],[-54.34658988334751,47.399707393090196],[-54.260129307560504,47.391703801012966],[-54.184968079338844,47.495644800186874],[-54.12478032115269,47.633112493844564],[-54.12412668815528,47.678989507080516]]],[[[-61.711293086797575,57.83195540913759],[-61.79543397674541,57.84719310022552],[-61.86390292692047,57.82562469380243],[-61.90567410164506,57.784867388947525],[-61.83715280969152,57.76976851029371],[-61.757888993083114,57.71148559084377],[-61.693409598894,57.70865911143917],[-61.65730129290973,57.786900092298154],[-61.711293086797575,57.83195540913759]]],[[[-61.46068992268285,56.40413609168108],[-61.611615982002775,56.39220689850764],[-61.653017400616164,56.40950310315764],[-61.72772460598226,56.38274810390222],[-61.71294770121879,56.35421729836858],[-61.495370610953245,56.315659195539745],[-61.41235570904355,56.37005769807233],[-61.46068992268285,56.40413609168108]]],[[[-61.65612709544825,57.52838071026205],[-61.733977906001954,57.545019808011766],[-61.810133500073704,57.482433893181785],[-61.89638379678845,57.438518693134434],[-61.856311101156955,57.41212879946576],[-61.62056217983776,57.404511202072385],[-61.69781091355042,57.44300450447506],[-61.65612709544825,57.52838071026205]]],[[[-61.8512835083993,57.5838465899642],[-61.954986290423086,57.55062838696512],[-62.04787940154075,57.54599470077064],[-61.96879169256103,57.45420578740333],[-61.87008659007029,57.45943109484987],[-61.788441991242436,57.509124390368704],[-61.78351959137892,57.54959360214265],[-61.8512835083993,57.5838465899642]]],[[[-61.328708514699414,56.51888279929577],[-61.57593588745733,56.557081407135804],[-61.602320902209,56.5218178067119],[-61.4932835801945,56.44843819872558],[-61.44892088732393,56.45394730708369],[-61.21380252375941,56.43116319239942],[-61.24310081480996,56.478085096494915],[-61.30584522048806,56.47757199093953],[-61.328708514699414,56.51888279929577]]],[[[-61.08367458528409,56.181790403288986],[-61.15300079885577,56.14706441078018],[-61.17224748166417,56.10855270827145],[-61.2395339028333,56.079600797724744],[-61.199251804304126,56.04115890786759],[-61.04763181717315,56.01023429459567],[-60.99611560378947,56.03906848948419],[-60.95320147960314,56.0972034987591],[-61.04058420653326,56.11920311172815],[-61.08367458528409,56.181790403288986]]],[[[-54.551142915455884,49.648307495477546],[-54.68183919319473,49.617012300816675],[-54.689501094896826,49.58184229518036],[-54.771804420784,49.538862599297666],[-54.83784758976675,49.58273049310601],[-54.91134168001073,49.58318529939145],[-54.851607392403885,49.516169409674234],[-54.85549610203964,49.48046228525769],[-54.76955840239535,49.487753259827514],[-54.7472432177834,49.527052702226555],[-54.633498413514516,49.54147960657081],[-54.55365238995354,49.58057620848402],[-54.551142915455884,49.648307495477546]]],[[[-53.52725371606849,48.19745319536524],[-53.694053376158415,48.145639001369325],[-53.782764392682864,48.17869001086147],[-53.92044980400046,48.16013301237868],[-53.895089098555935,48.110370897207],[-53.8578304841778,48.09019849687816],[-53.691942020653975,48.098890695242936],[-53.6175870936446,48.077328205465484],[-53.54884270074977,48.091663301729305],[-53.55089809623213,48.17603938652173],[-53.52725371606849,48.19745319536524]]],[[[-54.10362209780856,49.743760485568714],[-54.16214820869965,49.7465808131169],[-54.20062390463095,49.71939721603896],[-54.268336501885194,49.72336180701135],[-54.31890441310556,49.67568370657057],[-54.319506303694546,49.576509899945066],[-54.28936310093901,49.56226788797087],[-54.228874803059824,49.599609913430385],[-54.109137411729556,49.61402460092438],[-54.04055529715077,49.66834058770784],[-54.10362209780856,49.743760485568714]]],[[[-61.35972019172475,56.94137680369181],[-61.52315379940177,56.9417830037671],[-61.52800548867991,56.90551878715969],[-61.60402971594482,56.89484639374928],[-61.634025216192406,56.86218720754189],[-61.61419771677881,56.816453001662204],[-61.64473598383244,56.7427361084594],[-61.56299340333486,56.678048307840236],[-61.41205390330283,56.6031566080015],[-61.36253260915125,56.67429631003087],[-61.37530208320912,56.77901470743418],[-61.48666253003754,56.7932724933327],[-61.470383807140855,56.85203128848033],[-61.392944695195204,56.83713540503436],[-61.40366867744341,56.890222095415886],[-61.35972019172475,56.94137680369181]]],[[[-55.42364530196451,51.58498509468857],[-55.47213340216378,51.597333312341696],[-55.66110549337929,51.59456599618772],[-55.70578989319788,51.582456304611966],[-55.70839888142198,51.52687409863583],[-55.73642819561589,51.499192498239964],[-55.85627938965406,51.50205838651645],[-55.90042020176054,51.549129204860655],[-55.866786819221716,51.601062593191195],[-55.90870630689196,51.62866840034487],[-56.11105869068264,51.5324175959596],[-56.202003713458915,51.51395040118072],[-56.43969918117846,51.41206170603211],[-56.472202004630795,51.418931104042564],[-56.66230699125236,51.35620130650329],[-56.72369188634712,51.32473928877072],[-56.75127709683834,51.271310497994584],[-56.80153519027417,51.24394809537187],[-56.81195389494412,51.19143161221499],[-56.79128909283654,51.14715209811296],[-56.85252099290338,51.12347430028512],[-56.92979777938766,51.00352080345935],[-56.98957271612675,50.98779440509868],[-56.99915538528536,50.86584009617457],[-57.11269172296104,50.77576749871415],[-57.171826510967485,50.750408099506714],[-57.31058039410985,50.720116210588046],[-57.40090731019838,50.71059600793954],[-57.31401831863768,50.6710003969793],[-57.304856704694764,50.60916219207226],[-57.37481158721871,50.59986078776709],[-57.38713519364537,50.53350738904947],[-57.47332331084352,50.4771629969629],[-57.53835871041482,50.36252630206089],[-57.53074409795206,50.347796291952136],[-57.58982448498109,50.22996840198587],[-57.60733079328171,50.17241439367524],[-57.64693050291557,50.14671191113317],[-57.78601242263096,49.91617949362847],[-57.826734292628295,49.896274793083386],[-57.70959271075845,49.82127520000214],[-57.787349099861714,49.81367340245471],[-57.79706645866222,49.84740118812697],[-57.86733519370944,49.838321895203954],[-57.87219861914703,49.79073619908456],[-57.94413129898603,49.72674421749693],[-57.966267011267234,49.663707199153535],[-57.952968907493535,49.60131090246384],[-58.1701209203247,49.462642300179525],[-58.21855468368585,49.419877304279346],[-58.25442150760674,49.285384097901954],[-58.205171914783826,49.23162849016772],[-58.16553068598234,49.23639319726746],[-58.06349478764105,49.20980718814082],[-58.11151391375765,49.179663501077904],[-58.1514117969173,49.11683529709014],[-58.16240919023451,49.060799985002184],[-58.261872688306624,49.0717157863758],[-58.3380489014419,49.056144013771515],[-58.35168478501813,49.142089804312654],[-58.40869359555806,49.12642890555509],[-58.46973699736873,49.01680109435405],[-58.50096589561984,49.00621600609808],[-58.50526739001647,48.94187430240279],[-58.538748316364504,48.875764499994496],[-58.60750699887433,48.810651411915366],[-58.68651790565195,48.685929105062954],[-58.65351140317616,48.65029429085928],[-58.713676814628094,48.5613763936797],[-58.86416070905518,48.572492993337605],[-58.95193910146344,48.6045719878181],[-58.96422260904834,48.64491668967986],[-59.10031088318465,48.620120305029396],[-59.16805840763157,48.5829146909367],[-59.236067614112464,48.52211339283416],[-59.25059782062195,48.463609700324355],[-59.08356360280833,48.51358780282835],[-59.01816390639856,48.52494560346195],[-58.94212460863984,48.508059587876105],[-58.77594458530156,48.531141600277465],[-58.72062099227345,48.55543850230959],[-58.584137910643186,48.54266819234149],[-58.466635838737076,48.517900391453374],[-58.432278996912984,48.488637598075236],[-58.440324996379985,48.44976090867591],[-58.623644592643195,48.39574700311907],[-58.68862930681054,48.361306793071655],[-58.69098268637338,48.32959829595809],[-58.809941289667755,48.26076470159727],[-58.97905140067882,48.128949393452665],[-59.086076193276966,48.09811659758014],[-59.263125685062256,48.00468890721691],[-59.314266794578586,47.94607060224272],[-59.39571910971013,47.92214209856164],[-59.41255179526128,47.898351386272225],[-59.32990978738479,47.82735650175261],[-59.33345599569831,47.78186410332764],[-59.29896439101987,47.73348060811383],[-59.315202104286705,47.696794706366084],[-59.30133131925701,47.61793619534399],[-59.27012019153194,47.625595601299324],[-59.208611289922004,47.589672996219704],[-59.046270022326944,47.572766698022726],[-58.89345569525088,47.602987185945224],[-58.80132832203195,47.59758319583191],[-58.66806908771967,47.627331500001816],[-58.62939510287519,47.615801699646696],[-58.539169706735606,47.6522213901375],[-58.41195050519193,47.64873839856042],[-58.37211080761852,47.69120040226838],[-58.23896561305866,47.662324790795566],[-58.108018599513706,47.69936640443395],[-57.936447110969695,47.671754195726855],[-57.79992071064098,47.630219398805984],[-57.707643004135576,47.63904389263472],[-57.5959518968757,47.62078529190933],[-57.57706020835517,47.63969636734076],[-57.46676328977242,47.62945640227272],[-57.33944669211524,47.650682983582755],[-57.34257660672993,47.58897369439731],[-57.20891389066684,47.598338705677264],[-57.15757979985989,47.63930689770869],[-57.14019741739551,47.57618049400111],[-57.01548151343063,47.59386370313433],[-56.93539258782686,47.56516440188236],[-56.80435299170841,47.53532958929979],[-56.733416201675965,47.55901328732764],[-56.65451588848223,47.606659502173116],[-56.59238700660551,47.61814901216337],[-56.38489179203556,47.602943497856025],[-56.32746820571222,47.626372991011685],[-56.222170406746216,47.63372159088295],[-56.15746189565192,47.66394610118921],[-56.15698418985474,47.72413410774312],[-56.0860352870489,47.69773429581094],[-56.0022947974957,47.741043584958774],[-55.86635241793405,47.783023998125316],[-55.81649429722008,47.76416131091834],[-55.83112210129355,47.73301258942547],[-55.895597803555845,47.70466240337046],[-55.932216500556464,47.656644791090386],[-55.86108209973867,47.599633713622616],[-55.991827914371996,47.54644690379865],[-56.16736217584262,47.51577110281996],[-56.11722538547824,47.46471179891012],[-56.04368360744959,47.49697650848308],[-55.98391509437209,47.498173899144284],[-55.94587440540761,47.52963601015477],[-55.801222187333856,47.543308395816766],[-55.853933513738774,47.470351304618916],[-55.77739930066343,47.449364693010736],[-55.66239080701912,47.493567990311625],[-55.63437019265117,47.45887660172434],[-55.44956599776257,47.46607749975702],[-55.40979978808354,47.49032700393328],[-55.40130628047335,47.559833704652085],[-55.44242377956983,47.59212830111503],[-55.42641743267216,47.67453638293557],[-55.38557828951393,47.67952850214508],[-55.2879394900017,47.6452833878275],[-55.20372940098401,47.63269991206529],[-55.155358179993584,47.59718470357101],[-54.98018679331488,47.594588607986154],[-54.8646586095961,47.64004290651245],[-54.843873285065975,47.55562399454323],[-54.952521987596505,47.50993580753021],[-55.10287078146187,47.49057230024079],[-55.170768076669745,47.472061600754365],[-55.2720466947746,47.40891949054801],[-55.311871594771745,47.270247591271406],[-55.386243907728236,47.218688403456916],[-55.46306200056398,47.18847110273842],[-55.52207258293137,47.14208089670553],[-55.59050100294041,47.11717370115099],[-55.717626895029305,47.102368097740815],[-55.77813260657585,47.107013511259396],[-55.85725831729373,47.07561200218486],[-55.97779069911572,46.98790641335303],[-55.968573807264754,46.9088930892592],[-55.825900595288196,46.861334305968285],[-55.700865889658104,46.861376591732274],[-55.57503070457858,46.920862491877976],[-55.52362549436411,46.914950304817204],[-55.47708432225984,46.87668729804366],[-55.37734839212557,46.876909491631906],[-55.235320611258466,46.93658791033886],[-55.18694659195787,47.03254319214787],[-55.108966512143006,47.055173304716796],[-55.07112472398917,47.09759959627073],[-55.077647587518705,47.15200270352693],[-55.016829887127024,47.187247495870075],[-55.06349527968815,47.212955902431105],[-54.99314089011867,47.285076097914256],[-54.82786200506429,47.41061168594819],[-54.7344313910995,47.355689700297205],[-54.631318187661336,47.38928120159966],[-54.55827920372015,47.36610749890721],[-54.49291949505526,47.415954195297765],[-54.455359187372075,47.41325129438194],[-54.404121323634705,47.45148349386347],[-54.455913002485204,47.49512378809646],[-54.40856909538914,47.526468083506835],[-54.3597590978212,47.60095008745921],[-54.206407303636134,47.79498940757056],[-54.19243488866243,47.854728500652804],[-54.125944989764285,47.83454869840044],[-53.972352306222355,47.756608187428796],[-53.95529691713381,47.661527197872466],[-53.91110129960239,47.61104799852364],[-53.90754888484648,47.50834469717929],[-53.93721829928783,47.455187689352535],[-53.84122049850295,47.411721897829985],[-53.92913990019625,47.383820386563336],[-53.87999921442886,47.35078979585839],[-53.954077988554225,47.3047478056425],[-53.99527682101326,47.297852295756805],[-54.01797938810543,47.218536905266284],[-54.05952229158115,47.16069438773965],[-54.09948769425984,47.064815394070166],[-54.14236279807447,47.02017698941447],[-54.19535802054181,46.88457239788668],[-54.184721117918805,46.84219290052172],[-54.10804878851391,46.80528180277473],[-54.03125139517188,46.81640579796944],[-53.89851669978827,46.8971369856631],[-53.86803349328597,46.94681820203061],[-53.80971720433936,46.986699991461826],[-53.78229888214089,47.03160660137904],[-53.7234557795399,47.04946730028574],[-53.68315009378176,47.113196605490685],[-53.639932504164534,47.10913529014638],[-53.59929430919169,47.181528903385484],[-53.53037990220549,47.16688500107063],[-53.59060049007172,47.08341249314325],[-53.57563432004453,47.06249340237775],[-53.64531920200329,47.00417081361377],[-53.578926196205586,46.96545539135655],[-53.550693197566595,46.92521749899287],[-53.60262998868776,46.89246578973048],[-53.653968192356295,46.83464338387256],[-53.66527239470165,46.79239179931245],[-53.61079049374036,46.756326992912854],[-53.643609481349856,46.72535139972133],[-53.617951180326436,46.636861700344795],[-53.58158270054237,46.614128793340306],[-53.52352080658357,46.6179368879534],[-53.40249450432115,46.7124953105357],[-53.36965099245135,46.72676280177512],[-53.260872698653785,46.68551578942184],[-53.216810591513436,46.63468308985825],[-53.09110710774532,46.64637318948527],[-53.03646140358444,46.74607421446059],[-52.95036799846688,46.78945259180196],[-52.93876349102151,46.87353320148915],[-52.899156796064545,46.9359025108573],[-52.89931391147837,46.99862440120198],[-52.85140101589325,47.073152900033655],[-52.89308538775852,47.07416390263177],[-52.85083847901255,47.149219998059145],[-52.83197670925151,47.27845539419257],[-52.73869639888472,47.32625581249621],[-52.71792078449034,47.3899386927215],[-52.6598316020299,47.43522200803466],[-52.70213470826648,47.46395321154327],[-52.635837577685216,47.495540699293116],[-52.687185009347274,47.54414270964377],[-52.66015657959841,47.64765700404739],[-52.69935368804458,47.69520150153174],[-52.71397949806468,47.75844898578655],[-52.762884083201264,47.76279130388358],[-52.806060398650615,47.803512604772926],[-52.85092099244947,47.69169459633638],[-52.85885319178864,47.628941503620425],[-52.91779810114458,47.54506018696596],[-53.08419601461411,47.47064529749465],[-53.105514705601394,47.44627589417011],[-53.22429860189783,47.4627220910517],[-53.18163629912722,47.53150248907267],[-53.26578380711397,47.57955290906044],[-53.27414289404878,47.6216031988417],[-53.19531778669868,47.65241259957807],[-53.17484380573793,47.718403314917325],[-53.183605213644874,47.758307295684745],[-53.147593205513495,47.80472228685721],[-53.09222531449781,47.83215440278267],[-53.057669306446584,47.879731208967584],[-53.05795760652143,47.942433787915185],[-52.99209608674057,47.98313499080492],[-52.98310507947953,48.03958120153069],[-52.926868695334875,48.09000448279911],[-52.86015877816077,48.092904801734434],[-52.91931709649468,48.167984289917335],[-52.96654391613436,48.16140230154443],[-53.00736742242162,48.08333389439322],[-53.11068210315181,48.03564859370006],[-53.17705777626112,48.06079950316478],[-53.30903360612474,48.00130710102078],[-53.385807806988225,47.88210360361478],[-53.43319770359442,47.856287886997514],[-53.479495885012525,47.762913002598125],[-53.50598791091588,47.74935351063582],[-53.47956941534346,47.69639119520729],[-53.54133812173009,47.58618199660749],[-53.55172711794526,47.52651589729929],[-53.62608498772645,47.562636794872915],[-53.71219790817169,47.572330596567525],[-53.837619007778926,47.70218440523758],[-53.841543800183985,47.74687178753597],[-53.80107851510148,47.7709840913983],[-53.731214706516866,47.850918006041],[-53.72733261304775,47.88799579798587],[-53.68465730162362,47.92667549133109],[-53.63380300982439,48.008089695269604],[-53.673251909505616,48.02962911063076],[-53.813136884359494,47.99613489652174],[-53.81369401407542,48.01542140543368],[-53.699935196467614,48.044772206555635],[-53.696326194818774,48.0782473811557],[-53.939315601845294,48.081307193309456],[-53.93047679909036,48.129602593686954],[-53.958185303298954,48.15670679167045],[-53.963491698546655,48.22716870420435],[-53.880592205919115,48.21347368631878],[-53.84470042332848,48.186278897781385],[-53.74672278849899,48.192528596483506],[-53.71147119365144,48.1645453932011],[-53.644424507661604,48.17490591384313],[-53.559973811886735,48.22937390204582],[-53.5128818802571,48.23984290475698],[-53.39914261726483,48.299326504823775],[-53.37121382077691,48.36382939641984],[-53.31134830475934,48.378767601495824],[-53.212188808751606,48.349556313497494],[-53.195168309488615,48.379633411196075],[-53.10323379905114,48.41018900267001],[-53.06082640273115,48.459664290845005],[-53.07477031559273,48.506982895529454],[-53.00310320732536,48.546578698768414],[-53.0010224060251,48.60905881536857],[-53.028897297912074,48.64966010298656],[-53.09337248946258,48.68097799950384],[-53.17995979352903,48.5951870074897],[-53.293242297784154,48.52750050453601],[-53.328935497861536,48.59253829233594],[-53.362055310308534,48.6116824012033],[-53.462821503190604,48.60649651496232],[-53.47894049128521,48.54604850072296],[-53.531169005395185,48.48622759621256],[-53.58971408228494,48.45296410029174],[-53.64803101984818,48.48835549667192],[-53.663013401878494,48.54050338555235],[-53.715726505125126,48.52303088632033],[-53.79216262153289,48.47299299785641],[-53.85251280682055,48.476241402890466],[-54.01771929969051,48.39610430255163],[-54.066111695337156,48.411373900230465],[-53.947112497732974,48.45518031097362],[-53.90607459767884,48.48501370200864],[-53.77446808710509,48.51373149261651],[-53.76033411454671,48.56513358985058],[-53.85638010770393,48.589039192624455],[-53.729463910187114,48.64089618880918],[-53.71437839611259,48.66067041217539],[-53.794968004141666,48.7196839033637],[-53.837339310658386,48.701620592109755],[-53.9363303995435,48.73426449010031],[-53.908127407354236,48.78093590199713],[-53.820457682750636,48.817008594141946],[-53.93768931483974,48.84162380501453],[-53.99588321076945,48.80997699771242],[-54.21782721008822,48.76835489425444],[-54.15472009676717,48.82448851073061],[-54.01064009537436,48.83827730102971],[-53.96560399734981,48.86422270964851],[-53.95188599056195,48.91397899108166],[-53.86274820000909,48.916628505629866],[-53.85246579323887,48.974839496701904],[-53.77659061164119,48.98971631041629],[-53.76418500020839,49.01511869072211],[-53.599387014689746,49.05038650337456],[-53.612499386865004,49.11540578973306],[-53.54848839501403,49.14875028856983],[-53.555255015910745,49.18887929528132],[-53.48512859429396,49.22918089372618],[-53.50904222192151,49.27500029804847],[-53.567544409357346,49.28179021068185],[-53.62341971133522,49.31380019072927],[-53.69376771635762,49.32384540155973],[-53.67569251318404,49.356931689805705],[-53.78670350307886,49.39719651039265],[-53.86523589947352,49.410043284025626],[-53.894910920285106,49.43269679445649],[-54.07834980979737,49.475566894141814],[-54.15050328762739,49.45480058908003],[-54.251246809196466,49.39975469953043],[-54.37950447984914,49.423009497619745],[-54.4253149048737,49.390074716205326],[-54.43207240304192,49.33834969030131],[-54.48322529836909,49.33258710406658],[-54.498109691622275,49.390892886564096],[-54.47098759714438,49.41056270371226],[-54.50825328516031,49.46879050295983],[-54.505477879304834,49.55682489937585],[-54.55548709296509,49.54046800301233],[-54.6966499243725,49.37468319766141],[-54.7969772933502,49.35519820674999],[-54.80191291563913,49.299894602107855],[-54.88974361240256,49.29488840027669],[-54.96119240757656,49.30923839977424],[-55.01169919928906,49.281163390426514],[-55.070436277003495,49.29474280365143],[-55.18605310523265,49.25894120062402],[-55.31161141284056,49.190155308524055],[-55.33530579821634,49.147184784735266],[-55.38384128776909,49.16861379535598],[-55.24538279357805,49.25685490149957],[-55.24940892416919,49.343781494247054],[-55.20601339998906,49.37968898572433],[-55.13588179120137,49.48692418715167],[-55.16375837807445,49.54503460161544],[-55.234492190809085,49.53095619876209],[-55.32274169275639,49.53277290786919],[-55.263564886870064,49.40639109198527],[-55.36416190454345,49.40145331482738],[-55.41087540907901,49.43596621261861],[-55.395639176196624,49.50379020252564],[-55.465113612099,49.49060189051788],[-55.47671579032823,49.45396039970003],[-55.57435541944618,49.433243192918404],[-55.615812985993536,49.4603198921064],[-55.68268511408728,49.399766605770836],[-55.807042801498156,49.51692039573442],[-55.99813148680855,49.49577139394453],[-55.87740598828939,49.56893958894823],[-55.926857287222205,49.616781393696996],[-55.85476220302186,49.671716200870875],[-55.916748789515104,49.69330349549799],[-55.951283006836434,49.67070890933413],[-56.03327541984504,49.71106599982925],[-55.90703717584624,49.756733702239245],[-55.855262800767534,49.792930106378016],[-55.694734910701555,49.830929606760044],[-55.56378009445423,49.91309588366361],[-55.513815817369675,49.91675429259809],[-55.47846540808716,49.959339189315116],[-55.53193960665344,50.004196491350164],[-55.61132989498799,49.964069197366214],[-55.69922829901248,49.96985629072431],[-55.76562390225808,49.918448312575684],[-55.871466105094285,49.98097690239389],[-55.87915809756409,50.017153709994695],[-55.92958670300562,50.03861538996578],[-56.02259790521378,50.03568491551262],[-56.093353998166876,50.01054959215485],[-56.08458749550975,50.070302706685034],[-56.11074501588118,50.12465329120215],[-56.15990757784282,50.15806069787651],[-56.22575329987347,50.12247270379666],[-56.33287069797976,50.03158460990764],[-56.45247799149564,49.8956418944006],[-56.47582787747889,49.90319320192807],[-56.61854139771618,49.815092383715715],[-56.652188320245884,49.75946039796479],[-56.71605890581645,49.70912428889337],[-56.78543240767789,49.69933490595949],[-56.83143950530962,49.75021208870179],[-56.83404852042586,49.785139595690346],[-56.77304000415274,49.82995620979624],[-56.74599560327453,49.8726714880919],[-56.72938270290586,49.952289114467106],[-56.773256083875886,49.974070491938825],[-56.75388237597698,50.02304230486219],[-56.61381138152218,50.1257602968692],[-56.52195059112706,50.213943185319536],[-56.39832131440588,50.40639729793556],[-56.32974529727852,50.4482489064312],[-56.312760784208194,50.48163760714683],[-56.239992987184706,50.54335810126208],[-56.22257880738039,50.613606201252985],[-56.13050819678965,50.636937911713574],[-56.109818982505566,50.6746484033652],[-56.17400011377343,50.69113350766971],[-56.18290482624239,50.7369822947167],[-56.1548640892036,50.80084499738566],[-56.17093860217798,50.86109800760866],[-56.11952270398964,50.87881179953333],[-56.151181023327176,50.77700979366906],[-56.088722404596055,50.72379810963692],[-55.965295700965946,50.85259038861261],[-55.88968960973359,50.902475804898735],[-55.82982671170349,50.921982409833326],[-55.82095530280601,51.01517138960167],[-55.734459198758195,51.08671119886565],[-55.73867329242248,51.19888388810652],[-55.893265988262016,51.219725806035434],[-55.96246101250563,51.163391806314046],[-56.014232716680226,51.17557749487997],[-56.026264006119426,51.294697698041794],[-56.10132030513426,51.31936728699052],[-56.07071412132127,51.36632280151751],[-56.004376000789165,51.34809280162468],[-55.8768586997354,51.338680907576055],[-55.81249079376651,51.34858441056965],[-55.749534511384496,51.32634520488995],[-55.613914990567025,51.308596309055105],[-55.49618020378155,51.381197404114566],[-55.471363505659355,51.46982308966648],[-55.42364530196451,51.58498509468857]]],[[[-57.10854297508447,51.4156349019791],[-56.999526190539065,51.41662009218401],[-56.94481258895923,51.439379509740135],[-56.95590067670933,51.47309247861785],[-56.81884578355641,51.484333802521896],[-56.7637508018427,51.552728808256774],[-56.71583738871782,51.57320348694344],[-56.70058968714968,51.63074098940478],[-56.61084460165934,51.639322212893454],[-56.49892627816612,51.68420150186662],[-56.43862769389053,51.72948978527905],[-56.402395295529224,51.72948810536324],[-56.2024725219957,51.79111909350315],[-56.121878797461434,51.85099311121352],[-55.99077941277809,51.904095007570085],[-55.90130419630638,51.957078806609346],[-55.91516492069791,52.00269570021442],[-55.80474441743957,52.02227419406339],[-55.782338201405004,52.08247268723304],[-55.70707500616895,52.08151848760032],[-55.6957353947139,52.128956892081995],[-55.769725975725855,52.2065825038158],[-55.64807731159589,52.19798498854761],[-55.66904779211265,52.23456148953481],[-55.763509700847024,52.24697531275948],[-55.75027899037131,52.28608749643514],[-55.90364009809406,52.332440597995166],[-55.77548730160291,52.33887538783879],[-55.730384298765884,52.36366329194311],[-55.63654811565568,52.36061529221031],[-55.632062420622454,52.44726620063601],[-55.72760819992132,52.46426680289973],[-55.83787651281509,52.51685459677703],[-55.984214896386575,52.504197812411824],[-56.0476060119748,52.542110503672525],[-55.96224300990239,52.57248659012323],[-55.89503770725323,52.55822119535937],[-55.85527228264092,52.6222833976751],[-55.76341169918592,52.60966349236654],[-55.764128685119964,52.68001379219349],[-55.83389369178471,52.696959497122386],[-55.93943110652596,52.68234840615133],[-56.01092900248276,52.720358889046146],[-56.025151201808185,52.74987620263201],[-56.12628869675587,52.79402659392726],[-55.98107969054241,52.794006294562415],[-55.98826198201649,52.81567590074465],[-55.81702180889216,52.834825401144094],[-55.80994840216862,52.883987799636216],[-55.87951907856954,52.96499490484874],[-55.988288282442035,52.992464494090754],[-55.91052421025954,53.02975598710364],[-55.86476101854674,53.09396530405788],[-55.74989600465122,53.138071592066474],[-55.798475511221724,53.178936198281015],[-55.79347449654548,53.21171428500879],[-55.741909185781026,53.25203880844208],[-55.842028005584865,53.29910570134206],[-55.83168080111903,53.32153639046234],[-55.88017669510161,53.37416970126205],[-56.0286756024543,53.428854912389035],[-56.03579109237237,53.4719183909722],[-56.16358729790245,53.50064910766484],[-56.11824801595636,53.53478179074963],[-55.98340230989635,53.52168920826048],[-56.02525960014072,53.578155891088045],[-56.24022919555914,53.574239605016004],[-56.32318068593772,53.63128529860626],[-56.39994218523126,53.61687680766052],[-56.524166605831475,53.624196606438886],[-56.58050748981445,53.683194094127664],[-56.50537339433086,53.71747410436647],[-56.43187011066988,53.71878509069155],[-56.437198403711555,53.771815898688395],[-56.604789209219774,53.76153018963229],[-56.66579347515065,53.72666459771511],[-56.702651904374946,53.7603111088714],[-56.7672165228369,53.72042349702469],[-56.82062999800914,53.74444569229687],[-56.86591859612816,53.71290879020577],[-56.964825699462644,53.732878706626494],[-57.070833603883365,53.66846190973325],[-57.06685409556082,53.637221109049314],[-57.14229901378341,53.62586189750733],[-57.11906521265481,53.56025089060328],[-57.211235991643115,53.50000000765893],[-57.31341428913636,53.45578090403872],[-57.30037129155013,53.51840370805655],[-57.33590529727927,53.54763029399141],[-57.338780622828345,53.60087919387009],[-57.41617952356412,53.59563180155425],[-57.42131680035259,53.6429384921187],[-57.327517583331066,53.664386701550626],[-57.11826928904904,53.73967920974587],[-57.153831480630586,53.75818769690169],[-57.085385601739944,53.83132069488111],[-57.137515999176806,53.837264996959384],[-57.206943801819975,53.8786189956701],[-57.212129306495854,53.954380897209276],[-57.28813178728241,54.000558595052894],[-57.41729248627718,54.142511004816],[-57.442028299721265,54.19085981404527],[-57.50711468786743,54.19831020204521],[-57.59655801593713,54.17990090393576],[-57.61952200702696,54.20378940411836],[-57.85100540511794,54.20066591266171],[-58.054022616400545,54.23833310265085],[-58.16301399214762,54.23679548384715],[-58.28985880889127,54.20221281062254],[-58.35572369593321,54.204825409199024],[-58.40457869563604,54.153976301003844],[-58.39160468387709,54.12250379151946],[-58.264978484301395,54.09279969625815],[-58.17163402058514,54.13705499885219],[-57.8580695843901,54.108479292279966],[-57.875959026584475,54.08188719361145],[-57.94831120158569,54.07108931036481],[-58.11080150082299,54.10544670285609],[-58.2180017120259,54.06581859644011],[-58.33327530716143,54.05879350389887],[-58.39447519897624,54.027702213148736],[-58.44959259350667,54.0322207088893],[-58.68684980256283,53.964036085527766],[-58.864262876676065,53.93099589661908],[-58.8900177129063,53.887739804509984],[-59.055869899855686,53.800253893655984],[-59.018067604685534,53.7599386890682],[-59.018009478510194,53.71627919563707],[-59.083102395355375,53.68621920064043],[-59.190795203022525,53.67094279676321],[-59.323968217491746,53.693523602431796],[-59.33192939162236,53.66266290942865],[-59.455038496613334,53.6090617927902],[-59.483852707190216,53.57764049640841],[-59.58955301248511,53.52942389210667],[-59.70800039842252,53.53479709592372],[-59.75765279741576,53.512592302386764],[-59.8379277901651,53.54486820361411],[-59.909190023275606,53.52972839825957],[-59.89005040005455,53.494091998512005],[-59.96094509914618,53.416207784586454],[-60.06429729104903,53.34063069901359],[-60.18821290603694,53.33906480471356],[-60.20357700554066,53.37262900426379],[-60.30572271879334,53.34691329069694],[-60.35614700584103,53.37840370552806],[-60.13951449747422,53.464751984751736],[-60.03471520294345,53.44082059188039],[-60.060714886454875,53.50061328989782],[-60.10996360789025,53.49576598704573],[-60.137295902044315,53.53832929232717],[-60.083473918675416,53.56946640109175],[-60.13032422738342,53.622931896061544],[-60.10804999254973,53.6855022962814],[-60.057001502368884,53.72123920423801],[-60.10802721139195,53.75790079698271],[-59.988660302819426,53.7896352077961],[-59.84076789337248,53.78662991029862],[-59.83790739633725,53.84487490308696],[-59.57307760645415,53.818900789098656],[-59.43667901701215,53.854535800228376],[-59.19223371234007,53.93430130096808],[-58.981522306780754,53.96489109316354],[-58.93427519752297,54.00185299703659],[-58.959755788832524,54.04619190190771],[-58.7194029966591,54.0258836850901],[-58.61540630041691,54.038592790345945],[-58.51923817657633,54.1087270057159],[-58.44306570059944,54.15191438993404],[-58.39387799550887,54.2154220864586],[-58.556641895529474,54.19084340997534],[-58.71785091406984,54.12565469096482],[-59.03178338928967,54.05951640702661],[-59.09180448735834,54.06005270764461],[-59.22701051189992,54.03582901251652],[-59.386547812113484,53.99587728919976],[-59.580085684220414,54.01746899558115],[-59.50372752109063,54.03794029675355],[-59.40363051038082,54.027470499803584],[-59.23734941035157,54.08162330287292],[-59.05527802062926,54.105345296753924],[-58.87858480944478,54.1449533956725],[-58.803857790118585,54.130984906948335],[-58.62919848931904,54.164415489216104],[-58.57893101206805,54.205110790398585],[-58.39965398279601,54.234655193067546],[-58.23213210296395,54.249591399718],[-58.258471993901566,54.282287391226504],[-58.18206839785987,54.294416311636475],[-58.19061770915978,54.35867990207393],[-58.05227248692194,54.36852220466382],[-57.939675078174,54.39064300231559],[-57.83663849682493,54.369704703790624],[-57.8136375823372,54.385957995841],[-57.70581289069237,54.367697389536005],[-57.6365375973123,54.376394694815545],[-57.54586111037114,54.45609450505272],[-57.37923950499355,54.50951169737855],[-57.387302020038774,54.548642598938926],[-57.34696317779878,54.58511590430788],[-57.56151159779644,54.662564285653936],[-57.6465356860291,54.629331808357776],[-57.716976484153406,54.64052409841458],[-57.7404029956619,54.67157720143234],[-57.827589117502704,54.71281679048043],[-57.83854012299049,54.74009059276826],[-57.94319300882919,54.75142439247292],[-57.97159178576125,54.78445950090613],[-57.868752486600414,54.79262769415416],[-57.98933000946929,54.83785129054789],[-57.94410211074659,54.88079379070988],[-57.97199780723521,54.92767080889356],[-58.09761127018024,54.878496203595695],[-58.22473677632956,54.87965389843374],[-58.233615819343946,54.796760294206734],[-58.328510287314806,54.79568539585987],[-58.41057027424425,54.77361369878649],[-58.415204011557435,54.734694193711285],[-58.56324378972342,54.80993681016041],[-58.661496811277,54.805072689808746],[-58.731830995843026,54.83941231235165],[-58.85679842567862,54.81240899387093],[-58.924552400149636,54.83126850218556],[-58.892835493922156,54.89853008851313],[-58.95096050413692,54.91218150885351],[-58.91083668116413,54.95583870096907],[-59.03465959558023,55.020180582842194],[-58.957471597588984,55.072293489726825],[-59.0268333161493,55.15372700034645],[-59.111191907883736,55.11360459610778],[-59.17207420682487,55.12427629925165],[-59.13162238477742,55.181744699073874],[-59.195944110638216,55.201945393579045],[-59.279339322593074,55.19505919523161],[-59.302622006036515,55.14529079395896],[-59.40725258813446,55.05374639473346],[-59.4653981071549,55.046938211465424],[-59.61917988013062,54.94856959509391],[-59.74203101662466,54.930597696536175],[-59.72235678996137,54.97385279139122],[-59.620240219298395,55.001829003191176],[-59.56937510878506,55.04612079918762],[-59.51859998780081,55.051514800355754],[-59.47167798994949,55.16225459445557],[-59.551528812220596,55.16765569688171],[-59.78646541111831,55.138093589687884],[-59.79971579207829,55.187185692023824],[-59.74069111217617,55.20552041023184],[-59.72523057629183,55.26869970376775],[-59.811391185246286,55.313308298787774],[-59.860744692343694,55.3019001060354],[-59.92157220124619,55.22788530488436],[-60.03148400201092,55.227026288981975],[-60.112268406156154,55.12138669424687],[-60.23131790252806,55.06080960042242],[-60.255281895382105,55.09366389435564],[-60.156436212878,55.1254338953698],[-60.09930759970712,55.1771244086734],[-60.08138187934877,55.259379594058196],[-60.171076074203114,55.20386700465842],[-60.26066329518899,55.251761096557075],[-60.3632473992798,55.17021668624383],[-60.463471510456905,55.1521394930513],[-60.45792681352455,55.19338280175062],[-60.39343451325658,55.21384208947195],[-60.4249045775886,55.266380900786885],[-60.38196260466229,55.32649460515294],[-60.39049110487958,55.354391198247065],[-60.3185684903217,55.41076880244333],[-60.20266500201014,55.41813881186025],[-60.207922985435644,55.46672619096271],[-60.27926490278063,55.50581590067617],[-60.34200548483155,55.49262220285059],[-60.450284215814804,55.3884744030524],[-60.45628318045378,55.44220920361806],[-60.400647003575294,55.45649199575483],[-60.33842130539292,55.52441461225386],[-60.34727399864664,55.57524490421283],[-60.48698628490735,55.66016189872785],[-60.39675687930549,55.68871489987576],[-60.333754101072834,55.74416710849308],[-60.32835219718785,55.777211397871476],[-60.42448411318222,55.772432989177354],[-60.488367203029505,55.80669498965961],[-60.58319830193485,55.66919089516025],[-60.63743669114203,55.7714090048014],[-60.603857019088636,55.80692930331893],[-60.64594890975427,55.82901138868412],[-60.780150995014324,55.85319661292188],[-60.89028127717354,55.84744880610725],[-60.931469310854304,55.86184879378837],[-61.10615492083037,55.84005809782373],[-61.17006329439689,55.86471760677963],[-61.07129411716136,55.89226319318121],[-61.12210029125582,55.96960818942395],[-61.33695631664021,55.97133209172546],[-61.40615290166805,55.961688313669406],[-61.41041390870835,56.02406041110965],[-61.28587780628628,56.0252205112169],[-61.314139408247776,56.0838204883597],[-61.432255204015995,56.15040689635831],[-61.39311468279559,56.17567939698376],[-61.40989569417374,56.222760082835585],[-61.549732906509796,56.190779310124135],[-61.57520488573111,56.217217702180136],[-61.69532267672687,56.22282889623271],[-61.93861898665365,56.213594687169675],[-62.02933258661046,56.224635007714454],[-62.07335531851827,56.280480400762286],[-62.04388815388076,56.30085891419709],[-61.94219573977504,56.273535713991926],[-61.89237880081875,56.29597909857389],[-61.78504619127147,56.27419460132797],[-61.737850818008624,56.24522750027037],[-61.672524297144804,56.2696958986914],[-61.66381390924805,56.32184050330309],[-61.78672040448319,56.31789909669856],[-61.77262410827473,56.35730870861948],[-61.81555478908451,56.4048184988337],[-62.04353259790829,56.426195898390766],[-62.072119323454956,56.41233919370937],[-62.16233228811301,56.45467050312541],[-62.014916075639846,56.485379404210356],[-62.01789831164614,56.53449420575159],[-61.80028531709223,56.484807290881655],[-61.66991341745221,56.50370749762043],[-61.641038721636946,56.52648990063073],[-61.69516699777711,56.56529819159306],[-61.76605148842715,56.55948939835229],[-61.874273009251986,56.591247001531436],[-61.929801580070084,56.576723500066905],[-62.09377331078123,56.59875511652764],[-62.04695899603169,56.624663691863205],[-62.15016170030884,56.70143960013667],[-61.86835787792311,56.626584796072464],[-61.741467990367426,56.62920348572543],[-61.78073278684316,56.67136169903801],[-61.70095929915299,56.708474809780384],[-61.81026112172033,56.78842179665507],[-61.65718722460313,56.81018599096989],[-61.64632949614219,56.88606018469759],[-61.568968715382894,56.91195769911576],[-61.56710678347148,56.955120903608695],[-61.48075752105279,56.9861695043544],[-61.40346887694196,56.98394990368711],[-61.35821491453071,57.02426641169692],[-61.3846503244403,57.05049009234251],[-61.362517883432055,57.09878229573836],[-61.41373919614373,57.147952009775295],[-61.489663081646896,57.16517269917139],[-61.62074470639805,57.16063030526787],[-61.657931511114974,57.14325328843926],[-61.78655360935876,57.17421319192143],[-61.877196411718536,57.18148319980434],[-61.91758757681014,57.21936330638842],[-62.02644939652955,57.25310328936711],[-61.87856901587691,57.26491259000886],[-61.86921950783599,57.227255707041685],[-61.787665715077644,57.23768919239482],[-61.89390609194485,57.318154090103434],[-61.806189516031516,57.376304207747594],[-62.06260210834221,57.458724888758084],[-62.18440528856363,57.47076869593714],[-62.23393770752109,57.4434014060306],[-62.35494807549008,57.4203504055475],[-62.46483897970307,57.453504496745914],[-62.41165340840046,57.47774160065313],[-62.35534557836269,57.458537098962005],[-62.25242811233563,57.54418761214781],[-62.18363830672322,57.52363169696178],[-62.11044118340705,57.53982690306381],[-62.095764100030564,57.572513409051574],[-62.00961188121803,57.61790029574323],[-61.895628891440275,57.628696392188075],[-61.90487310301091,57.67690019911777],[-61.99767308173382,57.764501904046604],[-61.90087768443242,57.80383690085831],[-61.87698479213008,57.84523168316256],[-61.94044379854853,57.914740602996424],[-62.01278648677842,57.913886709790525],[-62.15288322140683,57.96934269354808],[-62.210464784087804,57.91857090467799],[-62.28473668638174,57.94763369915991],[-62.50328811516276,57.97623289329848],[-62.36546998824113,58.000000005624116],[-62.31292188233795,58.04183449072637],[-62.5296451963563,58.10772390576298],[-62.46223881529444,58.14450360643696],[-62.54865142469626,58.16948219821847],[-62.586649672197524,58.12917910088036],[-62.752286673590575,58.115927600682596],[-62.83710550187954,58.136229611264106],[-62.950003204396246,58.123530386732455],[-63.013532110759414,58.13910260782271],[-62.80455268989641,58.17688870311511],[-62.655474495026056,58.167506694078384],[-62.58247349183267,58.22633540912884],[-62.699261208608796,58.25961490712307],[-62.68022501875591,58.29757390856086],[-62.60993007740062,58.31090050007288],[-62.61357418484287,58.36532849403756],[-62.646695025885,58.41022519821385],[-62.564516708342815,58.466826399006294],[-62.81177630493608,58.49936231434555],[-62.971148684367634,58.44688319150583],[-63.069491178215,58.44554420299705],[-63.13782839724033,58.479322509157484],[-63.338899979242065,58.458194896515565],[-63.36307427747237,58.481393701607054],[-63.16582260270488,58.50708449245293],[-63.14771561918075,58.52756819905673],[-62.90401309874817,58.60096438534346],[-62.85146537027166,58.70128360164595],[-62.91943978463726,58.74828479958632],[-62.9092084916749,58.82271219091088],[-62.978428420858506,58.83220850371276],[-63.028378510995,58.87627860448868],[-63.18329498291673,58.82059698929294],[-63.214878208794914,58.88169609828286],[-63.16943759472145,58.928666293858356],[-63.16975482982135,58.98668529701741],[-63.140359878197934,59.05381750017733],[-63.389255522165925,59.09506079557692],[-63.43639687751746,59.063077094821146],[-63.55374938182113,59.034757508787784],[-63.62157631822401,59.041488207215615],[-63.744492279364366,59.01148820059944],[-63.752787984425325,59.04750260768027],[-63.58888749461868,59.0603511980004],[-63.40757516856636,59.12356910494201],[-63.36493019982922,59.20195709564972],[-63.42054999068751,59.20776121111304],[-63.39281329031951,59.28276450518655],[-63.524244101436224,59.26523779711255],[-63.534430892819856,59.34162520290682],[-63.642968700171544,59.36124559905879],[-63.718135217746706,59.29540400930235],[-63.751753993958395,59.38504198341493],[-63.79431028358477,59.42025898792884],[-63.72206100342458,59.50000000376483],[-63.75080488652005,59.53753000864479],[-63.851322424100445,59.566140003253224],[-63.88855470958453,59.62016901398162],[-63.95642379151186,59.63559859559515],[-63.948716866599796,59.68711140571925],[-64.04426820856919,59.67903980184738],[-64.16785639271616,59.687227583676886],[-64.23878569006429,59.73953289299943],[-64.20210738891556,59.77204419390611],[-64.10080798466836,59.694608706573774],[-64.00524378147402,59.718378405429846],[-63.949599191982585,59.76338820984336],[-64.02698790856672,59.78416510545008],[-64.03362007123539,59.84902890671904],[-64.17732919211004,59.85466378356662],[-64.12536130129104,59.89831780283866],[-64.23324733075444,59.94683189374388],[-64.15716180501052,60.013299685552106],[-64.2714782093191,60.05560529930443],[-64.32784610363488,60.02955310915724],[-64.31292662717247,59.99846849752154],[-64.43039107867901,59.94062979712301],[-64.35882499903482,60.046904398544314],[-64.368771983316,60.16499280935044],[-64.41566108413296,60.271094898539026],[-64.52352899709553,60.30058928726621],[-64.72342587286425,60.29147830070167],[-64.85377782467194,60.26941146105294],[-64.86394126676407,60.228196802298385],[-64.7498795730133,60.188155582966175],[-64.74556250617444,60.16862804540541],[-64.60247105314727,60.1670146209169],[-64.59371586445893,60.11703127236768],[-64.7079868474217,60.08460914382417],[-64.74271398675766,60.056131129490836],[-64.89587553674868,60.06620929244949],[-64.84022843760667,59.97031907617315],[-64.66223046203247,59.95255396330577],[-64.64097704952616,59.90744806164268],[-64.74152160062879,59.88929893691844],[-64.82522452920857,59.825607977848854],[-64.76048544967266,59.70655815773226],[-64.89825949014163,59.64178327648415],[-64.83962958358495,59.55334198672693],[-64.76414507291796,59.514868003529664],[-64.67983493043523,59.44690514256316],[-64.58967262503569,59.466182660293285],[-64.43376621240262,59.54197359688704],[-64.324069310403,59.51277412638216],[-64.51159836477494,59.42297985196904],[-64.53833896675869,59.37078193308916],[-64.49330274791707,59.34957614213592],[-64.54353627482566,59.310435057963126],[-64.4886034688822,59.25711006884373],[-64.52184746056346,59.196741120029635],[-64.4727146984296,59.18039119807664],[-64.49030914093473,59.099075067690265],[-64.31517598856897,59.06562976234342],[-64.26179115451937,59.01295656470148],[-64.38770532322951,59.006183813497344],[-64.46030109111973,58.98151425242382],[-64.57061953984989,59.027274786820286],[-64.67027521119944,59.03861442859444],[-64.6832569310315,59.0746953877654],[-64.77923880788643,59.074957440196094],[-64.8650159022635,59.01540497253632],[-64.82071351239543,58.916892718893905],[-64.73066993038692,58.95078403579612],[-64.65165020089819,58.94375204102993],[-64.55018251993614,58.88745542874673],[-64.45580099018336,58.90821667067834],[-64.33254016408814,58.9045627597216],[-64.23365670918045,58.86411334399771],[-64.22970456845457,58.78364847472232],[-64.17878497502736,58.78903958947179],[-64.13779286316347,58.74616687480794],[-64.06970878391,58.769086194356284],[-64.04533757307192,58.81035037223553],[-63.81213795872447,58.847062793496],[-63.77768332719769,58.88405875868581],[-63.59534114419343,58.85717575946993],[-63.550785079865854,58.836550115192196],[-63.49215735582833,58.76854521262184],[-63.50679394948564,58.74257462781697],[-63.61928353160698,58.723860621450214],[-63.75437387348044,58.71673706044477],[-63.950253770061344,58.68524732825852],[-64.04722219126617,58.702628470469975],[-64.10792673389919,58.63965068628652],[-64.10494346753934,58.56323000764648],[-64.04693980752263,58.53507082876411],[-63.97357898669371,58.5296360838651],[-63.90736607221556,58.573492087107766],[-63.8581940632493,58.563797645892095],[-63.85869189961322,58.50451440696383],[-63.80785005026218,58.48974610198626],[-63.88111327541047,58.42943966042053],[-63.98657855132683,58.444357917491025],[-64.02253893429672,58.371019214747584],[-64.1722226707748,58.36187326627799],[-64.21777697694851,58.24773219887706],[-64.2475038210887,58.22742144140328],[-64.37356281601824,58.20838059593819],[-64.42173251779283,58.18667366547527],[-64.43309144126563,58.06990809208814],[-64.32050780215712,58.061487992308905],[-64.25096032508513,58.038718517532324],[-64.20466183561564,57.973629708588035],[-64.11667541154297,57.81113939766333],[-64.0720012898919,57.77002034236651],[-63.99724891398008,57.81207869020622],[-63.938596251969365,57.788551008127236],[-63.88342166302708,57.71260734436652],[-63.84747641907514,57.719022896915945],[-63.73529089840828,57.66280188019248],[-63.59677043641648,57.741247649493175],[-63.59872732435334,57.663840479554906],[-63.64995148741668,57.62006388937274],[-63.771915905788845,57.59244977074562],[-63.7511686063813,57.53574357160712],[-63.775221383538046,57.493572793897506],[-63.76126085945224,57.439331667754324],[-63.71030551023812,57.42263000297795],[-63.70130115943708,57.36833358111981],[-63.8558207767734,57.3343012153541],[-63.88337348279587,57.27762095872793],[-63.74146685661865,57.24076556847333],[-63.77098500023759,57.19601831201832],[-63.76488551051016,57.139925626304986],[-63.82014840874263,57.07549891031786],[-63.890083399987105,57.08608305827391],[-63.90809982896801,56.92752110326075],[-63.86739598819575,56.88337611079523],[-64.01297796071799,56.84984641745916],[-64.01275954499667,56.77867686156964],[-64.0789073395068,56.767003172283886],[-64.14531439704675,56.699754842161674],[-64.05046139806541,56.60634805647873],[-63.931062987395116,56.53375754935282],[-63.930632407097825,56.466207039565234],[-63.87291654312885,56.44897044110451],[-63.99301597801737,56.408211267669564],[-64.15274016987475,56.441112115895194],[-64.09935213338552,56.35191260354848],[-64.14343811378845,56.31196638975456],[-64.09049584957528,56.27989780426957],[-63.96710988016478,56.25639668296741],[-63.862933859589205,56.21258888190057],[-64.03596331636508,56.15488104129005],[-64.00213330872567,56.10273030724322],[-63.95308818710666,56.088227135284065],[-63.883694707046374,56.13703238623363],[-63.811050638184305,56.08463485912544],[-63.7312628053571,56.070152374604326],[-63.63672129297576,56.023522706647356],[-63.495771826637636,56.04001295678505],[-63.73394189701059,55.928018481211105],[-63.792582799435856,55.93146170618771],[-63.84509869500487,55.87907340510645],[-63.77361258117025,55.85605402433141],[-63.77702275380435,55.801478760280155],[-63.674200580504454,55.75932511027675],[-63.72513866035261,55.72663791416979],[-63.715982406032175,55.65767367543864],[-63.66547280641559,55.545987582797004],[-63.691482710595274,55.50871130632413],[-63.77547135873151,55.48170900854398],[-63.7367067078295,55.4382392864914],[-63.66539705173987,55.423050567059576],[-63.47856669858362,55.42920555834556],[-63.39303829326324,55.40478095938494],[-63.31978689370605,55.41180634521606],[-63.32484869471232,55.366046934579686],[-63.442249580073565,55.3440597306336],[-63.55192238432154,55.34488735558102],[-63.54206390302313,55.30966719394926],[-63.679475057745584,55.26688687858651],[-63.54741047274326,55.22546900280555],[-63.462635608228915,55.25526469408065],[-63.43187119056684,55.21134265553339],[-63.562918355717166,55.187616378369434],[-63.541549972798165,55.16009783880127],[-63.6113668648729,55.09080377555252],[-63.55639199955408,55.0344439118576],[-63.5575345195891,54.98993784907844],[-63.604529659059,54.926251537419866],[-63.66128281597723,54.89995248827897],[-63.75190029630165,54.94230884124769],[-63.820518333412025,54.94795810262246],[-63.84903211346948,54.862611283811454],[-63.817161538485294,54.816921864181424],[-63.90366439109225,54.8010780140978],[-63.88974123488427,54.76835877319335],[-63.802959712644196,54.72564206588213],[-63.74275793200023,54.626399289256504],[-63.813377233290026,54.65078580214048],[-63.91143915535153,54.604248672376826],[-63.97442253623767,54.62012023538392],[-64.05427717774674,54.600908292009635],[-64.14184981278441,54.66695739894683],[-64.2945278471342,54.753273762394805],[-64.39747458248125,54.79049295214166],[-64.48606927192374,54.79343557090001],[-64.5568824726058,54.71366228136659],[-64.67996837457085,54.73571255205684],[-64.77808689303954,54.73346877362668],[-64.74787483144868,54.813994294434856],[-64.97190055880166,54.937395575316586],[-65.00956061616117,54.930964232645564],[-65.1264493458109,54.96147803589444],[-65.17289287484533,54.93360432045587],[-65.20962312342736,54.84795777853162],[-65.32569525615524,54.848678011865026],[-65.3558396519565,54.8187614005234],[-65.45633571470373,54.849242332854196],[-65.48665520479906,54.82006872612129],[-65.43461979700547,54.78418346205378],[-65.4555303192738,54.72858324513833],[-65.59255370118129,54.74303600820151],[-65.69011531218322,54.711527016453694],[-65.77742521960042,54.80280964812],[-65.83831487531373,54.836527530358964],[-65.84984542374205,54.92721087551539],[-66.0233958875784,54.94195334217528],[-66.06449035563683,54.92906844130081],[-66.14358133203663,54.982298787688435],[-66.26028384134506,55.00018264607144],[-66.35499499954712,55.08320920244452],[-66.46642624676335,55.16026240786191],[-66.49533797570756,55.205106901559624],[-66.6027926279335,55.268981382467274],[-66.66977348310908,55.269444730716664],[-66.6969401825879,55.30532309122296],[-66.77846228213846,55.35238815066653],[-66.82372582244592,55.30696976374922],[-66.70723085962825,55.22712308681151],[-66.74890041761888,55.21569894170714],[-66.75494165324709,55.113571289171034],[-66.73503765266271,55.044052675736225],[-66.68601355335636,55.000053790921456],[-66.74222369831433,54.969480208716234],[-66.68140817898811,54.92366778410438],[-66.60265109790276,54.813506309815814],[-66.65942839757625,54.770217773647744],[-66.7180945295466,54.7607822635955],[-66.81271745032228,54.779397239969185],[-66.87566332704104,54.81600960732942],[-66.9478466706573,54.822310512761355],[-67.03985465863325,54.86808149337686],[-67.05651050443002,54.89493770818367],[-67.25748460893826,55.02127419434313],[-67.24373025697305,55.059635448814156],[-67.3228378675449,55.08906531354925],[-67.40963252886479,55.088633236541135],[-67.46370387188513,55.06285691634416],[-67.44587182125615,55.008503827248106],[-67.3997556735087,54.95785895772487],[-67.21341853149072,54.792748813360454],[-67.06290081383625,54.69293310928887],[-67.12900346539969,54.65771941771973],[-67.13855100997505,54.62453865894296],[-67.23117571894657,54.587566925329575],[-67.2778218103345,54.54870729130431],[-67.24494465165402,54.500033909070424],[-67.34923525257977,54.51699195129938],[-67.42902526183448,54.56923438471434],[-67.52688242248279,54.57095109601388],[-67.47311297794546,54.52010192146164],[-67.50040551931595,54.48150655308848],[-67.58165785494276,54.494108526966585],[-67.66781166996971,54.45384196291199],[-67.77639035065485,54.43527984807117],[-67.72469836607272,54.38685578639757],[-67.74803672392058,54.350260854735275],[-67.67636616713064,54.318524301813696],[-67.6773303985213,54.241680311838834],[-67.62830265204519,54.21275146445889],[-67.67532197374621,54.15876122099198],[-67.76503657165446,54.157000191873024],[-67.81025241624559,54.12813290873359],[-67.76183525767149,54.08604609211911],[-67.82168528783716,54.02570234616541],[-67.69983932893398,53.97660448226315],[-67.57148974325086,53.84556676129142],[-67.49960831515851,53.82685640376814],[-67.59221902859267,53.75749782307819],[-67.50000001395144,53.75726735018599],[-67.50631906432262,53.71906153276434],[-67.39684971288088,53.682879300543846],[-67.3947309229372,53.614654306131875],[-67.25740588112616,53.55738857481782],[-67.2187690594473,53.530340335188306],[-67.15768545007103,53.537633609041066],[-67.03030823871111,53.526737052800016],[-66.99629644456509,53.4846175177956],[-66.94452408696193,53.476053398182046],[-66.9244478602815,53.41866087699662],[-66.96610332272266,53.36462176109501],[-67.02705061694586,53.33464612674629],[-66.95841549869498,53.30645033447249],[-66.97806167144282,53.21326331213169],[-67.00613301330031,53.16847525519697],[-66.98442990896541,53.0879093002235],[-67.0416076097505,53.076072140466174],[-67.15422798034209,53.147225479978225],[-67.28721460264697,53.143921347402575],[-67.39233682881711,53.120855037052124],[-67.38078607912082,53.04625595871639],[-67.33266569926167,52.95981815403835],[-67.3557429004979,52.928627776627444],[-67.31682445995878,52.87544767915729],[-67.26853269607506,52.87771071402028],[-67.22747230011214,52.84177083297917],[-67.0742522290774,52.8754518088747],[-67.04767168770934,52.837240206554],[-67.0670067430582,52.775116248014484],[-67.03430408222634,52.747015631036774],[-66.9492652416089,52.75958268545501],[-66.89446011479117,52.6766617052933],[-66.8537000064893,52.72114481743216],[-66.77212673750859,52.69620359776043],[-66.75374631367237,52.7514881015793],[-66.6460623787694,52.788923467315264],[-66.66369843112686,52.88546428308094],[-66.62555377300109,52.95424326297528],[-66.57699597268972,52.936786870959104],[-66.50700827762408,52.950123042565565],[-66.43183464116751,53.04820259590483],[-66.36077104399035,53.014390366065875],[-66.32195414162356,52.93893308962315],[-66.26085965710789,52.874311881485994],[-66.29462932391655,52.860120140980854],[-66.37942045284989,52.87746819382016],[-66.41388278172144,52.848673944545126],[-66.35417960033894,52.80255854760868],[-66.30833176111877,52.72859107462417],[-66.33877266814754,52.68461678293071],[-66.27738007263073,52.634449744414624],[-66.30930252235642,52.60459012162684],[-66.38865738287349,52.68228420089431],[-66.44027591727198,52.636400426381],[-66.37467289157588,52.572750996246754],[-66.35558376464459,52.47322058085844],[-66.3908067153063,52.46593752919585],[-66.34171210641925,52.39721029641886],[-66.37018806908631,52.35394067639671],[-66.490517254524,52.34163746277943],[-66.33011323811255,52.135934659862016],[-66.26411703867227,52.16518140764675],[-66.31256915131024,52.28551795314289],[-66.24964732384427,52.27398367878305],[-66.20835924411443,52.234093129464355],[-66.16002166188565,52.231653248441916],[-66.07716232326356,52.162262732513575],[-66.09636477143799,52.107808372161706],[-65.97040149108904,52.05650258191907],[-65.95478012925317,52.0998788385193],[-65.8769889984293,52.110405411756055],[-65.68656646290691,52.10375477817774],[-65.64856187220113,52.08092072973256],[-65.67991005155935,52.04150752952787],[-65.54844953117714,52.0389336097207],[-65.53066908843618,52.07080016113589],[-65.41229096162812,51.971311258936225],[-65.35477939591082,51.94273797338641],[-65.3975699705507,51.89084734860462],[-65.21018477621415,51.812928233891995],[-65.18606374724534,51.77560635869889],[-65.08258584571358,51.74619863812037],[-65.04921692255968,51.76964739820456],[-64.93070578649217,51.71426156427444],[-64.92467534496275,51.77785845882876],[-64.77309872743442,51.753135225082595],[-64.65354781586642,51.701533640297896],[-64.55435579303524,51.57580471165049],[-64.45663670020923,51.62681936773461],[-64.41733164065795,51.67495526974499],[-64.33712520635058,51.66529480197982],[-64.27828931705315,51.746378548894555],[-64.30245518757613,51.8036436155518],[-64.35270342515058,51.849275942473206],[-64.34169224167768,51.98590031528569],[-64.23395175106799,51.990904412373496],[-64.27937834984333,52.037560545670395],[-64.25385294113427,52.121483271322916],[-64.16079744789057,52.14601072803858],[-64.20069285933124,52.17701634808122],[-64.22558327050952,52.30250422199113],[-64.18005280912404,52.30641337479562],[-64.16742499446804,52.3615415800001],[-64.10922908846793,52.39405671795699],[-64.15194855237867,52.51992314422104],[-64.21112116115962,52.57360150214531],[-64.15455037296262,52.603432573168746],[-64.13738239377409,52.729235080560436],[-64.03727482876485,52.738244709499725],[-63.937417232989795,52.73102429407923],[-63.87294126566896,52.77396224550169],[-63.81897527219238,52.7585304813811],[-63.71953941973379,52.79896928229944],[-63.59974758284214,52.82431890829478],[-63.57586122238471,52.7609640593984],[-63.526349961148654,52.72537495261298],[-63.459324988803424,52.71791360973031],[-63.380686135727295,52.66517594433767],[-63.44416290522647,52.64469539413101],[-63.5972733945656,52.64794530507377],[-63.71645749677328,52.6309335065065],[-63.850401712289944,52.62584990762855],[-64.01573751885846,52.5771431352277],[-64.0876772339689,52.50651419282402],[-64.08970026738562,52.44592801519979],[-64.0259201317888,52.405781067858484],[-64.01456000775413,52.363727093224476],[-63.861039004577144,52.31905299195999],[-63.76811901579947,52.32788740582927],[-63.771677887730526,52.282775402710115],[-63.6907707086418,52.12302059756724],[-63.70799419081444,52.09333439853794],[-63.841138362287026,52.056498274560596],[-63.80146264007738,51.99784367602029],[-62.84418228921095,51.99695712266391],[-61.80652165858114,51.995808708099396],[-61.12988609220393,51.99624936949322],[-60.201707304927524,51.99723227884213],[-59.03440954986023,51.996981120695516],[-57.96473498778437,51.99644928338521],[-57.10775937302653,51.99849477110782],[-57.105486400084814,51.65645137223018],[-57.10854297508447,51.4156349019791]]]],"type":"MultiPolygon"},"properties":{"geo_point_2d":{"lon":-60.51575069823122,"lat":52.88843621601131},"year":2021,"prov_code":["10"],"prov_name_en":["Newfoundland and Labrador"],"prov_area_code":"CAN","prov_type":"province","prov_name_fr":"Terre-Neuve-et-Labrador","name":"Newfoundland and Labrador"}},{"type":"Feature","geometry":{"coordinates":[[[[-66.93907779916965,45.024698094998804],[-67.01599979184641,44.98180558700303],[-66.95651089562222,44.96501300197135],[-66.93907779916965,45.024698094998804]]],[[[-66.90309091045377,44.95715030317022],[-66.9394817157106,44.93418609273599],[-66.97797240891566,44.87096740936626],[-66.91940510255706,44.84436539822581],[-66.88982820530774,44.91584019656029],[-66.90309091045377,44.95715030317022]]],[[[-64.51787691607068,48.01984200189097],[-64.59936060653511,47.92254371421723],[-64.52568188954095,47.91910709328821],[-64.48699370126019,47.94803341089048],[-64.51787691607068,48.01984200189097]]],[[[-66.7756363104883,44.799574703199724],[-66.82738140388979,44.7718170899029],[-66.89091071499264,44.659985105470675],[-66.76094380704284,44.65529779939209],[-66.73881899404826,44.71958388501404],[-66.7756363104883,44.799574703199724]]],[[[-64.50275181185098,47.88250470263628],[-64.5359854910265,47.86197709419851],[-64.63447729017128,47.885753300266806],[-64.70516670570031,47.835215411329024],[-64.65387241376538,47.79055479133453],[-64.65072541758836,47.72939429224906],[-64.57870301227442,47.76784329912146],[-64.50619570499774,47.8511464012323],[-64.50275181185098,47.88250470263628]]],[[[-64.04186286292291,45.994634105412594],[-64.10017130223363,46.02349460016399],[-64.07292968733519,46.049517095424264],[-63.92998530797094,46.05536979969756],[-63.77160399852801,46.10518159988772],[-63.832899790445836,46.15046188555677],[-64.0407896994282,46.181952099051685],[-64.08727330169616,46.16231988960496],[-64.26578779285276,46.236031196043534],[-64.39173099220133,46.22358458822311],[-64.41341669176028,46.23714730823176],[-64.52396820987512,46.23916600963396],[-64.57233709174724,46.272943605601355],[-64.51215611040676,46.32255849292663],[-64.61552429024569,46.336009688591176],[-64.62487390458968,46.43205291460741],[-64.6669915925985,46.46648588695355],[-64.71278899177364,46.55443850426639],[-64.70767331439721,46.66005689088234],[-64.82434720031965,46.69237150447814],[-64.81786501701234,46.72767699520517],[-64.87335177705684,46.7427544028178],[-64.90473740879791,46.7787680037811],[-64.90993370363043,46.82638039095005],[-64.94513980985046,46.84099149368114],[-64.88228269372985,46.928315898454926],[-64.81234418687127,46.975366399897744],[-64.82877440619778,47.04562198738596],[-64.80601350093289,47.076096904179884],[-64.94478691650457,47.07600780002432],[-64.99485700809467,47.05476969798366],[-65.03134039663355,47.085257305132444],[-65.10149120536097,47.074259497921034],[-65.14316888698096,47.038889493924756],[-65.2195096111662,47.04145096680414],[-65.20549568393173,47.08214440707757],[-65.30170510389289,47.060832407285424],[-65.3488993980123,47.07686199086515],[-65.26658863789302,47.11635518581821],[-65.11334812025727,47.206707495755616],[-65.06308001495591,47.25520929302927],[-64.97486755383247,47.27686349727134],[-64.94476159125347,47.370054608035524],[-64.90580610923912,47.39175950139364],[-64.87137509480705,47.468440600357795],[-64.90649318291649,47.55008049382632],[-64.8442611070412,47.578563896797334],[-64.7987155937682,47.6324110936508],[-64.81594890543695,47.66917049250107],[-64.67472050920927,47.714101998696485],[-64.79369290496177,47.794156095413314],[-64.85553798371511,47.808359400251256],[-64.96462260430685,47.79263498999991],[-65.0027559805129,47.83765180021366],[-65.18143819693775,47.81932439933256],[-65.3242835014292,47.75794598523785],[-65.35928149420126,47.75522648830348],[-65.43527771436388,47.70024070087761],[-65.49777669380927,47.67143729951052],[-65.63280928772191,47.66272708680885],[-65.70579868948748,47.725943535544886],[-65.7329830093317,47.83039260528003],[-65.826692818884,47.90053254894351],[-65.89939109586446,47.921238787212324],[-66.08542061086682,47.92561140446192],[-66.13657179961082,47.961386309359895],[-66.34034529763127,48.00572310764096],[-66.37444370659972,48.03027550458478],[-66.36407660824244,48.069495803152726],[-66.47669192200799,48.05902479347891],[-66.53811091453507,48.0286287047296],[-66.63399230104329,48.003778608292876],[-66.75839977853362,48.0030438880968],[-66.85308608276506,48.00144983233871],[-66.92127085596367,47.984605090094306],[-66.9608708633886,47.94689358330541],[-66.97591365740358,47.89265922885871],[-67.05896192791164,47.93561522081635],[-67.13751563961011,47.89463572930415],[-67.2170506744609,47.877362083775964],[-67.33827197681501,47.88815737470928],[-67.38079918029922,47.854215092292954],[-67.51252741584386,47.913713052642734],[-67.60808306170725,47.9368060769919],[-67.59800572548315,47.99981590445288],[-68.1225919675492,47.999745807571536],[-68.12279292973592,47.916442194806784],[-68.38233418321057,47.91611694458255],[-68.3835493349052,47.553092289961945],[-68.56810700723031,47.427146239806476],[-68.79962823559441,47.348941930571385],[-69.05037781395048,47.30019816346965],[-69.03674480320538,47.243202794730855],[-68.88883320599061,47.182562991145446],[-68.73046809731932,47.2430707914882],[-68.62187701034962,47.24329039313849],[-68.57401419709191,47.28827620421498],[-68.48937079656056,47.302413109766775],[-68.39243129615015,47.28716039475474],[-68.38028041096496,47.34303779265985],[-68.33197449482286,47.360704990868804],[-68.23783210957438,47.35685499196114],[-68.15513071468845,47.326614898136526],[-68.1345247055175,47.295660097852874],[-67.95709729219865,47.200343685120835],[-67.88634799971553,47.10988260300743],[-67.790195924249,47.06623419098979],[-67.78791065083222,46.58587400131377],[-67.78193393908309,46.27676021514329],[-67.78123223552961,45.94345403716854],[-67.75115992122146,45.91781440450006],[-67.80226358063925,45.867729399790825],[-67.76115979272754,45.82957970308092],[-67.80514209676569,45.79480710621909],[-67.75412529560353,45.69147450963173],[-67.71933931121707,45.69470271391613],[-67.67711150513409,45.636957995292164],[-67.60024459250879,45.611313605267924],[-67.51726080952658,45.602552509428776],[-67.47786232069467,45.662189796153605],[-67.42167101266533,45.57216648922292],[-67.44976329765416,45.510056292562375],[-67.50335431101654,45.48668030769325],[-67.47407397803914,45.4263390039192],[-67.41917939979149,45.377694292960136],[-67.45421461676862,45.32719319372003],[-67.47249071142659,45.25790730651206],[-67.37118190431251,45.1429539982534],[-67.29552530070927,45.15228220826393],[-67.28610809290406,45.19253890189392],[-67.22459699513635,45.16659599566775],[-67.13986480961938,45.172770010544404],[-67.13137260355273,45.13986330725318],[-67.06542389316884,45.125040089378615],[-66.95313170528762,45.157520808028885],[-66.86635640061007,45.12176059753725],[-66.92196570870999,45.089333492535125],[-66.88792279625396,45.04039630083504],[-66.81366826273026,45.089778126766],[-66.75128081160648,45.049340493727435],[-66.57114578623573,45.12845460795116],[-66.49791730739528,45.12724800615513],[-66.46667219481907,45.066440410715735],[-66.26304460265591,45.14461350456667],[-66.2151153016328,45.14514920748488],[-66.14539509935445,45.18290620784842],[-66.15110271638356,45.2204252016956],[-66.02135149675209,45.27139988766186],[-66.00873571303343,45.21727768979303],[-65.9281009934361,45.20924429790889],[-65.85008419695764,45.21837890747074],[-65.80487681464861,45.261785397098556],[-65.72457220437794,45.275243793317486],[-65.53525420237622,45.32346448921523],[-65.53325019153709,45.355888485879916],[-65.45330829764036,45.396845288134635],[-65.12966121241222,45.52286629750464],[-65.03418147930101,45.537549205755525],[-64.96714469158836,45.56625769012291],[-64.94581580913304,45.60024930553538],[-64.86597441262721,45.63208389475521],[-64.76956969776039,45.609330192349546],[-64.69065021527491,45.68785560561097],[-64.66602570118164,45.744905388341365],[-64.56803419239687,45.83892738816096],[-64.48890051013298,45.80626789777199],[-64.55055900080856,45.725468203422636],[-64.430461007227,45.78768091376116],[-64.36064368703272,45.85777870034096],[-64.31509680379219,45.87869749971984],[-64.27488685479494,45.838504925648365],[-64.14942368761436,45.98014747197529],[-64.04680352919961,45.97681801070047],[-64.04186286292291,45.994634105412594]]]],"type":"MultiPolygon"},"properties":{"geo_point_2d":{"lon":-66.37667726184117,"lat":46.61898879742724},"year":2021,"prov_code":["13"],"prov_name_en":["New Brunswick"],"prov_area_code":"CAN","prov_type":"province","prov_name_fr":"Nouveau-Brunswick","name":"New Brunswick"}},{"type":"Feature","geometry":{"coordinates":[[[[-109.83296228999279,75.93393489090354],[-110.03239942184095,75.89814309818671],[-109.83239034354472,75.86442619036842],[-109.83296228999279,75.93393489090354]]],[[[-130.78331719077332,69.62279770049848],[-130.80757820405302,69.55804199570481],[-130.6763568748886,69.56959878934505],[-130.78331719077332,69.62279770049848]]],[[[-130.8903731120975,69.51077858987236],[-130.94291639831158,69.46888940038578],[-130.88239518028269,69.41111470860048],[-130.81098767629527,69.41860779530936],[-130.8903731120975,69.51077858987236]]],[[[-113.82960895789915,77.15877100432688],[-113.84293062459875,77.10614349772656],[-113.62518883625646,77.13108878713024],[-113.82960895789915,77.15877100432688]]],[[[-116.72374417338037,70.56157559875281],[-116.68381720473495,70.53936999352068],[-116.38105446991983,70.50962319359384],[-116.3215448694316,70.53381930250504],[-116.53520468394899,70.55092539233901],[-116.59752108599459,70.57249198963302],[-116.72374417338037,70.56157559875281]]],[[[-124.3108025921568,73.64817411325009],[-124.34120802448308,73.56932810180719],[-124.10087921603396,73.57125821104253],[-124.15644844888855,73.60625679423364],[-124.3108025921568,73.64817411325009]]],[[[-122.64588462963434,75.92505049191774],[-122.56772631618026,75.89546858959112],[-122.32439332534345,75.86384049301637],[-122.34278525422032,75.92432349560424],[-122.64588462963434,75.92505049191774]]],[[[-128.2029260767952,70.62539190493258],[-128.27134740360668,70.63703641181512],[-128.3185803784007,70.56938100874888],[-128.14655222505556,70.5550706058197],[-128.10888391904518,70.5933498055994],[-128.2029260767952,70.62539190493258]]],[[[-128.95048000459732,69.95732830621586],[-129.1003041922208,69.84964909159773],[-128.95486257212778,69.82948489074352],[-128.97144740461192,69.88715609432097],[-128.9039229182343,69.90742500259923],[-128.95048000459732,69.95732830621586]]],[[[-117.23180200900666,70.59200969152685],[-117.2785089640307,70.55929520049267],[-117.15722149660289,70.53473229254651],[-116.86685625866555,70.54756079259],[-117.10722549152959,70.58568538903108],[-117.23180200900666,70.59200969152685]]],[[[-112.25839828281447,70.36413459192032],[-112.25732283869162,70.33694730538964],[-111.99557471251659,70.27961348512392],[-111.82886438956427,70.30399419499832],[-112.19765631223473,70.36650698551037],[-112.25839828281447,70.36413459192032]]],[[[-120.9977474051395,75.94157319004853],[-121.02088821994863,75.82067789030036],[-121.23760022514753,75.7837098076166],[-121.2877795780658,75.75466799520304],[-121.05023771133945,75.73390839589409],[-120.87063750692305,75.85575758554613],[-120.86088131063468,75.93833269001578],[-120.9977474051395,75.94157319004853]]],[[[-109.84260272632459,72.66663048593281],[-110.12543621658928,72.73199910157653],[-110.23321528643169,72.6420539092163],[-110.06391170069021,72.65644231171296],[-109.89749781507021,72.59388080584971],[-109.84397952741823,72.5404790165154],[-109.84260272632459,72.66663048593281]]],[[[-109.83533523181528,76.50677770987035],[-109.95878839269606,76.49561940623641],[-110.11227445808701,76.44971711160701],[-110.38163284400692,76.4316125912816],[-110.35447379466693,76.31991278801684],[-109.98642944527288,76.24197219630841],[-109.83449665243532,76.24603700487997],[-109.83533523181528,76.50677770987035]]],[[[-114.61906889351938,76.86706439553072],[-114.81335930209721,76.82009559916848],[-114.84588818668627,76.76404809139616],[-114.39808334442816,76.72715259937117],[-114.09544675434417,76.71794599070574],[-113.90287184966027,76.72653779074702],[-113.60541129154944,76.71400990474233],[-113.48310577141592,76.7575767961346],[-113.45691759040169,76.82778768758897],[-113.81605722310609,76.89563829207783],[-114.61906889351938,76.86706439553072]]],[[[-109.84069662021167,72.92620291098297],[-109.90329389537254,72.97675350859322],[-110.3911498273658,73.01217470515967],[-110.59151190293109,73.01061699888015],[-110.7244109774103,72.97381460260009],[-110.6815261929373,72.92545909686893],[-110.45740628759505,72.83714738993238],[-110.23130812425174,72.82993878421924],[-110.134484875111,72.7694933978084],[-109.84217821223679,72.72507130702854],[-109.84069662021167,72.92620291098297]]],[[[-114.35134828231926,78.07829921266843],[-114.74420340350399,78.01453870182712],[-114.8174520728645,77.98056820316928],[-115.10606542415745,77.95184890634332],[-115.03968199379426,77.91849219085455],[-114.74201874577219,77.82831379367373],[-114.5621714553359,77.79679780905013],[-114.45913717012672,77.74644841532483],[-114.28789979326372,77.70916959162598],[-113.9006940895959,77.72623501246173],[-113.7385387137501,77.75736358865858],[-113.55175032295826,77.8278314034683],[-113.67200523893102,77.84008499820567],[-113.72143364331478,77.89762800524765],[-113.99627101064115,77.92753310428068],[-114.02463345998278,77.98669659426436],[-114.2340353986502,77.98212108865928],[-114.34468574038884,78.03759839813404],[-114.35134828231926,78.07829921266843]]],[[[-117.71056497763352,76.12767639211583],[-117.93000410904186,76.04989939092545],[-118.10963879074386,76.02529000238715],[-118.1517539615808,75.97805659190519],[-118.33562255892618,75.97791050310741],[-118.70883014000223,75.89286019512589],[-118.74104184244088,75.85535949540676],[-118.88609874196032,75.81743769581938],[-118.94627227368937,75.76892721394749],[-119.31223781720466,75.66465929385028],[-119.37722618285908,75.59939520879185],[-119.2127809718577,75.57636621052505],[-118.90680409884888,75.57833530109353],[-118.72684790885702,75.51944038823763],[-118.5220645495384,75.52971769895171],[-118.29396247242508,75.57792380139497],[-117.94064098712407,75.75527989488405],[-117.87753700407129,75.82840870159787],[-117.71645793142439,75.92328388588356],[-117.54854655745137,75.99095250307141],[-117.44523379270679,76.09637179555128],[-117.71056497763352,76.12767639211583]]],[[[-109.83237979595773,78.64375063412325],[-109.94553226551655,78.68214200586766],[-110.41412900832964,78.76567189794075],[-111.14674319194836,78.69123730966325],[-111.26925384473239,78.65892619398788],[-111.3667421267242,78.59524779133302],[-111.57070538933314,78.56052160715663],[-112.24825300290672,78.54670488594711],[-113.20752090238831,78.4096638952009],[-113.21952552871963,78.35248609118307],[-113.32128518544106,78.33544539478976],[-113.17673983874855,78.27044248584178],[-112.74393673280726,78.3381149966572],[-112.49314164145933,78.36541428865891],[-112.0222597736374,78.38849429214383],[-111.86420137278989,78.35696329741553],[-111.78323521485001,78.27714479965887],[-111.41176054349053,78.27706109160803],[-111.41194750922443,78.32936228579003],[-111.22098247889242,78.32377780715402],[-111.29631635047161,78.38899869914846],[-111.12749426408205,78.39218230058377],[-110.92808161245878,78.36457480724773],[-110.82692977406926,78.32148999935917],[-110.35668289583761,78.27527340255348],[-109.99534999633731,78.32825520019213],[-109.8312098235806,78.30145849008814],[-109.83237979595773,78.64375063412325]]],[[[-109.8311664248295,78.11078058251537],[-110.30379648784107,78.11801299150046],[-110.99233686922112,78.09885900738895],[-111.50670916753495,78.07376590430847],[-111.70715474753196,78.0282037935443],[-112.05509116534787,78.02537519776727],[-112.26159378437326,77.99650771166756],[-112.53272526556857,77.99281300210703],[-113.06560936011529,77.90083620484188],[-113.20189595917228,77.89904269343906],[-113.3124808569591,77.84602979319735],[-113.29111178964922,77.76817450616025],[-113.16921163669353,77.74569580991334],[-113.26224889127201,77.67054471131995],[-113.05737169444977,77.62815639047172],[-113.19305533754326,77.56502180850642],[-112.95376542524481,77.52552700930256],[-112.91798379959846,77.46809530423819],[-112.71878283435555,77.44991479285308],[-112.5971904548366,77.46835540862203],[-112.45993789101352,77.38274700359597],[-112.02949599400233,77.32911070899256],[-111.40388524332853,77.40665799776592],[-111.20935518449744,77.43970329852075],[-111.05088590041949,77.42162809660158],[-110.81737223758432,77.43206648801322],[-110.48740548009492,77.47028870227177],[-110.19276381694915,77.5170191933596],[-110.05676852690098,77.56635628541558],[-110.10931778794045,77.68396770849024],[-110.04307866054417,77.77002548978096],[-110.23921695436842,77.78618509527429],[-110.65216841899958,77.76781779575325],[-110.74623234503997,77.81399209047889],[-110.89298891684011,77.82774609504064],[-110.90759513952305,77.86709759785111],[-110.39991621633311,77.90057890217781],[-110.2513257053829,77.90083129256217],[-109.83112804141305,77.93678485051694],[-109.8311664248295,78.11078058251537]]],[[[-118.81227717089462,77.36295121311632],[-118.95326889978877,77.32341330553089],[-119.21410057324665,77.31334620889609],[-119.3759391879545,77.18979569691686],[-119.79618174320852,77.10577999880257],[-120.15391990232034,76.93102468913256],[-120.4143699129415,76.88166970635079],[-120.3419177670331,76.82015458963036],[-120.58830533539661,76.74943539802369],[-120.7978487066868,76.73565830117042],[-120.87827529255271,76.7044444903943],[-121.07547881364306,76.67671588989084],[-121.18629015168948,76.63882759657103],[-121.49230390346607,76.45854288677052],[-121.83600948493634,76.4262349140572],[-121.9865283210004,76.44958689202862],[-122.35800644635212,76.40201219306401],[-122.6122567730105,76.33458271439939],[-122.61493929893457,76.27585929289583],[-122.843032721961,76.18104790450546],[-122.79166338623145,76.14477401218701],[-122.61658146676645,76.18179569535975],[-122.43947929094726,76.09963559503595],[-122.50775807412806,76.05674909134734],[-122.66682112893815,76.01277519774682],[-122.59101129967225,75.94161570942119],[-122.36713594597175,75.93053750018058],[-122.14647453313674,75.98557930131459],[-122.09832946610784,76.03940590382962],[-121.90846967923216,76.05916591273306],[-121.5092668192492,76.00921240387622],[-121.46904139515168,75.97256099637602],[-121.29186466731586,75.90870381102233],[-121.22584737855334,75.98087760254325],[-121.09233697670403,76.00728790496757],[-120.93279251473436,76.01072188370595],[-121.04640264771604,76.08412280447773],[-121.01614936194802,76.16132439074259],[-120.83912428911718,76.1850889868383],[-120.64795868856196,76.16027391068751],[-120.72656377672384,76.13015739218743],[-120.71214577316584,76.03159351314041],[-120.38938799655529,75.96899620389155],[-120.46185832511762,75.93454008757983],[-120.48066754250986,75.83592309527084],[-120.29549476381429,75.81265670057707],[-120.07855054173825,75.85365130605162],[-119.91480439062505,75.85099940133273],[-119.71325375386941,75.89249950304495],[-119.67873049622905,75.96814150138485],[-119.46769686567892,76.01187920594298],[-119.56960714181629,76.0859592949238],[-119.78717220231863,76.10810379736716],[-119.54857118637771,76.19501099297159],[-119.71425378920462,76.26731951362515],[-119.62205804581755,76.32142689806957],[-119.4620943306002,76.31773020020154],[-119.42726404621098,76.24774309152569],[-119.33883850053817,76.23386188959333],[-119.29252122270697,76.13866510674981],[-119.10131447771361,76.0891536050902],[-118.85474994013373,76.17749139748643],[-118.92755643522126,76.25360228967419],[-118.76714751036722,76.28812329751626],[-118.64299152825605,76.28913719178524],[-118.53729590268645,76.33636740119067],[-118.65956936498996,76.45734530523916],[-118.94135644039054,76.48448760865074],[-118.89542496724782,76.53531479494586],[-118.7223180656412,76.54552360245371],[-118.5746800045342,76.50319448968146],[-118.39779307498647,76.55916798910411],[-118.31009522620047,76.55867909586294],[-118.33587254468857,76.65934179090911],[-118.44950158940296,76.67886529379795],[-118.39770667114965,76.73265559315175],[-118.25891903770479,76.73660949862025],[-118.2515341612542,76.78455050503652],[-117.99016447700971,76.76065170357748],[-117.79080185721618,76.82850170299841],[-117.73713395763681,76.79311180802708],[-117.78031205377273,76.72501129112825],[-117.93064243057307,76.68510658308016],[-117.95391421711334,76.56920639508732],[-117.90396271336003,76.53516999107403],[-118.02023083641616,76.48633990178924],[-118.00910061534297,76.41114140790482],[-117.62245794572863,76.30828130700279],[-117.52944866890087,76.2727975999862],[-117.30740339180002,76.2586448920634],[-117.05840800843107,76.30824570032506],[-116.93903756743178,76.34722139996137],[-116.91005412792971,76.38719119069148],[-117.03835345747638,76.5467563019665],[-116.8487214183932,76.54953190823014],[-116.77872484964827,76.57400219133213],[-116.49427014238385,76.56924380485958],[-116.0605249237829,76.6226928062157],[-115.97442156917462,76.68830200665005],[-115.86402966781131,76.69998150205063],[-115.98889253714167,76.77120900869461],[-115.98748884054137,76.82983399901092],[-116.1908503688892,76.85354551516392],[-116.37033336978136,76.93500600312592],[-116.25549904091665,76.9502577918407],[-115.93732749143882,76.90009319406892],[-115.72351657252456,76.9464793159606],[-116.24159066486187,77.04480761435377],[-116.38149141108845,77.12874951034493],[-116.24479292906159,77.15397919155764],[-116.27154927690923,77.20365480201242],[-116.08688543917191,77.19494659177278],[-115.8162021207941,77.23308371020579],[-115.78255982673808,77.25634569988328],[-115.51021838840106,77.27175261083758],[-115.43129448121428,77.33861441376771],[-115.85836560860338,77.44529069910848],[-116.11150933941603,77.4680435878939],[-116.06620992234592,77.50702549161637],[-116.42441909331318,77.56091861274862],[-116.68398452506025,77.53980719648192],[-116.86274805561496,77.47820550636253],[-117.05559972765755,77.44788050029041],[-116.96133916673259,77.40746809998254],[-116.60712548623391,77.39186870742874],[-116.83592721442417,77.32017830529917],[-116.92591968508606,77.34286740924794],[-117.2277669397946,77.29097150768254],[-117.43043113269955,77.33147119473786],[-117.61594204582006,77.33339280596837],[-117.73756633047604,77.36940040393121],[-118.08682177031828,77.35974670296528],[-118.81227717089462,77.36295121311632]]],[[[-109.83134552448828,75.53415979313736],[-109.98052126704087,75.5462973137552],[-110.38999943806392,75.54294409910439],[-110.44595670320187,75.57706519906718],[-110.70746669929954,75.57383989666873],[-110.97638888591963,75.52928140673822],[-111.32648329607743,75.55915060348342],[-111.39945065438155,75.61537359483377],[-111.39420675925012,75.68214030855638],[-111.31246505709301,75.71534700510884],[-111.4305546291694,75.82379568798451],[-111.77600581549365,75.83859381162151],[-111.9248377057687,75.80682538801732],[-112.17038231282044,75.84990259990765],[-111.98150559180512,75.88938190148023],[-111.73178355114781,75.90183339813574],[-111.76670621346253,75.9525550010961],[-111.9900057291221,76.00412738753487],[-112.3907797886662,76.04280559082602],[-112.50134180637075,76.10457159987773],[-112.50118319442852,76.14491950955198],[-112.40433777179132,76.18146920757866],[-112.71646445526999,76.20023890550212],[-112.85059739898094,76.25757458970392],[-112.99754321907322,76.27173039154137],[-113.13986099392113,76.25472930827604],[-113.32281277163844,76.26709410936827],[-113.43029597240921,76.23943770528102],[-113.69573858482721,76.20403729528574],[-113.91395413065621,76.19448790175147],[-114.1789062414779,76.34351500639494],[-114.07025365438257,76.36316589099926],[-114.06047228284953,76.42408429365618],[-114.16896993417487,76.47757360098768],[-114.47871168287982,76.50416500132478],[-114.65875360885572,76.4936413979965],[-114.88890961280354,76.5122754935625],[-114.92915955869347,76.48694190662253],[-115.56025612787573,76.43896049299853],[-115.87369012507004,76.36090729333976],[-115.87020771018628,76.25996958764432],[-115.70782831988964,76.23987390932116],[-115.16122281180577,76.22725169555204],[-115.20185072198558,76.19060541006328],[-115.72166331204502,76.19067491130566],[-116.08622319959625,76.2055502044416],[-116.39593102545639,76.172308687758],[-116.6017237011988,76.11197259471837],[-116.67615134928492,76.0682217953196],[-116.52380683371197,75.98280409266614],[-116.6751851264885,75.97333820908945],[-116.72532187128022,75.90084620320212],[-116.41867813115482,75.87592650893309],[-115.9334197945677,75.87681979675233],[-115.76998474335132,75.89476769991148],[-115.22919881077021,75.88598479825289],[-114.87218099924972,75.91188759190275],[-114.91860881653662,75.86724460760242],[-115.12112379864627,75.87052369164968],[-115.40008782685057,75.84462148864979],[-115.79809281606457,75.83581990234174],[-115.98973168249677,75.8171054998682],[-116.30444403469909,75.80714109634476],[-116.80911079233948,75.8049680947771],[-116.95599431053591,75.77424019362215],[-117.153350157839,75.67191290444265],[-117.22158174463073,75.59701950475625],[-117.14439676499484,75.58145959423027],[-116.42528141677352,75.56516370859327],[-116.12460608883222,75.57841731122187],[-115.65868967856876,75.65004908899202],[-115.12331722612171,75.68123569869535],[-115.29658945370842,75.62589110088898],[-115.58706130347322,75.58908008975091],[-115.99653060647297,75.49072708947023],[-116.23613236252216,75.48458420684081],[-117.02244730428723,75.48574509315246],[-117.25733288186981,75.47442479915797],[-117.55962279612108,75.35354038774648],[-117.66521519146679,75.25078589839961],[-117.50955144118092,75.20483510541654],[-117.31245520858181,75.17572890237317],[-116.98178188793081,75.15277570086087],[-116.68395733177942,75.1190960997865],[-116.53981989215487,75.1928310889817],[-116.454605989237,75.1806907061252],[-116.24737927417885,75.21725689996131],[-116.22677839806039,75.17873640668547],[-116.30182816841204,75.12468401069751],[-116.25270533724368,75.06489569206602],[-115.96798948932246,75.01135231310019],[-115.67376330321805,74.97076458696208],[-115.51132049891599,75.03306240923024],[-115.59055751531326,75.08558229606973],[-115.27954156061413,75.13469870944618],[-115.1659684766898,75.12450009555899],[-115.21069333710862,75.07579070723673],[-115.17905105694699,74.9962262927023],[-115.03502109418075,74.96362920263762],[-114.81611210113752,74.99206349866152],[-114.41908538322784,75.07399369631084],[-114.27911315091288,75.17171819369169],[-114.38792639396151,75.2259992888437],[-114.13967209235271,75.23509069204371],[-114.0325583183735,75.34576629909382],[-114.06894823944927,75.40749539140788],[-114.03380852072785,75.47514079211211],[-113.86008083947642,75.37632640004855],[-113.49369102190033,75.42515621131201],[-113.38866574835906,75.4127921002442],[-113.79389677358627,75.32919730588287],[-113.9167836310591,75.17958009582318],[-113.95043020270343,75.07517319204602],[-113.90630934755642,75.05273410018346],[-113.66010950387029,75.0573330929758],[-113.53183939812398,75.0784906956356],[-113.24297267656138,75.08019780566063],[-112.98569689513373,75.09691048895853],[-112.76849627521793,75.12558851539106],[-112.68793857372314,75.16416129431848],[-112.72831140562332,75.20562490670369],[-112.42373307466111,75.18424849656529],[-112.39481207042377,75.12833829367422],[-112.13591498692344,75.12891730716],[-112.05850623454423,75.14817850098743],[-111.88388140004928,75.13896158749907],[-111.82642805713209,75.16133479837522],[-111.5430734636444,75.17671679196246],[-111.45853160560051,75.16657578837791],[-111.29387372924602,75.20001499173212],[-111.16632829673165,75.26482538948385],[-111.00426273945878,75.22868279557453],[-111.03930885377812,75.17010950450852],[-111.25804650419121,75.12899381079811],[-111.28812129389722,75.08492619815682],[-111.46998719841076,75.05320549792772],[-111.68227441808853,74.9928683943548],[-112.09364464069816,75.00967089264218],[-112.85186844080175,74.98275799225267],[-113.06125872845664,74.95297578654174],[-113.21391843255158,74.90588419262734],[-113.19930957569797,74.8479682963062],[-113.34993028348909,74.8615652137768],[-113.56643514380475,74.84500420514584],[-114.09024362644773,74.78626878359907],[-114.43859241134453,74.69689760024767],[-114.43569778048737,74.66745330833209],[-114.22558676250952,74.5837410010616],[-113.75886230861866,74.46678660899323],[-113.52541015935097,74.4280660062976],[-113.20803219566626,74.4096212116094],[-112.90965562505082,74.40328479103043],[-112.46023407534096,74.41851821260222],[-111.97252519208935,74.47717830866607],[-111.67969238218922,74.50020621436124],[-111.40128709548787,74.57219401230739],[-111.2755245216135,74.56962540712576],[-110.76577981203863,74.68217139706259],[-110.56354980183544,74.71250610583543],[-110.5634878259735,74.79067550131015],[-110.40973334370626,74.8048766081754],[-110.35651530741548,74.84616769998631],[-110.10537580738061,74.8392002929442],[-109.83057016642495,74.87571558949948],[-109.83134552448828,75.53415979313736]]],[[[-124.7234731936348,74.35270718700377],[-124.691356289565,74.28917778667717],[-124.55449713298113,74.27994180301992],[-124.52714205274668,74.22058350271261],[-124.39247967507339,74.14921150505677],[-124.46210767412167,74.1083055059288],[-124.35627714484387,74.06220880454416],[-124.35589283284729,74.02769820735375],[-124.18154950193048,73.93212910259399],[-124.1936324120081,73.88072699888453],[-123.95820058627325,73.85497111635378],[-123.82384966275093,73.8269556041941],[-123.76815779884798,73.76966589628461],[-123.8823249243566,73.70617899739896],[-124.05212997294439,73.6678540119015],[-124.05739739448262,73.53095569653046],[-124.11492987869093,73.50739530692137],[-124.28828473302555,73.49428810543796],[-124.406907290585,73.42577640186752],[-124.55061131837552,73.28789800070216],[-124.54158300016046,73.24973590886675],[-124.76067146533676,73.16481350524151],[-124.8664244334202,73.08617759075196],[-124.81823914255699,73.04679910337197],[-124.54646332662888,72.9994435033762],[-124.46302825980972,72.94341809592828],[-124.5925980234038,72.90456180573915],[-124.76036599247686,72.89750960562793],[-125.12928781042608,72.85987189653923],[-125.03209092093482,72.8344665049178],[-124.96482224706143,72.76044050566338],[-125.00870465475056,72.72412569246596],[-124.95207200004384,72.68602471077105],[-125.10090745120725,72.63742579918505],[-124.96290035906407,72.60935820293265],[-125.02190103084862,72.57025100144097],[-125.31721489821823,72.47841030503675],[-125.41026114963715,72.38069199784655],[-125.50248601394122,72.33836941204174],[-125.48434125674426,72.2765043980571],[-125.67910139034619,72.23385899077957],[-125.64216320182314,72.18536990927234],[-125.75403342483295,72.14240868744933],[-125.69291661117367,72.08589860879185],[-125.75542461559749,72.00357410942185],[-125.74964127161094,71.9574894894759],[-125.27421527617287,71.98536829991224],[-125.1409081877098,71.92154829440005],[-124.61480548690302,71.79481570938258],[-124.36765763596188,71.76903679629685],[-124.18264350785155,71.73511839082236],[-123.96964451917128,71.6690791077603],[-123.84615368506948,71.58755000480977],[-123.81066631440477,71.53494640723852],[-123.62727537542914,71.49799859870556],[-123.54376412033399,71.40163980177472],[-123.43221293715247,71.22295690751288],[-123.32797553721643,71.16607350128201],[-123.09950221611817,71.07894850196878],[-122.78074500889157,71.0881546849129],[-122.66865046925892,71.15536640790717],[-122.50800035535619,71.2099447986553],[-122.23830942387976,71.25158248800814],[-122.01557790740284,71.31235950417395],[-121.89902613694856,71.39938340491108],[-121.75325421495728,71.45011619637653],[-121.83657799918169,71.49210590666347],[-121.58589240228956,71.47259599589273],[-121.40092839178863,71.38233690435385],[-121.31215630024282,71.38301501365582],[-120.65495131071107,71.48930231003888],[-120.46733723337672,71.56756430043497],[-120.36955883567356,71.69938390140234],[-120.44522412310569,71.742994195444],[-120.38776590667837,71.89304718433998],[-120.44769670226809,71.93602199523094],[-120.41356887514975,71.97129010131373],[-120.24132012957593,72.044429500982],[-120.16829496161394,72.09119829029484],[-120.12591207037649,72.16227119759385],[-120.18980657965552,72.22701428879083],[-120.11832038419655,72.23904930105196],[-119.77654200178449,72.22871290942115],[-119.65030308697371,72.28227030581243],[-119.4381278259325,72.32473898924717],[-119.3127894790405,72.38042390620308],[-119.23316120819004,72.5146445957115],[-119.1594660809563,72.54569241071606],[-119.15449408651632,72.62587518785895],[-118.71179204590896,72.74811279622314],[-118.52331507815606,72.75873600229036],[-118.45474752324895,72.80108859813929],[-118.18545993556006,72.86848860931691],[-118.0022809171582,72.89879250785383],[-117.64933863413094,72.99047319987928],[-117.44610346370935,73.05303369010838],[-117.22277428607428,73.0650564966114],[-117.21184402644172,73.0864502908589],[-116.98979328241042,73.12381750758267],[-116.72987511947751,73.18915659794801],[-116.65380191584124,73.22234930179347],[-116.2044688398215,73.29562250430122],[-115.80430938528467,73.3418461053552],[-115.63395643116034,73.38281960245342],[-115.41402164823863,73.46001070567166],[-115.29220381613759,73.48291660268093],[-115.32050339481279,73.53890640726351],[-115.60566913257955,73.64511349817357],[-115.73349917404981,73.67587361426936],[-116.27533548449387,73.86720619630128],[-116.70627041566232,74.02704838960587],[-117.20255910342756,74.18434761111006],[-117.38582941307926,74.22461089578002],[-117.6218608398273,74.25162419768523],[-118.05541669009368,74.28160538766778],[-118.16815348774584,74.27922128787058],[-118.76917249261778,74.21061639595285],[-118.87150458935896,74.16264160253179],[-118.7826697591309,74.13878029517377],[-118.80670593821627,74.08189879894891],[-118.96263651849259,74.00626569655776],[-119.17062015692248,73.99367440408078],[-119.11729184847206,74.07314499943234],[-119.05593679907902,74.08257339402444],[-119.10363387624673,74.20838558992382],[-119.45046497452252,74.22997468918757],[-119.61436927703203,74.13882891131209],[-119.70773319804013,74.15310198644082],[-119.62460621496224,74.2159299114686],[-119.67810650276107,74.24191189353125],[-120.09447810564386,74.2759557039281],[-120.63326507155725,74.36862419353942],[-120.9358931057896,74.42859060715817],[-121.11825088962651,74.52626899230951],[-121.5611333520907,74.56015130122479],[-121.74254016715051,74.55157810283647],[-122.17399030029726,74.48946179555975],[-122.5185523057302,74.46486960500668],[-122.86304809421725,74.46308789399866],[-123.23615661183952,74.45041271238816],[-123.48369402103548,74.42618300431359],[-124.07459901037242,74.40456190401368],[-124.7234731936348,74.35270718700377]]],[[[-109.84534246414322,72.44415659773753],[-110.09609400320004,72.46300140041686],[-110.18712016797636,72.51356840930794],[-110.3678198144669,72.55962409166857],[-110.40995379797714,72.51983619143931],[-110.62264562439331,72.57545288731765],[-110.73431856897274,72.56391360524123],[-110.81805203749549,72.5091482049584],[-110.93118318940039,72.4893083984971],[-110.94193127808256,72.44867901406688],[-111.07429437486964,72.39445279023411],[-111.07551568354265,72.33751151092862],[-111.27614162039386,72.38962940893909],[-111.3133962633342,72.45648080294252],[-111.70346091993734,72.33659469476859],[-111.8619577103887,72.33577049444182],[-111.72568099582904,72.40201999989296],[-111.48999273238688,72.44545288977326],[-111.47068472995139,72.50413350126212],[-111.24818674734226,72.56702790610605],[-111.17967520313219,72.66622119929531],[-111.30712562129949,72.74791880326009],[-111.55152660739164,72.80643160329663],[-111.81470910163803,72.83811991147786],[-112.02226389372812,72.89277109185657],[-112.1970905859318,72.89529160427047],[-112.36625887204,72.91793361286591],[-112.6282307960511,72.97528291103245],[-113.0048084280501,73.01221078571163],[-113.23032142279784,72.98946419241985],[-113.36033310725465,72.92815669668728],[-113.44677841083208,72.85696010281204],[-113.60523031946829,72.77563200338338],[-113.40988698945577,72.74891679513402],[-113.50991207930578,72.70263481535457],[-113.80684429723836,72.64759069931243],[-114.05971748678118,72.65026928883529],[-114.36269118349458,72.55726809438822],[-114.51485923239868,72.57263348929123],[-114.58691806116282,72.61079459503614],[-114.45199833795705,72.63231890457283],[-114.29153013708977,72.6826167945324],[-114.36276132390469,72.74064571057198],[-114.22791449921523,72.79911459183486],[-114.001700696371,72.80903599779111],[-113.93975369256245,72.82945459610795],[-114.01178181532313,72.86944340164885],[-113.99045797333686,72.93519549282507],[-114.01532157153736,73.00354419287491],[-113.94354684547183,73.0308359058717],[-113.94272343469565,73.1574866910827],[-114.01845089563236,73.23066228997472],[-114.20057525641207,73.32562929815016],[-114.46971562748395,73.37581980011697],[-114.71049467252656,73.37529620002604],[-114.87676781789466,73.31989460727686],[-115.2435329495149,73.27571770577164],[-115.40569390466571,73.2256229940546],[-115.73219361694373,73.1860773941949],[-116.0791275724982,73.12450410974402],[-116.14351986939492,73.12692050270961],[-116.44796595037607,73.06068040462054],[-116.55341368205981,73.05928879280889],[-116.80136618733474,72.98635549826382],[-117.14977778821304,72.94000408909237],[-117.32096092236223,72.9251152090865],[-117.41871820403654,72.88888859080758],[-117.61485313563652,72.78189529538459],[-117.83404059429363,72.71284071051764],[-117.99881026370598,72.68702379125638],[-118.16604498168182,72.64187579998116],[-118.25145398259843,72.5955122998404],[-118.49604120618058,72.5088880843348],[-118.54503939855385,72.46446439867384],[-118.54341323351295,72.39502240859439],[-118.45435127431992,72.35829880448813],[-118.17027382578136,72.35372680864033],[-118.07833199388995,72.30338281481774],[-118.08399507040242,72.24327950821541],[-118.58321439985487,72.16881230286684],[-118.70952782965685,72.0618162983315],[-118.86160563218738,72.02007189255868],[-119.05392191384792,71.91883939466494],[-119.11421524319864,71.85040970266407],[-119.12122456067215,71.76355169547531],[-119.07658493467042,71.67123660412442],[-118.89763267413427,71.59354061180123],[-118.85375671840097,71.66230789053733],[-118.48769279025383,71.66018089108857],[-118.32787618695451,71.58269790373842],[-118.0404993409164,71.6783331989253],[-117.78072482989535,71.6035045991716],[-117.7637179378403,71.53262679967814],[-118.05663906510318,71.55249069061543],[-118.20726738473235,71.52053881140951],[-118.30678137434778,71.47299990329785],[-118.23622543920688,71.39511099603202],[-117.99564087074761,71.3777268933452],[-117.81661507324664,71.38900730911607],[-117.51338747985682,71.38335590607312],[-117.47397118596749,71.43962031143445],[-117.64028742555084,71.47469649672027],[-117.49254068729986,71.49372199952612],[-117.38816818098779,71.45706651600682],[-117.39668035449996,71.39170819842595],[-117.1773727199525,71.40688910490044],[-117.01552118489343,71.44163351221108],[-116.80985833175063,71.43859640275937],[-116.68410862941202,71.47127210398533],[-116.54801611812614,71.47467508993452],[-116.29344816706575,71.5096655059625],[-116.17072190757865,71.50074359764442],[-115.62988608603209,71.56462450472696],[-115.46643058871624,71.50120608747372],[-115.78358930484445,71.49284281216248],[-115.95304916698778,71.47088999730259],[-116.04305501690213,71.41660318508491],[-115.69821697446841,71.39433479889131],[-115.73672202162524,71.37088928741916],[-116.07086090691502,71.36103059668527],[-116.2395217799142,71.37012761494498],[-116.81731018797257,71.28078878854664],[-116.82825266462305,71.25356660544364],[-117.05105058923182,71.24550999180703],[-117.23206601793804,71.21824499591075],[-117.5608298241644,71.18312050533719],[-117.81144131989868,71.16795249067742],[-118.0545162283168,71.11599079610475],[-118.32644598481927,71.04638180630089],[-118.41072281001033,70.99935598476627],[-118.2472230981536,70.87758271136273],[-118.04563368239374,70.80025310186684],[-117.68693909638733,70.70880990105547],[-117.70489053152896,70.65304159830579],[-117.5091388871164,70.6020894133496],[-117.33082244345812,70.62740940052497],[-116.93988813177991,70.61919519569292],[-116.73079687829204,70.60559848884185],[-116.34655087124935,70.64132970200721],[-116.22895417209125,70.63417009091368],[-116.1717759385977,70.59244630518042],[-116.03953786954452,70.5733046057869],[-115.92046903376084,70.59631979216162],[-115.68068370224772,70.60915530591593],[-115.65025408843806,70.59475049108825],[-115.36309779618298,70.61250468861115],[-115.27190468249528,70.60075378864025],[-114.94618839176552,70.61011180071262],[-114.78671378350421,70.6383641098532],[-114.74211648485351,70.62278590745822],[-114.50726196808392,70.6426340958182],[-114.32719087154769,70.68766071146446],[-114.1303516826316,70.67664739562774],[-113.9678208913472,70.72069189930278],[-113.7254169194739,70.6989343998623],[-113.56950900568451,70.64839828778908],[-113.44205327469099,70.68310850224273],[-113.16525331216592,70.64363470743109],[-113.0586478792274,70.60083260771593],[-112.93548785914504,70.58174289678635],[-112.63879520224489,70.56307079951105],[-112.53869267346593,70.5288399126379],[-112.43526818396575,70.54132649221336],[-112.15755736191603,70.5138451946286],[-112.07678780859149,70.49380438782241],[-111.9798479057385,70.38814749781432],[-111.83692168892723,70.3641062876516],[-111.63845651537856,70.36884718944026],[-111.49341303273776,70.35690389375074],[-111.48212018311736,70.28798750116832],[-111.65811832822304,70.27343898839575],[-111.82213873424232,70.28426190094174],[-111.97122720121989,70.26943830563465],[-112.11773290447964,70.28687549544915],[-112.26567114475573,70.27411240544245],[-112.32742176171672,70.23097299248319],[-112.50600707913262,70.2340061148933],[-112.52256511399361,70.19919171089828],[-112.75374491126956,70.21955728685407],[-112.78888877732597,70.23626291499932],[-113.00556457650214,70.23961160810418],[-113.25339235841915,70.28282739352838],[-113.48855149317863,70.28142990569035],[-113.62808511456218,70.26853210028166],[-114.01342570091138,70.28801828879463],[-114.12894598564864,70.3167663882965],[-114.32207531417056,70.32708329420085],[-114.51331896393546,70.32279989346839],[-114.89222617465505,70.28743610992144],[-115.10255428430679,70.28790029298807],[-115.51579510499869,70.25478500811685],[-116.15630317380631,70.2135927995577],[-116.98231122849155,70.12243619268943],[-117.36045092572412,70.03993339442664],[-117.39021786760252,69.97686249960972],[-117.33990542131679,69.9362307048209],[-117.2592775170272,69.79098208737987],[-117.14011228891059,69.72581100059774],[-116.98996406231005,69.69249059556056],[-116.46558727436908,69.70279943785397],[-116.75519510184444,69.78644463953286],[-116.92415732199309,69.87989304604106],[-117.01353677805194,69.95657830182037],[-117.02283567333275,70.00025183025463],[-116.35409685456183,69.9992841246064],[-114.50012441595777,69.99995765236703],[-113.84408787068277,70.00013679102526],[-112.82512696621205,70.0025451602002],[-112.81834730953365,69.84728348149298],[-112.51808770170497,69.84760223017953],[-112.51081721866369,70.00168575961338],[-111.99885949413932,70.00110970456976],[-109.86179891313525,69.99805420947197],[-109.85801991553645,70.52982661055024],[-109.85596591413193,70.8814099310204],[-109.85191760520266,71.45228926007414],[-109.84679859654115,72.07838314770659],[-109.84534246414322,72.44415659773753]]],[[[-120.72477038166772,69.5738316184237],[-120.76657106901322,69.60787169572365],[-120.94192881792794,69.66451229864161],[-121.12823681081721,69.68810539188469],[-121.25877272241515,69.72024430805094],[-121.39829778997876,69.77338480305309],[-121.53336761106645,69.76860280198271],[-121.73542502552262,69.80386730750682],[-121.92167469930122,69.81665420951272],[-122.0922512592291,69.81362789463923],[-122.3411799933912,69.82588638650323],[-122.43239089690675,69.80706710592278],[-122.71107782410516,69.82206869117292],[-122.79028929553563,69.79326238568852],[-122.94258168170282,69.81634068845023],[-123.04245783532711,69.8090257022365],[-123.1288432620188,69.76825629158422],[-123.08745918730185,69.67317590699761],[-123.15984199340691,69.60700530471514],[-123.12934349038653,69.55346920571426],[-123.21158419900135,69.47881269242602],[-123.36222658608244,69.47494630947855],[-123.38157031980202,69.41532558746017],[-123.46583548137521,69.38501639725055],[-123.71405347394729,69.33333400554226],[-123.84562773580551,69.33279509770956],[-123.9416973038339,69.3922261023603],[-124.02828648702183,69.38008230771486],[-124.14557679452322,69.33452429908716],[-124.34699858916717,69.33792089959093],[-124.4971226095054,69.36756720510579],[-124.54520909089646,69.40253549790353],[-124.43805547628044,69.43147499626515],[-124.45141199195483,69.47350941365472],[-124.2547665831551,69.55505149550488],[-124.19375600084895,69.63401360921307],[-124.04003981862238,69.67906450039904],[-124.09508914847169,69.71862749412018],[-124.20954083109389,69.7235010926342],[-124.29287827342444,69.69546729410324],[-124.51198692034545,69.72533678530505],[-124.44144870007676,69.83632619671786],[-124.43924081689087,69.90808019467939],[-124.493571421511,70.00673610133761],[-124.36603229904107,70.00632819129893],[-124.36847332513616,70.08090870107883],[-124.50271253728428,70.12970440313771],[-124.5057446031969,70.17980350297032],[-124.57470790718128,70.18732889756896],[-124.75665486773482,70.11461150497102],[-124.63347048851858,70.10247699746387],[-124.62599710860803,70.06748259973452],[-124.893502076815,70.04101310551017],[-124.98659898897647,70.06722190940596],[-125.20601180544674,70.01548171324872],[-125.1941859094475,69.95876010134566],[-125.09964171815194,69.96674900390873],[-125.02797360468861,70.00141550676366],[-124.82811070250978,69.9982131037244],[-124.81967011269344,69.96753461068434],[-124.95322848497526,69.91120340674195],[-125.03395852679925,69.8082801885404],[-125.17821428416678,69.76547109590028],[-125.04899328980704,69.7432530074431],[-125.20746588892152,69.70363338817393],[-125.38808471237256,69.67483130490447],[-125.40867458940683,69.59129258649438],[-125.26517822324939,69.59086790144498],[-125.29532610130016,69.52289639343111],[-125.52473642983507,69.50213380466317],[-125.58661336609572,69.47847469893642],[-125.61951539074097,69.4224570872158],[-125.42738028354334,69.45175601308674],[-125.18362118905256,69.4483607010128],[-125.18294028779322,69.37301911699836],[-125.35076263709611,69.37874190590364],[-125.3708955369668,69.34162670474743],[-125.46171687398687,69.311053808341],[-125.60721351758738,69.33732290460924],[-125.69776883080219,69.38395729221492],[-125.79701673204124,69.37219580447405],[-125.92890431343763,69.39236228633021],[-126.26405399506882,69.51486839275896],[-126.66891612828991,69.7212221018142],[-126.72583227415087,69.76220390228478],[-126.91389712793216,70.00381549986363],[-127.07380135617915,70.166800798418],[-127.17594037667932,70.23777830232532],[-127.38524585038354,70.35718660244765],[-127.53514639646649,70.4188622874462],[-128.00765831855287,70.56284910065861],[-128.16136010917066,70.4902596096297],[-128.212343695546,70.38688671414444],[-128.1248769310278,70.34626249845091],[-128.06443393786418,70.2834167067244],[-127.81599470658043,70.24673300906879],[-127.56682308149253,70.23401799674895],[-127.69028567048673,70.19477190709073],[-127.92319408989638,70.18230560798823],[-128.14180200887242,70.15632139937698],[-127.92666992583597,70.08814289076143],[-128.00000001750584,70.0704640087105],[-128.21879678388268,70.14218379325003],[-128.34276609220208,70.12318961029784],[-128.40064702483687,70.06397088838595],[-128.29565610751166,69.98006829308711],[-128.31615890779722,69.93811721122604],[-128.41656192723931,69.92549750790673],[-128.61385259270313,69.86820099116956],[-128.66466427571422,69.81924190116948],[-128.81491965532967,69.74579999598545],[-128.96004559847393,69.72919290722143],[-129.1465109160491,69.68564600739663],[-129.14991396789654,69.79481100595001],[-129.18877327439097,69.84013260261833],[-129.3424617234625,69.83695399945742],[-129.59593647771933,69.81045690057525],[-129.7115813878994,69.77196439794024],[-129.97349923265088,69.73524810550795],[-130.08726478934705,69.70108700770766],[-130.34370708936433,69.68178879834737],[-130.44165780182115,69.61134661483986],[-130.45991957958688,69.56462309394965],[-130.59531320863084,69.49539009841895],[-130.57526567416588,69.47507270276343],[-130.64144883262242,69.40697520280345],[-130.8538205953721,69.35181499283692],[-130.99482700782903,69.38099618832123],[-130.94331367998402,69.42468570565295],[-131.11581358711695,69.51202110512575],[-131.29740708521885,69.49608700180875],[-131.38274191090923,69.45865109606272],[-131.38748682015236,69.41624310237637],[-131.56137477961667,69.43417190717882],[-131.6538998267168,69.39832090753973],[-131.8840795101271,69.41348978498924],[-131.84561278245587,69.36935299981621],[-131.72977508169313,69.37739969313431],[-131.78238618244575,69.32036231115056],[-132.05217838780004,69.2192973961066],[-132.2875584317156,69.17806209851287],[-132.42414158747846,69.10582790168742],[-132.58045199407124,69.11606809892234],[-132.68532102161765,69.0690909082047],[-132.8008114174975,69.0691752033387],[-132.8854958063583,69.04544648225287],[-132.86521149631483,68.97219408646772],[-132.7761430794251,68.93157679437452],[-132.8451510282542,68.89792799824498],[-132.72290999729577,68.857825307628],[-132.5273338096445,68.89697538733978],[-132.40856109444636,68.845884388209],[-132.49994578822086,68.79291360421286],[-132.6962839086378,68.81243468756756],[-133.15937869372496,68.80989560079344],[-133.20120510638523,68.84347131272361],[-133.38363172786768,68.84297420309342],[-133.29462481737778,68.77698390881856],[-133.3345669730158,68.74070389139277],[-133.5022540190646,68.79537239469614],[-133.4254808888003,68.87164750299604],[-133.3575719876549,68.85392330295154],[-133.25205958369648,68.89720599490322],[-133.21076708431778,69.02991509506057],[-133.1241852802882,69.04608119416618],[-132.91740990360867,69.0317650113908],[-132.91215019684543,69.10254009517801],[-132.77224273055444,69.2500000063183],[-132.59816099023644,69.27232659037799],[-132.46497911712524,69.25083318746323],[-132.08089779352642,69.37972189710351],[-132.14570907457005,69.39913549489329],[-132.05461401408564,69.50073710251424],[-131.89224801399854,69.51453230618506],[-131.77977961276207,69.55338930949601],[-131.5854713821857,69.54841510365489],[-131.4415923194375,69.5705350893757],[-131.33692331313594,69.5609489090417],[-131.23250720474405,69.59797969388796],[-131.1187724000915,69.60463968430771],[-130.97014902573002,69.54644680074028],[-130.85598398884503,69.57296319166923],[-130.77126230849183,69.66288788966136],[-130.61610419339763,69.68268710598085],[-130.56350729722695,69.7586580042049],[-130.48116468862506,69.75851778860203],[-130.34352420907547,69.81830870554933],[-130.07639881279871,69.86189520553992],[-129.94997541563768,69.90522321106319],[-129.54042690417063,69.99223180086187],[-129.43391023185347,70.04021209761235],[-129.4144834823908,70.08099431081871],[-129.61577462638442,70.1656447040658],[-129.74465224057104,70.17568320002195],[-129.79134880319603,70.12544829702631],[-129.86550666099217,70.11828779287437],[-129.87818911265038,70.05831309467872],[-130.0980546774532,70.05375000778038],[-130.15686081826243,70.0374418044146],[-130.39982769474943,70.1010886846612],[-130.53551190112563,70.08895489226299],[-130.633268160502,70.1098447946955],[-130.72337380755567,70.06350138893427],[-130.80224058643896,70.08218610997915],[-130.90418602344076,70.06615820498097],[-130.92421348488267,70.0268319020444],[-131.03987289913496,70.00000001369726],[-131.0894340209107,69.88728009026939],[-131.2071841913143,69.88424299125454],[-131.24106617743402,69.9191585032831],[-131.42271541130984,69.94052999841482],[-131.43580519446962,69.89002258654506],[-131.64702676156907,69.86171239955063],[-131.8419809091363,69.76627699239519],[-131.97622770330014,69.75084281086623],[-131.9741066966411,69.71160399500087],[-132.17198670175674,69.68411420527467],[-132.396133327189,69.73013728992967],[-132.54911441970222,69.73248369133428],[-132.53126979786268,69.6800171017646],[-132.34599356898957,69.67473429749006],[-132.47215911962917,69.62225508887201],[-132.67180068964225,69.6488272142999],[-132.71029777800874,69.63243569418508],[-132.90092760432196,69.64658479736872],[-132.98172277392592,69.57105329945072],[-132.96580941591588,69.44302589190865],[-133.11582040500278,69.39530449304426],[-133.35470840549078,69.38183949748425],[-133.51798430368706,69.39523278452776],[-133.63376387074285,69.37531330394346],[-133.70837180381696,69.32025799854242],[-133.91367496501974,69.32279860233436],[-133.92234443662878,69.396979902493],[-133.78741883690603,69.48563630310792],[-133.96213619929665,69.49522019935324],[-134.0104313902679,69.54450239282669],[-134.13200967289723,69.52516359880035],[-134.22881501981564,69.58722850324932],[-134.1816015491795,69.61086470153599],[-134.2288542424326,69.65662240384881],[-134.46496381483092,69.68922160415947],[-134.42753120487265,69.62348168318691],[-134.49567478021663,69.52336568847186],[-134.4263696669063,69.4683977039277],[-134.4759631224289,69.4374462080976],[-134.58758519946187,69.43569409285092],[-134.7056350988618,69.46938690731278],[-134.82538579013274,69.48118881367486],[-135.04047179934832,69.46953300059359],[-135.30517775735672,69.42178070126656],[-135.24466698137508,69.31981148888495],[-135.2597157749721,69.2677807907693],[-135.4305422722824,69.31925819587629],[-135.65941377393895,69.30113640209419],[-135.7447556196886,69.31929899266012],[-135.85354138038375,69.2943147979212],[-135.86957902807055,69.26281699347936],[-136.00768579551507,69.19963560367624],[-135.98428142177923,69.13906659288797],[-135.89228855618202,69.07807749800051],[-135.7174596936494,69.03604560971162],[-135.70820681348079,68.98171599005198],[-135.78311341475603,68.96364599790091],[-135.36198317248576,68.73609400775696],[-135.26882221853526,68.70038329556394],[-135.32639469064503,68.66060790127746],[-135.42320741032802,68.6823479077947],[-135.60005029740788,68.75737420516231],[-135.73541009621593,68.76372310294781],[-135.7877820924986,68.80098211163696],[-135.94985448679967,68.83270830632222],[-136.457368691002,68.89273730442524],[-136.46864796661805,68.87972862452555],[-136.46860555474373,68.87012259614058],[-136.46860294286418,68.86953100756514],[-136.46532350663364,68.30347367477306],[-136.45834903234754,67.81291203925758],[-136.44877269982535,67.64947145861922],[-136.2898931158753,67.63423337508618],[-136.19997975993525,67.56166209428727],[-136.21871487528304,67.51340307369937],[-136.17866768863917,67.4577295660322],[-136.22205360733608,67.40547162015072],[-136.14003434032213,67.3664411891977],[-136.08655748152276,67.30070614891035],[-136.13749607192815,67.23263415791347],[-136.2350960747785,67.17254237903158],[-136.19152465734976,67.14390383609233],[-136.23244954958056,67.10669667457852],[-136.16441357554652,67.00000005930883],[-135.51250001355638,66.99999998735737],[-134.5750000058293,66.99999998327209],[-134.01420963955186,66.98584103680153],[-134.11784703230845,66.95691748550215],[-133.9432901349393,66.9052629593569],[-133.75966391434653,66.80102695838823],[-133.84633012875386,66.72279629687112],[-133.74806657015367,66.67896361206896],[-133.79336846876907,66.64944320045821],[-133.58818740061096,66.54997897109943],[-133.69344235953395,66.50348549564077],[-133.60982732929082,66.4360652465612],[-133.7341908409436,66.44035661676946],[-133.76806949413128,66.36618351710433],[-133.83542356024392,66.31721772522128],[-133.78575988043508,66.29538023785464],[-133.6262282415438,66.29861707177125],[-133.55353396143707,66.2570089161453],[-133.54891425072222,66.16998680457647],[-133.65785417506171,66.12180553880955],[-133.69070592476442,66.07117328507749],[-133.5985562089063,66.05651530072338],[-133.65833087931256,65.95968098934176],[-133.40518518568277,65.93885850398024],[-133.26857884731288,65.99584664478965],[-133.12807023000843,66.03093969958924],[-132.9211475079986,66.02042157580246],[-132.91226351506293,66.0015436301976],[-133.02148482886508,65.91881242158405],[-132.90921597141187,65.88404408254647],[-132.83718650491744,65.90036712528483],[-132.7993380511747,65.95051457715476],[-132.65659687344035,66.01583156839129],[-132.54044428503815,66.01502464556899],[-132.49454186084276,65.97198877607603],[-132.37788832670148,65.98904025491208],[-132.35012225831653,65.95231643194728],[-132.5308633648179,65.9058966237701],[-132.59636896387045,65.85670413031514],[-132.56367958743857,65.83017019463425],[-132.41438779062497,65.78877613399995],[-132.31346095976517,65.73985755033587],[-132.16832125671309,65.60242731303728],[-132.28336851332833,65.50055332013733],[-132.27537032759713,65.4577007497201],[-132.37643655581968,65.40235899213344],[-132.5371481788262,65.35046437662409],[-132.5664242789274,65.28404347451634],[-132.6570047141943,65.2781304668005],[-132.7478971695245,65.22736689772069],[-132.77272121884374,65.18304327826664],[-132.65671034218607,65.14080905721178],[-132.50933714702117,65.17351212225398],[-132.54274207237785,65.08990109530045],[-132.33610021975488,65.06071968339133],[-132.41418874135215,64.98438269168629],[-132.4903187282618,64.96240338471716],[-132.46229229622074,64.90157045199983],[-132.58689659994874,64.83458922163427],[-132.54602757170048,64.77024589951793],[-132.4642397606695,64.78869409684206],[-132.3569641997662,64.78316801315572],[-132.12426147762397,64.70374165853056],[-132.03771578882282,64.69642310251766],[-131.9380960476587,64.5903430696563],[-131.85537225739108,64.53782495603576],[-131.68464617905076,64.52137123566479],[-131.6760378671331,64.48550911985149],[-131.82485464401702,64.4246997460015],[-131.85831047450253,64.38127237243577],[-131.67632493710266,64.37719541823678],[-131.45103160848439,64.3918642729484],[-131.38048897787553,64.4356829232168],[-131.2955251210762,64.44678477087577],[-131.14735174023986,64.40379186107008],[-131.06817445469648,64.36131916917962],[-131.02661729161235,64.30469722231913],[-131.07370797917588,64.27287038845076],[-130.98264825447933,64.25074044657273],[-130.94396511321014,64.18578165361001],[-130.85905945490586,64.1719612460009],[-130.9554166845177,64.11332460800048],[-130.80898269234754,64.04045170302709],[-130.7757025779434,63.97625081680917],[-130.63058112723127,63.94763639217344],[-130.44289505277632,63.89114322693886],[-130.33936255778798,63.81327809294673],[-130.14423470236886,63.8614242089662],[-130.1376624630407,63.79929407280332],[-130.1012285277107,63.75417928323963],[-130.33966700445276,63.69088276641864],[-130.26863540833335,63.644783938298914],[-130.10618780942323,63.688480768210844],[-130.08136368234562,63.60802613956494],[-129.96246077453762,63.609801188325655],[-129.9603275101874,63.565757612373595],[-129.89737179001418,63.552860691605645],[-129.78492801959493,63.44596953958672],[-129.87432280564678,63.45748121789064],[-129.90852714955784,63.417636887039905],[-129.86622001620287,63.367073573644284],[-130.05797621264367,63.30415826038583],[-130.13000165476552,63.26681646906014],[-130.01389394568733,63.236448660570794],[-129.98758381006525,63.19889804297768],[-129.91048552705755,63.192100874951755],[-129.8134959396854,63.10367321984202],[-129.74071335294522,63.060512148676324],[-129.61320852293252,63.073047939635764],[-129.58858365810258,63.042165233231316],[-129.67522538281378,62.92645512286436],[-129.75003440118826,62.8810643799619],[-129.74325754764024,62.83836882529889],[-129.66525691979786,62.814203446208424],[-129.56669569068637,62.68117950032261],[-129.4393480903208,62.577937828554695],[-129.38695329308175,62.57130453213962],[-129.3242737801304,62.52460417047195],[-129.21247015081306,62.50450738565521],[-129.17408089295526,62.44500524555075],[-129.28485596752344,62.39972151397909],[-129.18949838348698,62.361555349869505],[-129.25628198556046,62.327955080944726],[-129.26967035319709,62.25798251177228],[-129.16332575148402,62.203971336922464],[-129.19978698170002,62.13944342468342],[-129.1288683224354,62.09945700487171],[-128.94466479517058,62.11908420310815],[-128.92054779850812,62.09549083380446],[-128.8197954622716,62.08747198398313],[-128.8090390553754,62.04833557564831],[-128.73036016477744,62.04314251391712],[-128.6690316392648,62.1090782083185],[-128.54964039424434,62.116250194418726],[-128.34793921799357,62.01483621421393],[-128.35009723080927,61.97350905490271],[-128.2485771344756,61.93703240635486],[-128.14964349045914,61.83785501656135],[-128.02065326798208,61.82353902816265],[-127.98599682645201,61.791578076154124],[-128.04745997548366,61.72872035814388],[-127.88185153380542,61.66755835315712],[-127.76680544683941,61.59413878057259],[-127.66855033097156,61.58255240590783],[-127.62272241776417,61.5322280327105],[-127.4691899964864,61.48515494123551],[-127.23783627938927,61.500177760573024],[-127.19170195705206,61.461136795768105],[-127.10295620217313,61.458150429149285],[-127.0907563359359,61.368085347509194],[-127.0334014350873,61.322409478939626],[-126.96074011346884,61.16792861253084],[-127.01209917480999,61.13766748452257],[-127.0724348000552,61.066597131847914],[-127.04233430705368,61.0309437335335],[-126.96612365212579,61.05006764527092],[-126.9068272496414,61.007140350359265],[-126.85358648073161,60.93163136815242],[-126.85636972912846,60.87032991079549],[-126.82524651244664,60.831495625550886],[-126.84514292652415,60.774978499546506],[-126.812747300261,60.758561541516364],[-126.69265357796175,60.769031797315016],[-126.63904120405623,60.73078937851284],[-126.48637011184086,60.8001486624074],[-126.38708902620162,60.76554897502509],[-126.28349984400442,60.75882843389275],[-126.19792614776921,60.78223547309279],[-126.21065416178051,60.83443328431482],[-126.0633506176436,60.85136803297923],[-126.0565613100729,60.79524544612696],[-125.96680312528869,60.78924267132338],[-125.92081827955288,60.84859762379209],[-125.83222475592586,60.881287565389805],[-125.66963923125341,60.80310898423183],[-125.53379371957242,60.812355198193615],[-125.37491230901588,60.76638392731249],[-125.26406726015867,60.76834796173143],[-125.14788162540933,60.832508586773905],[-124.96749742940047,60.84924140845609],[-124.82579771779439,60.83704696885594],[-124.83743028771454,60.89931322237798],[-124.7661541156429,60.958063531189204],[-124.63322717681334,60.92679898845099],[-124.53938216457843,60.93860689361571],[-124.49625398140616,60.80250261649354],[-124.44921661387147,60.76468261612414],[-124.49178305967725,60.72839758932217],[-124.5994526510315,60.687867621552854],[-124.5710655748035,60.64141542912461],[-124.44719465174173,60.572809314786525],[-124.39377325978391,60.518900784326924],[-124.38914599215241,60.45845880799385],[-124.1978625165222,60.445915703935825],[-124.21446781082658,60.364572055362935],[-124.12382851505659,60.20600140954099],[-124.02996077825347,60.14815830510271],[-124.00052694335622,60.1091975870028],[-123.78932483556078,60.00003261972139],[-122.99999999299166,60.00000000727367],[-122.50000001140654,59.99999999602524],[-121.74999997746288,59.999999990159665],[-121.00000002378941,59.99999999667195],[-119.99999998322915,59.999999999353555],[-119.49999998618682,59.9999999918623],[-118.75000001927941,59.999999994719296],[-117.99999999643957,59.99999998820713],[-117.0000000158206,59.999999992749935],[-115.99999997738058,59.999999997094925],[-115.4999999822606,59.99999999164492],[-114.49999999009431,59.999999991567684],[-113.75000001284413,59.99999998971678],[-112.74999999450311,59.99999999026325],[-112.2500000231601,59.999999995909356],[-111.24999999716894,59.99999999724939],[-110.7499999880305,59.9999999923509],[-110.00000001796496,59.99999999848801],[-109.50000001988184,59.9999999987303],[-108.75000001261925,59.999999994797356],[-108.00000001584951,59.99999999032153],[-107.25000002000141,59.99999998650024],[-106.49999997858413,60.00000000471248],[-105.50000001034577,59.999999999639115],[-104.99999998272145,59.9999999914455],[-104.00000001764279,59.99999998541855],[-103.25000000675843,59.999999996365105],[-102.74999997876085,60.0000000039048],[-102.00000001273865,59.99999999727239],[-101.99999997577088,60.40625000636308],[-101.99999999692275,64.1890505880334],[-104.4740960400003,64.4310606970199],[-104.8750012693644,64.46598247949048],[-106.58312064803451,64.5928809409197],[-108.83789444724897,64.73212966911512],[-109.02488424436316,64.83144885778849],[-109.44276101144757,64.9996168450145],[-110.53841741473987,65.44582074980758],[-111.60046365185563,65.44905859579163],[-112.58339481084262,65.44706504857504],[-114.31375988714365,66.0547226337483],[-117.0384192007559,66.92015948139773],[-117.0654506302546,66.92917931588809],[-118.5941905867288,67.19886427782924],[-119.33340716326236,67.41129089022967],[-120.63078244433457,67.77995758255474],[-120.59071944122985,68.2491045811215],[-120.60553780673325,68.62336194770054],[-120.72477038166772,69.5738316184237]]]],"type":"MultiPolygon"},"properties":{"geo_point_2d":{"lon":-118.98262958354398,"lat":66.36892317260285},"year":2021,"prov_code":["61"],"prov_name_en":["Northwest Territories"],"prov_area_code":"CAN","prov_type":"territory / territoire","prov_name_fr":"Territoires du Nord-Ouest","name":"Northwest Territories"},"id":15},{"type":"Feature","geometry":{"coordinates":[[[-61.98606088698219,46.46285569400982],[-62.1466590062879,46.48405350631601],[-62.41135461200605,46.46754498947811],[-62.47161969622541,46.47456078694398],[-62.62897140798265,46.46760200253456],[-62.741698009372584,46.44341310592375],[-62.90614789519744,46.43112820119762],[-62.970039907572044,46.403239201758296],[-63.1334614888662,46.43000499814241],[-63.19040258866673,46.41332060244736],[-63.26965739132018,46.423254908274416],[-63.31199119802421,46.48968419329171],[-63.417594381812165,46.50257320072438],[-63.46529010145674,46.475752310400054],[-63.49185870008595,46.52506931290633],[-63.619732999358824,46.55855729775709],[-63.65600260200076,46.54305039874707],[-63.71848851036125,46.55600660213288],[-63.74730531454586,46.49797610339311],[-63.70086100346288,46.47394698690616],[-63.72785131139993,46.435267197060696],[-63.792657307036734,46.4449770977175],[-63.80841861286201,46.49544890725449],[-63.86659951302793,46.52638600903412],[-63.853447604268965,46.570437489915086],[-63.87892678489798,46.63890099982632],[-64.07354708499253,46.784190500049746],[-63.97468450700973,46.88122689264865],[-63.991880710899366,46.936780903368785],[-63.989482894955444,47.05111830533706],[-64.04834372325094,47.005935894556366],[-64.1651499135954,46.950095701342356],[-64.2262404105242,46.89536271146327],[-64.28715191193048,46.80603620126977],[-64.37477800636547,46.74694960659256],[-64.4099390095091,46.706804903824285],[-64.41133599579216,46.65783129770737],[-64.38233950469795,46.61516700014575],[-64.30100268461352,46.630182991968766],[-64.21728428977889,46.63002569340305],[-64.12695349008196,46.58768300806258],[-64.05561639253165,46.57632780803304],[-64.11035999521575,46.52529890949845],[-64.10578298543156,46.448633989849945],[-64.13531510235522,46.402049809023175],[-64.00447790106244,46.38522840515765],[-63.93907701127516,46.41866609921871],[-63.840320989574046,46.391398794203],[-63.76029118521159,46.3916266004191],[-63.79501490659415,46.32014551202863],[-63.70623410813001,46.27848419038787],[-63.70124560230943,46.251502907441626],[-63.61660529380931,46.21537428825927],[-63.449751222040796,46.18608169556745],[-63.24771740077541,46.128785911251526],[-63.155334383573454,46.16958259392854],[-63.12610159155645,46.207131904204296],[-62.98663128776558,46.17371779133624],[-62.96173319818911,46.12634950032312],[-62.887359500250625,46.12744569862112],[-62.95603280392646,46.054670912041935],[-62.829702011238055,45.96431680048421],[-62.74998540065935,45.956893086207],[-62.559895096097854,45.966280793457486],[-62.49999999813826,45.978864999144754],[-62.4812861918728,46.04546960021711],[-62.44929679199922,46.09036509872179],[-62.46887799541314,46.12098730221569],[-62.52978189946809,46.133009385248165],[-62.524068990478334,46.18072299272632],[-62.49205719439225,46.215293706503346],[-62.408767103762536,46.21265040821285],[-62.42092159495592,46.258755403223155],[-62.35764830844115,46.27634991404504],[-62.33861488978077,46.35330859953581],[-62.293397306381664,46.33376380495866],[-62.1824132066854,46.34991899442863],[-62.005682410013186,46.4299696965178],[-61.98606088698219,46.46285569400982]]],"type":"Polygon"},"properties":{"geo_point_2d":{"lon":-63.24228135586117,"lat":46.3895485809831},"year":2021,"prov_code":["11"],"prov_name_en":["Prince Edward Island"],"prov_area_code":"CAN","prov_type":"province","prov_name_fr":"Île-du-Prince-Édouard","name":"Prince Edward Island"}},{"type":"Feature","geometry":{"coordinates":[[[-102.00000001273865,59.99999999727239],[-102.74999997876085,60.0000000039048],[-103.25000000675843,59.999999996365105],[-104.00000001764279,59.99999998541855],[-104.99999998272145,59.9999999914455],[-105.50000001034577,59.999999999639115],[-106.49999997858413,60.00000000471248],[-107.25000002000141,59.99999998650024],[-108.00000001584951,59.99999999032153],[-108.75000001261925,59.999999994797356],[-109.50000001988184,59.9999999987303],[-110.00000001796496,59.99999999848801],[-110.00000000215792,59.30710876687605],[-109.99999999605141,58.975993629631375],[-110.00033550552752,58.50737825916428],[-110.0001946314103,57.942813949734834],[-109.99999999859067,57.381213783776815],[-110.00000002246276,56.40286982775249],[-109.99985804924881,55.87280484319898],[-110.00006204876378,55.331232447001504],[-110.00567348965394,54.74772766218763],[-110.00566448758316,54.23635084110213],[-110.00547521577427,53.74141460054554],[-110.00529381394595,53.43711060384553],[-110.00610402886953,52.924027775267],[-110.00444588544654,52.52137304690487],[-110.00488268646698,51.87147071516013],[-110.00507401389385,51.27055099818553],[-110.00301558220588,50.833774737628815],[-110.00492818842118,50.339002153128554],[-110.00422256342321,49.959855299479166],[-110.0044937118886,49.5328648697134],[-110.00502263037129,48.99969874079486],[-109.00000001446284,49.000000005297245],[-108.18786009456244,48.999653401275346],[-107.52020677693324,48.99947639263028],[-106.77894141909903,49.00003309597076],[-106.00000332477951,48.999472224391816],[-105.25829111209815,48.999349635317884],[-104.57457659555381,48.99919969246016],[-103.74121906375301,48.99942896832621],[-103.31980278643378,48.99936240413183],[-102.72284784908719,48.99924318399271],[-102.00632643718905,48.998965664349],[-101.3619898004162,48.99947410165371],[-101.36211111910964,49.17777859713056],[-101.39148032187168,49.17784702922313],[-101.39256410725224,49.53272257957741],[-101.41763515159218,49.53274480138174],[-101.41754598208134,49.88667010665922],[-101.44721949092262,49.89436900669737],[-101.44715800144077,50.24052438404828],[-101.47672111132728,50.24050443254414],[-101.47699491379517,50.59438750561639],[-101.50872882326871,50.594393350522765],[-101.50869461731304,50.948485129800005],[-101.53898869893298,50.9484953110397],[-101.53915270054428,51.30186450240178],[-101.57054393736702,51.30187588726334],[-101.57051507292341,51.65492175003667],[-101.57755508400456,51.96851810304956],[-101.60933504156195,51.96864354949243],[-101.60905476166866,52.31815801960717],[-101.6378126510492,52.31814946339973],[-101.637705258716,52.66727392727783],[-101.67158804145483,52.667260577349104],[-101.67160451924185,53.01644787432361],[-101.70069426314035,53.01645077643624],[-101.70060567806453,53.365781116591506],[-101.73554368489725,53.36580844267872],[-101.73543094383754,53.71070651628193],[-101.7706639991953,53.710910025484104],[-101.77132275803015,54.06440246115411],[-101.81043452049735,54.06440581814299],[-101.81046130903576,54.41353989396851],[-101.8474842635185,54.41356389823302],[-101.84743666257377,54.762523065975586],[-101.88531837552426,54.76252586406934],[-101.88526563857515,55.11159665535697],[-101.92436060643028,55.11209058995745],[-101.9242270306603,55.46021659133398],[-101.96395494363055,55.46042008989942],[-101.96387163013243,55.809468497125],[-102.00412938852898,55.809350074247966],[-102.00760914168968,56.50015461742596],[-102.00502447835538,57.178054224189154],[-102.00602442499502,58.31370962427229],[-102.00666187384984,59.00053857791262],[-102.00738974793785,59.751779412250514],[-102.00000001273865,59.99999999727239]]],"type":"Polygon"},"properties":{"geo_point_2d":{"lon":-105.89075902236681,"lat":54.416714191425804},"year":2021,"prov_code":["47"],"prov_name_en":["Saskatchewan"],"prov_area_code":"CAN","prov_type":"province","prov_name_fr":"Saskatchewan","name":"Saskatchewan"}},{"type":"Feature","geometry":{"coordinates":[[[[-65.60611848286614,43.51376600350224],[-65.65127268888398,43.447852801571656],[-65.59489128248934,43.43365939997782],[-65.55854659509512,43.47577670294481],[-65.60611848286614,43.51376600350224]]],[[[-60.890609893285934,45.576858597368606],[-60.94379751746056,45.59286729982009],[-61.04007740102877,45.58822159004645],[-61.11197771158946,45.55281490641178],[-61.06618480925301,45.508240299463424],[-61.004108812395664,45.51209220384051],[-60.96616590087234,45.549598207893006],[-60.890609893285934,45.576858597368606]]],[[[-60.28655140063712,46.3096378096147],[-60.36350460007468,46.31726660105642],[-60.42258710660085,46.283674287861324],[-60.508347991881,46.2092058072178],[-60.54443479644631,46.19237820082455],[-60.52653249980408,46.14894631217887],[-60.46343860585386,46.18046371030461],[-60.41349370488327,46.22566659048081],[-60.29527000986033,46.25587760928492],[-60.28655140063712,46.3096378096147]]],[[[-64.27488685479494,45.838504925648365],[-64.3789190020288,45.786832401814216],[-64.44968768523651,45.733749297530366],[-64.45393998697362,45.683689592655966],[-64.5656270919521,45.61575019175372],[-64.65015309572493,45.581604000736846],[-64.65383821512086,45.56317800552287],[-64.82729999782758,45.485622795640076],[-64.82671689604547,45.46769719800109],[-64.91417620576595,45.42984200000782],[-64.94265699237314,45.327931406079365],[-64.85006090112573,45.35416150083497],[-64.70935091214675,45.313566809581886],[-64.70250019862762,45.36518540288439],[-64.57829278432219,45.40504939969767],[-64.45643069777235,45.39549550944841],[-64.39132008177687,45.36926830067298],[-64.3175461956913,45.39068979414034],[-64.2471399104425,45.390287593110074],[-64.06803740304758,45.40774349355367],[-64.03962867921724,45.384187000617885],[-63.94672661177177,45.39409640721556],[-63.8923522063446,45.351949293325845],[-63.86840500454794,45.38033650329907],[-63.80417687828581,45.39886490367145],[-63.71740570289064,45.389276207743464],[-63.6015857987603,45.392332998570446],[-63.51638340842136,45.37043001190009],[-63.388112190065215,45.36149168777692],[-63.56105481146323,45.3157537106069],[-63.801842388952466,45.313389307000215],[-63.80747199132397,45.29081290532413],[-63.89198779907361,45.278852506003126],[-64.15523080161555,45.19599698987619],[-64.22353540711869,45.108120690130775],[-64.30088878418717,45.137736999780955],[-64.33554679812238,45.10321889046816],[-64.39812811563978,45.14209129866759],[-64.35119281203603,45.16546039688518],[-64.366810100894,45.19792320995703],[-64.33366461358247,45.2989764950241],[-64.3937591046436,45.3216312015624],[-64.41231280355356,45.268577788043096],[-64.47483090139549,45.23976940557695],[-64.64539660308563,45.19709009522729],[-64.88514089740653,45.12853459267392],[-64.9497549034611,45.103327610701626],[-65.07719110316418,45.03479910569346],[-65.16019521577246,45.00336519639701],[-65.22673338798968,44.96359520571321],[-65.44834669418955,44.86374739427832],[-65.51060541077304,44.82446570184701],[-65.63974071328373,44.76969719145284],[-65.74242688033442,44.71147100255303],[-65.73054250051167,44.667815211476544],[-65.62622051248958,44.71252079458586],[-65.61991110806288,44.65806571540868],[-65.69968348851428,44.61472559939191],[-65.75900490724793,44.60367829809299],[-65.75745772016901,44.66136639327045],[-65.78451361528056,44.6912070960491],[-65.91437289323785,44.61587889377662],[-65.95212569236399,44.60833178885658],[-66.11854291083124,44.48983880136485],[-66.12916500723014,44.44445779054637],[-65.98292501347287,44.55727590443159],[-65.86245698438155,44.5882312023791],[-65.87858840319711,44.53253359239073],[-66.02018178003928,44.44565350181461],[-66.06430610414388,44.38643960275131],[-66.10865498143099,44.35436400603001],[-66.15500408936497,44.19708149437563],[-66.17866578991074,44.18019800673555],[-66.21390949913057,44.097977811703664],[-66.17818890960393,44.07342350131464],[-66.15314269761186,43.99058431101736],[-66.16656259619725,43.911038100014906],[-66.13939889424648,43.793805197933004],[-66.02800618642011,43.73041819905648],[-65.96337000914241,43.73739379663919],[-65.9577881195569,43.800757294719915],[-65.91493988704636,43.81258799484444],[-65.8882289965677,43.76721728725743],[-65.842149613995,43.767144701245414],[-65.81412330712391,43.6875388018878],[-65.76419769540539,43.67198380283573],[-65.78647170783178,43.56692130985124],[-65.73444350416824,43.54677759754298],[-65.72764280528544,43.49037640367278],[-65.62995679384862,43.51056299131229],[-65.59509658710907,43.558970992887964],[-65.54560861046784,43.51344299887328],[-65.49058151546086,43.488228694151125],[-65.4473349866682,43.53429200365635],[-65.38600810080013,43.549306404642294],[-65.33285188642495,43.611339491793245],[-65.32379150945742,43.691462112627775],[-65.25913270074672,43.658316702572016],[-65.22546520716728,43.723858887588094],[-65.07636350324681,43.69682010208783],[-64.9242578067163,43.79486609353448],[-64.83616779134404,43.8324317870145],[-64.790587107666,43.89335171072402],[-64.84711520336333,43.918389702176185],[-64.79717989354701,43.949032404943274],[-64.66127460082689,43.989814293382224],[-64.6547930878613,44.04041299914005],[-64.62149738924886,44.06872580761479],[-64.5679323006659,44.066933800121305],[-64.54493939954239,44.12084129003043],[-64.47995478728865,44.152516102396845],[-64.40226111780079,44.250796801300794],[-64.28072168583515,44.26073959113155],[-64.29578180557571,44.31564590152554],[-64.33405639631872,44.334045495185315],[-64.30653639061362,44.525510998542515],[-64.21286040228824,44.5375762121504],[-64.20950570725309,44.57540339743579],[-64.15414688159194,44.57348789980388],[-64.11734688332463,44.53995769496813],[-64.1128933852544,44.478083394393686],[-64.00835650209275,44.52092570862806],[-64.05841600264411,44.61460950185963],[-63.99404370479455,44.65385108715992],[-63.92801359772198,44.66464518810444],[-63.93954268918644,44.603861294487764],[-63.93843210202971,44.50553820274876],[-63.893197413771134,44.48871309383838],[-63.847811704119096,44.52225061025813],[-63.81787638023121,44.484232305554755],[-63.7104079087668,44.46345121000112],[-63.63564299257175,44.466988888324174],[-63.51892689383225,44.50312090276233],[-63.55906019210371,44.55667518601091],[-63.57236742114555,44.61484139384884],[-63.54131450593875,44.63912601266731],[-63.45191501092621,44.5890476888405],[-63.420810679692025,44.649233704139185],[-63.3245792018006,44.63848998907454],[-63.24042378792646,44.6837365930175],[-63.143786612709455,44.68967370651784],[-63.09967020440372,44.72414109724246],[-63.04800610169313,44.67282810697559],[-63.00790069600785,44.719325385242016],[-62.893562292350126,44.72740680142392],[-62.854881092855386,44.70843348291986],[-62.798955304344965,44.76592610215915],[-62.673793101479184,44.79410430282015],[-62.611121079785576,44.834364504064],[-62.527355788263364,44.848446995033],[-62.49757578381592,44.87174469565019],[-62.42603228422072,44.85953069590235],[-62.41704319869539,44.90033259460521],[-62.26675779265231,44.92946230649531],[-62.23765588968302,44.957124306763845],[-62.18212440608331,44.95374669902636],[-62.05709578241442,44.96788180312733],[-62.026423795092384,45.02430340941889],[-61.95868071390305,45.04293210690319],[-61.89974158955224,45.023247206991115],[-61.85396039073495,45.03638028579277],[-61.8220644048879,45.09663970358488],[-61.66435779387947,45.090977303425554],[-61.68783151118332,45.11512379610199],[-61.651770621949346,45.17170079427215],[-61.596744804901924,45.14521779226808],[-61.542077904019294,45.16635900268359],[-61.37132960996591,45.171853111679475],[-61.385893190053906,45.2022233944679],[-61.32820380845993,45.25274241234026],[-61.22404010809465,45.24640581387571],[-61.13423329858656,45.27225431089764],[-61.16113878240318,45.21851810169126],[-61.127575378696434,45.20784360139092],[-61.04439640758108,45.24098899791674],[-61.02698677740822,45.27639790381736],[-60.977610513694856,45.30114900562731],[-60.979610389362655,45.3326323931183],[-61.14402588812026,45.35728418803521],[-61.201776403028894,45.3485888143157],[-61.43687740189486,45.34769780293107],[-61.499349806981364,45.39507321426503],[-61.3209231014754,45.43094079665986],[-61.2622318004986,45.45486459861372],[-61.238853685395426,45.50899119306988],[-61.283523607470805,45.55617179982865],[-61.27516700380447,45.579916103224136],[-61.1761394898732,45.60181819167403],[-61.16254830356478,45.5654593950616],[-60.86066849186552,45.645804192136744],[-60.8721237014745,45.61976899312345],[-60.76352320931717,45.607821899257864],[-60.740447414582434,45.57405690223453],[-60.621719195496695,45.613603884966686],[-60.477627689686614,45.64115370338264],[-60.44109740255482,45.639186711116096],[-60.35596158935087,45.672282689079005],[-60.32535049336952,45.70569270792212],[-60.2780775108353,45.70272409626848],[-60.16909220007478,45.782869986379254],[-60.11570598791224,45.78348709133503],[-60.08920381693317,45.81588989844035],[-60.17346819523244,45.85338588983365],[-60.11786540096563,45.88476690628328],[-60.00500118357734,45.87685509917882],[-59.97982768994345,45.909303998571744],[-59.917277599119274,45.91982949001299],[-59.81273319541903,45.97492369118988],[-59.84663501300213,45.99330899584534],[-59.95111019439984,46.010560496587864],[-59.954324004626606,46.0479868945607],[-59.89042951261013,46.05887759385421],[-59.902858988782626,46.10637669443685],[-59.84420499864899,46.17765918670127],[-59.93481698556719,46.18600479381519],[-59.978460899141425,46.22164409505225],[-60.11492349027855,46.261874093963826],[-60.16856309026125,46.24264909062044],[-60.23506911117634,46.26113939528279],[-60.293214701139654,46.25025729143198],[-60.31672598169575,46.212350599549815],[-60.388584378681095,46.202436300504445],[-60.424992995278316,46.14930410908037],[-60.51189970527632,46.0945167971603],[-60.69320529920432,46.012585690971015],[-60.80118690143219,45.94376040221566],[-60.740504993052305,45.93132429061725],[-60.71315219243294,45.89879288647299],[-60.6531803894271,45.91194758678607],[-60.56199159263664,45.96199788839159],[-60.480298594597826,45.9570384877161],[-60.53525420846144,45.91064091200384],[-60.64656870556712,45.853596410058756],[-60.674984187711516,45.82188609967898],[-60.74803752108584,45.789210494486326],[-60.74665570183471,45.73137331019873],[-60.81347018750175,45.73703519986424],[-60.94150758490626,45.770437096027344],[-61.087593710397016,45.6984392121679],[-61.14717908949695,45.76004009668671],[-61.102621300108815,45.792194195803035],[-60.92941229629587,45.85873739555599],[-60.96735068240059,45.8970833957699],[-60.81346080952545,45.94608320764223],[-60.80538401400421,46.00117469902686],[-60.75781370271519,46.04729670057522],[-60.858617483935255,46.03726520674743],[-60.84040298488487,46.070852994177415],[-60.64856720565877,46.11624648971396],[-60.58926031320129,46.154336601757244],[-60.54468768242156,46.210021395931825],[-60.4379389890588,46.29120628794915],[-60.44791669909356,46.345649885416684],[-60.5907437035105,46.25556279054474],[-60.517387898206664,46.348054792774256],[-60.522462108112656,46.373489012947125],[-60.458148810699036,46.43066989657731],[-60.459501402146806,46.45359700162962],[-60.40859598996774,46.549336887136796],[-60.35180540802426,46.62864300911764],[-60.386774096947136,46.63109748385602],[-60.402749193884375,46.680504499722474],[-60.343805208981685,46.70049730949688],[-60.30312670920155,46.85065340922884],[-60.40486340146105,46.871652511337984],[-60.45275871167759,46.903370607746815],[-60.4540865961598,46.958814493636886],[-60.387156292736776,47.01939538864802],[-60.41368152332031,47.03413019389789],[-60.482580805128016,47.00045261204422],[-60.59800319650199,47.04155299847897],[-60.659884109191296,46.98805520330231],[-60.69100901944774,46.915737795566315],[-60.78757479318439,46.83807918632127],[-60.847225411770246,46.8212425911848],[-60.90301958925268,46.77090138855058],[-60.98273920401971,46.657078987127356],[-61.02751658263798,46.64615739996301],[-61.03791918112258,46.558893305558065],[-61.07681602469512,46.51967749383847],[-61.10256359939002,46.447622588334994],[-61.14456929245172,46.42348620712838],[-61.18260879949044,46.36167829385264],[-61.321294311222736,46.22689600391258],[-61.41106452167658,46.19470109571273],[-61.44793968321871,46.160751305743595],[-61.500465585602946,46.068671597719096],[-61.55241501621002,46.03998549948537],[-61.53005540566942,46.00668598807234],[-61.53446080808633,45.951395791501895],[-61.49422018611349,45.89030030097833],[-61.49631051045968,45.8042243900915],[-61.44034028309242,45.680345201157564],[-61.527836088926136,45.69322749087982],[-61.593574912546586,45.671489899395226],[-61.63141218521538,45.63164950246366],[-61.7597761910329,45.64744220880896],[-61.915042105895054,45.68340539132262],[-61.88906449152759,45.73579439165828],[-61.93545790474281,45.887599107397975],[-61.9793109120357,45.87364139751364],[-62.08621729818928,45.78711040798171],[-62.1721992200874,45.7617091988845],[-62.28604660601937,45.69728910795766],[-62.36428461904702,45.677011893125105],[-62.51206140515373,45.60350421409799],[-62.50156790317725,45.651180003657025],[-62.62124741660157,45.68533770286572],[-62.67992520842989,45.73641440081312],[-62.73756951534851,45.731587095466075],[-62.767190113238705,45.76598489158811],[-62.87914410102872,45.77034820411492],[-62.99110600226444,45.793068391598794],[-63.068984407593895,45.7692232975444],[-63.26586919680147,45.73287929068821],[-63.36623799864742,45.74079110123726],[-63.25555921739485,45.79285289845986],[-63.37460921466614,45.79955930289697],[-63.4311382157857,45.82235259102625],[-63.414287494593076,45.86010448409494],[-63.466742684390596,45.878335902837186],[-63.616576593721796,45.87797879692469],[-63.695866008069686,45.85556039071353],[-63.8075976808191,45.891215501337456],[-63.8629291048198,45.933815695232504],[-63.86258258656225,45.961261499258086],[-63.9720330169284,45.99742620030724],[-64.04186286292291,45.994634105412594],[-64.04680352919961,45.97681801070047],[-64.14942368761436,45.98014747197529],[-64.27488685479494,45.838504925648365]]]],"type":"MultiPolygon"},"properties":{"geo_point_2d":{"lon":-63.32450309629852,"lat":45.15131558491417},"year":2021,"prov_code":["12"],"prov_name_en":["Nova Scotia"],"prov_area_code":"CAN","prov_type":"province","prov_name_fr":"Nouvelle-Écosse","name":"Nova Scotia"}},{"type":"Feature","geometry":{"coordinates":[[[[-79.91453785770378,44.993013706481484],[-79.91794055018609,44.93156339180083],[-79.85947954304423,44.95398498749114],[-79.8245266458427,44.93040548964229],[-79.80984475661857,44.852188505144355],[-79.72041813355303,44.75505989267043],[-79.78165013467547,44.74455770714888],[-79.84727803475057,44.759588393422554],[-79.90424614975909,44.84201599701787],[-79.95091404437343,44.86695809714128],[-80.12376535317732,44.80953119572767],[-80.12684294582783,44.7495351929956],[-80.0324476577495,44.722675398151246],[-79.97950395232384,44.66845430858016],[-80.00942625199889,44.5357588107814],[-80.08057865728189,44.47816611298925],[-80.11979014363061,44.47038428723441],[-80.19926943198715,44.507375891752645],[-80.29274205238933,44.53237269855323],[-80.40568564303524,44.54003699669934],[-80.5142764307164,44.594433009643886],[-80.58948815621542,44.60962729934683],[-80.62531845136763,44.64080890350044],[-80.63587945798265,44.71621119710526],[-80.77582156498246,44.712816391142375],[-80.824071429504,44.68871110653451],[-80.87609774407822,44.62620249420882],[-80.94354445669376,44.60918710442237],[-80.88817444928289,44.736757309813356],[-80.90571293438956,44.79409110434963],[-80.98502916229862,44.80871249832315],[-81.07805255153967,44.78144498905812],[-81.00702844751059,44.87185480029441],[-81.01780496393361,44.91773719473688],[-80.96311694034895,44.947205995021235],[-81.03509044768157,44.96691949164965],[-81.09428384134024,44.92106559980014],[-81.12344875407007,44.96129350814794],[-81.21386513547436,44.961114903113845],[-81.27703955814383,45.022885614728125],[-81.2623844655196,45.076841293952434],[-81.33295946569375,45.137994599369435],[-81.30356596197697,45.247717994933396],[-81.46266014238286,45.23028689790638],[-81.53472073450833,45.24736388918459],[-81.64046294046308,45.2497193986875],[-81.72301175473771,45.22640729534482],[-81.70208723254518,45.19775060782596],[-81.61918885725647,45.19058711549996],[-81.56404233880836,45.12502440109325],[-81.52034056200517,45.105689116208474],[-81.46714093872056,45.047650412175976],[-81.45385406618337,45.00370260300049],[-81.35667743197085,44.963863507639],[-81.37470606189316,44.91093609921758],[-81.27708975241917,44.751139114083905],[-81.3030952500815,44.679793094338734],[-81.27180025641138,44.649363295803596],[-81.29605975976955,44.5789394987501],[-81.38773423962623,44.48963048948126],[-81.4091234510783,44.43314429562797],[-81.47855135482581,44.41712019066593],[-81.60681854173167,44.32009120400283],[-81.59219343718198,44.28605519339614],[-81.61629715939716,44.21536980380843],[-81.6635953427293,44.15218121255173],[-81.75688395839913,44.07199269822856],[-81.73491304726438,44.02917999233966],[-81.72120135465492,43.930425698643354],[-81.71922285261783,43.784459902586335],[-81.72876976624285,43.697601399990425],[-81.70598824506614,43.531528091998396],[-81.71626884965018,43.47470099641114],[-81.7096884467711,43.39833939830555],[-81.7438697670154,43.3336228115457],[-81.80451925462769,43.285514807898366],[-81.91670215245061,43.22999399751009],[-82.02334985027935,43.19995881162168],[-82.0218188628139,43.17240809453534],[-82.09709996069168,43.11106449914462],[-82.14903615434503,43.09306730946129],[-82.19052365705942,43.05022949336847],[-82.38517566551357,43.014224809795685],[-82.45767925291187,42.907479201935644],[-82.47795194526446,42.80376819856491],[-82.46302465567183,42.76400350251882],[-82.52038026481702,42.60585859726214],[-82.57978007117794,42.5583432124105],[-82.56653835314131,42.51253400493029],[-82.42166996406847,42.49630399248367],[-82.41011095785244,42.39941819910358],[-82.42554217026856,42.347831206386594],[-82.4744252564163,42.30803689117961],[-82.55525585928845,42.31543420205506],[-82.72526355743709,42.296530110949064],[-82.93586446461819,42.34246570020261],[-83.0581203511258,42.31602030188972],[-83.10742046742486,42.257055497323954],[-83.1009421619742,42.197385289940996],[-83.11614936445164,42.138387890897754],[-83.10873126218932,42.047500803039476],[-83.00413435491919,42.019574494977064],[-82.92464496315188,41.980938304882194],[-82.81594796484121,41.998299304738154],[-82.74174776375763,42.02639630124472],[-82.6141955669326,42.03232319668824],[-82.53310227207909,41.965554098014444],[-82.50117104572583,41.98560119689943],[-82.4828296561845,42.03946378690821],[-82.4111238459445,42.11039249707044],[-82.19916666090747,42.19707599863764],[-82.09405304889736,42.24728288654356],[-82.00254805277629,42.264987687887675],[-81.8441673658569,42.3328188998569],[-81.8044065437977,42.39213069407214],[-81.62370076875118,42.49816741077898],[-81.5728286721988,42.539463402029064],[-81.45059765167484,42.60040300676115],[-81.39557286712206,42.60798189519351],[-81.3511746703805,42.64116069870315],[-81.24715364015275,42.66404659880294],[-80.84198776785396,42.65249419372296],[-80.7582065509681,42.63412950485093],[-80.6317914500457,42.584009888107246],[-80.51722946036088,42.57371340414566],[-80.43844384593626,42.583016705771044],[-80.45474125472424,42.61334578433318],[-80.42653905742362,42.6453045097529],[-80.3265297722227,42.69294958723729],[-80.22361204673467,42.781398395387306],[-79.9963858507067,42.79951128798856],[-79.91816195873847,42.81958778438599],[-79.84364846364701,42.82311020938231],[-79.70321636371541,42.86122010186197],[-79.63906934265837,42.835477200633946],[-79.59281956912679,42.856876995101075],[-79.48333094628423,42.84084549004788],[-79.43673925880468,42.87564520051259],[-79.37968044015145,42.8612450000885],[-79.29679335120136,42.87774579819778],[-79.15619506150233,42.87504950797128],[-79.0936902644575,42.85618219907183],[-78.95226014069269,42.880178381432486],[-78.9081961126963,42.91317239911341],[-79.02791010543152,42.990037508599954],[-79.02844790377982,43.05873470606688],[-79.0790316229035,43.07517329647866],[-79.04444333746135,43.13918659578291],[-79.05820762690355,43.25116720589269],[-79.13753554364085,43.25602550526834],[-79.31611225120628,43.18403858957011],[-79.41197116044415,43.19825920288619],[-79.48776924995782,43.19434718519021],[-79.58081885412682,43.20479129327223],[-79.74901877064478,43.2472124888562],[-79.80061674647759,43.31800090469559],[-79.71777645197493,43.37557669742637],[-79.6779372455713,43.43143689333206],[-79.6064239555834,43.49655318931544],[-79.59795693532459,43.53643709304196],[-79.53703644569333,43.58812218910822],[-79.45516214755366,43.63747329772843],[-79.34809214414466,43.63358910037671],[-79.27965323697696,43.67118438962215],[-79.18857354516005,43.74687339672652],[-79.09181593533121,43.812082385025896],[-79.05989836644477,43.80774969198859],[-78.9290708583144,43.851535605784406],[-78.81831094810616,43.86869028910343],[-78.71166954966533,43.86767460379582],[-78.61757545089414,43.89854319298729],[-78.4819549468103,43.89655490351774],[-78.37268814605709,43.92990870409112],[-78.25688524863052,43.95314029577209],[-78.11562184471886,43.95713280475565],[-77.93503395219328,43.97020389218314],[-77.81718683662648,44.003811185451845],[-77.7511957316639,44.010642598406285],[-77.58745313258517,44.05962189814383],[-77.5752754346295,44.096045904775345],[-77.4721351462004,44.120921399342265],[-77.33511163485426,44.1679389814068],[-77.2951909564842,44.153875284349475],[-77.25477635844486,44.179519990295084],[-77.19104675344559,44.15719070602222],[-77.08636655935554,44.176519286623886],[-77.03862034859134,44.17662560052948],[-77.06790593558021,44.105693793366015],[-77.03178745249213,44.06202830648218],[-76.96953585443494,44.06360488913837],[-76.92779953869058,44.104894591161376],[-76.7256967311244,44.20317358579526],[-76.63161454547158,44.22166248177967],[-76.55746258414885,44.20935501313988],[-76.42800991916309,44.23617489076079],[-76.3142759212226,44.29060461665147],[-76.22228839951988,44.31851790551602],[-76.18406139822021,44.31697601090985],[-76.09763559167206,44.34717132819363],[-76.0265726311552,44.35359347052135],[-75.92910821678622,44.382428089693626],[-75.88917589065449,44.42645501214896],[-75.74428180135199,44.547233908500715],[-75.57828040845716,44.658237602889166],[-75.53720280005379,44.698103412934834],[-75.31389963240058,44.82921658720879],[-75.30794181394658,44.84361819404681],[-75.16752091395239,44.899084497432625],[-75.1370418187074,44.92355709652554],[-75.00669420526934,44.96407380100536],[-74.99662489283514,44.982982703558854],[-74.88964099539783,45.0272270864765],[-74.70022800912193,45.01594107242936],[-74.54768991388114,45.06210400673854],[-74.45544409820101,45.155081199837554],[-74.39148271269,45.16789770899204],[-74.34347167173622,45.20540222323756],[-74.47191127919496,45.30273420962676],[-74.3816022456462,45.56371276798373],[-74.38405536497288,45.56714922179836],[-74.4723664006929,45.593731807549965],[-74.5351100602808,45.5948325164262],[-74.63806070990462,45.638758151266266],[-74.72934567182413,45.628326087597486],[-74.94301048025972,45.64340540041057],[-74.98897970005709,45.610784844849924],[-75.11350228867728,45.578618288238815],[-75.24261394951205,45.58550870814027],[-75.31699439219298,45.54617074478338],[-75.4454084396359,45.521110480894045],[-75.57555679765629,45.47482510506328],[-75.6831771930851,45.45913650047606],[-75.70374455633352,45.42663519945625],[-75.79701680420048,45.37832402948437],[-75.8951850982221,45.40163468600992],[-75.98716460661753,45.47964530769478],[-76.08987718683741,45.51385244444427],[-76.20100638900665,45.5188791342081],[-76.24508393215169,45.46860894025267],[-76.3617437036907,45.45709459625288],[-76.43351663220676,45.49207614096433],[-76.60374500202126,45.53218129684351],[-76.6592749466485,45.56072605807374],[-76.67028904372302,45.625809831878826],[-76.71194453958132,45.66548225747206],[-76.70359781281621,45.72080990112726],[-76.76959413775987,45.73349903077202],[-76.76575920899592,45.81098948860002],[-76.77872544559649,45.87135264621899],[-76.8948386007742,45.89814617531687],[-76.92757515407335,45.89225487727791],[-76.9119966838868,45.8096708251092],[-76.98497879697983,45.78607724570918],[-77.08155834183466,45.83558296130091],[-77.19032721643805,45.86386084598963],[-77.27840407101357,45.94888964398741],[-77.27633418142617,46.008539648964984],[-77.56608271063061,46.159220590168964],[-77.67499428851202,46.19849738319998],[-77.6978086922726,46.182930639130895],[-77.9268091552817,46.22409898361538],[-77.98798594533558,46.24656224387125],[-78.0426860527997,46.242511817891156],[-78.13514278616574,46.2747279859735],[-78.2604905485325,46.273944034506485],[-78.30958080965077,46.25316901995233],[-78.38838873033446,46.29168791425384],[-78.51387700322098,46.29687612258334],[-78.59705837404213,46.318852640393686],[-78.67582234312461,46.31823377683913],[-78.72823126304755,46.34233868715243],[-78.72710717255538,46.38287269209408],[-78.89272200030092,46.46191530856585],[-78.98987072497162,46.548855526769636],[-79.01525073914816,46.62685229292602],[-79.09432289146339,46.68829571286614],[-79.17082153696316,46.82521851095118],[-79.2140081087124,46.833235561265106],[-79.32966575029396,46.95718677713983],[-79.3467991832789,47.00785849244874],[-79.44299286097252,47.100997102809416],[-79.4268426502096,47.250069239218234],[-79.58103436137458,47.415114009048324],[-79.58647279333942,47.4456388469852],[-79.54738932340791,47.51782616331203],[-79.51708053333203,47.53316399217842],[-79.51743975032691,47.99640666191496],[-79.5174042578759,48.28784269998277],[-79.51739566576632,48.805717308448735],[-79.51785743120962,49.30406114510227],[-79.51762072722885,49.83158673619254],[-79.51795289382216,50.19472122528152],[-79.51791348205708,50.94542316675929],[-79.5158487132157,51.46067760678663],[-79.52433063619115,51.47133183758365],[-79.63915699404855,51.40706651192629],[-79.68170158328084,51.40562809342167],[-79.68612838255397,51.34884199052696],[-79.74545849039194,51.32919359208882],[-79.68990170090363,51.28549090733942],[-79.79017589168474,51.15987670525155],[-79.8593893074236,51.165370488643035],[-79.92435201706094,51.192193398986305],[-79.97808899385737,51.238778497468864],[-80.05165400534202,51.257018911222545],[-80.11342897921311,51.29081060932743],[-80.31436962010748,51.31534019068046],[-80.42566048240121,51.3499393883837],[-80.42792211436632,51.448820703487286],[-80.45022400418048,51.49470259062264],[-80.51263178953204,51.54764039485395],[-80.58216008726696,51.7130663259761],[-80.69485503588646,51.82107590277191],[-80.88033690512796,51.89522680059864],[-80.97231920053193,52.00169520055279],[-81.0945727872128,52.057578800780774],[-81.15505972501126,52.04163390065082],[-81.34038081460487,52.09893002955771],[-81.47451551586526,52.21836872290119],[-81.4701925130643,52.261018091414115],[-81.5603323587578,52.296091099940234],[-81.51129399163479,52.32368528654459],[-81.54392042778444,52.363406998951945],[-81.52526918846539,52.42316260684928],[-81.56238880613672,52.462648700345184],[-81.6428093868072,52.49562898754544],[-81.75724231178762,52.60316670844983],[-81.85981459509615,52.653115487931764],[-81.91792571599672,52.70400670366353],[-81.94339300375503,52.77720848673958],[-82.10967061128059,52.89111089852115],[-82.23588119940051,52.9259619061757],[-82.27878520578032,53.00968689105659],[-82.2830253858431,53.10019171068526],[-82.25206399806315,53.180493788636156],[-82.2160212321907,53.21670001323165],[-82.11225051626532,53.26520579193902],[-82.11046490436772,53.30633748767265],[-82.16184718693488,53.45754718919031],[-82.20453889512586,53.550767486031276],[-82.20010149553448,53.65324188772184],[-82.11985679663648,53.77472020506958],[-82.12431500237224,53.82733049626486],[-82.20421507657356,53.99581080694794],[-82.25524451428356,54.06374730260039],[-82.34611757632602,54.127575208440334],[-82.40764431309637,54.19254960809523],[-82.43242401763216,54.27709211349635],[-82.42392568771848,54.34603480385726],[-82.3433794063447,54.49939628862061],[-82.32349230379212,54.50570911024064],[-82.28836810005404,54.654426497597996],[-82.19536019778056,54.80431239127096],[-82.21290828608394,54.87447439199946],[-82.25158012076865,54.87597589474978],[-82.27176909943874,55.04991970427014],[-82.25258720009545,55.109659092146785],[-82.41529100481203,55.108768593895604],[-82.71527459904206,55.16154050535651],[-82.75138627808742,55.13151682880264],[-82.8133149256587,55.130178697244524],[-82.88046497896886,55.15738630403073],[-82.92166939094348,55.21046078977684],[-82.97331429259991,55.22634658745441],[-83.15358588070316,55.195505116781234],[-83.22038870375023,55.21167779407501],[-83.33754669258573,55.19870891993118],[-83.41774941533916,55.22255412779207],[-83.48230039653774,55.21941029394535],[-83.64695071282087,55.26391119773882],[-83.70654820988888,55.23211452718036],[-83.88329239291625,55.294106206727605],[-83.97611530937165,55.28727932231941],[-84.07867280931312,55.250202303963235],[-84.17442501692605,55.27457330193366],[-84.38920639732633,55.2635503118781],[-84.5121990117657,55.23212809079898],[-84.79457341593202,55.235328692108396],[-84.97230322201969,55.27969749238734],[-85.09576768825872,55.26038261732918],[-85.13198565618728,55.33192453868333],[-85.2004047236395,55.343102802239436],[-85.22994191203676,55.37278941882594],[-85.35286280348367,55.384807689806706],[-85.43389350579798,55.41774429213639],[-85.643893283345,55.55796701052165],[-85.77313640497155,55.59364850860798],[-85.9670626116514,55.66131250620984],[-86.2694896822501,55.7088568876881],[-86.37489790323299,55.76426071196292],[-86.64390629306705,55.82844989868564],[-86.9012454952761,55.91407229127442],[-87.0230202927974,55.915686012666576],[-87.21298852474679,55.93265131936024],[-87.4677765794742,56.01475919319528],[-87.47221989711537,56.04862029806612],[-87.5785326208348,56.076314595856566],[-87.63740008891439,56.112312599258935],[-87.77669339402188,56.26664709096504],[-87.83213732382785,56.34160029629249],[-87.92367699497161,56.391651086111466],[-87.97910988212485,56.47307130076654],[-88.12729568710128,56.508580100751125],[-88.17133740045166,56.50808121924248],[-88.35219020437462,56.56735358877199],[-88.4439121919165,56.60874128709654],[-88.5080637801976,56.65676119631656],[-88.56063702192834,56.66074899693879],[-88.66893558448254,56.7019576306797],[-88.69036092372512,56.74544659011426],[-88.81297641833103,56.80118289469505],[-88.81677602951714,56.837854000133916],[-88.87827449033905,56.861458590658806],[-88.97957690400271,56.85114844621411],[-89.48481181510505,56.547278386928674],[-90.15292343306959,56.13376364541832],[-90.80225034836211,55.72039433657419],[-91.64779319163708,55.15848486055022],[-91.99997009144725,54.90600270654785],[-92.18869236422555,54.774903598534074],[-92.65857365416458,54.45337888148815],[-93.18967477133192,54.074774269364596],[-93.62955353161696,53.75020269539538],[-93.95844503022865,53.55369426572678],[-94.26267121459904,53.38142400015198],[-94.8677429340828,53.01614425425792],[-95.15315109619874,52.840573105165824],[-95.15310037077275,52.3325267618092],[-95.15305456567253,51.86266261121522],[-95.15302390718286,51.54219089863116],[-95.15297848826071,51.05796105040927],[-95.1529236674444,50.45893200998638],[-95.15288275865406,50.00120808506213],[-95.15343305923962,49.646064671099545],[-95.09460327577173,49.61997492232169],[-95.0151652594544,49.640726032608924],[-94.96415767545854,49.613051234738904],[-94.97007074064778,49.56358303454444],[-94.882861153417,49.567977026537726],[-94.83564716670091,49.60980923764804],[-94.8268943395342,49.69886723354575],[-94.7440632549572,49.714825736841995],[-94.65365367533263,49.70865053346357],[-94.6686673420093,49.65536313670317],[-94.58930106389194,49.65575163375378],[-94.55546923625367,49.70149273558264],[-94.5705373687065,49.75113993063772],[-94.49838255198833,49.76629012591578],[-94.47233806857538,49.72436583200357],[-94.40496775686604,49.72654343881027],[-94.30751175572316,49.666834034268184],[-94.31796626897248,49.62752412163499],[-94.37379906372388,49.58368912086914],[-94.32866244923741,49.54318933832517],[-94.33438517515856,49.514752527127875],[-94.24402336044152,49.513331038127326],[-94.23268285743406,49.48261684225526],[-94.12025967482828,49.4572785209003],[-94.04853133721173,49.457267522083036],[-93.9829077559595,49.41195952619789],[-94.07288384334467,49.27861273147115],[-94.2306975453338,49.331606036116284],[-94.20448094936138,49.37521324313511],[-94.26097575678496,49.398826340336655],[-94.27826227092342,49.45572992801151],[-94.31587605054574,49.493780836795835],[-94.61295996297294,49.45941502785386],[-94.65338387362593,49.46358453597001],[-94.70223653881503,49.42029913057697],[-94.61026946282848,49.30872142752387],[-94.50666084673054,49.26324232391573],[-94.46248124619072,49.230607025545886],[-94.33363305317204,49.28934422161765],[-94.26366835493224,49.243380836553214],[-94.26032537006668,49.199922523900554],[-94.18729285283861,49.17463613787492],[-94.07095586597455,49.18360053323412],[-94.04679237799976,49.142684541869244],[-94.10219067442367,49.13412652786517],[-94.17964335954528,49.089964932538926],[-94.23996107609875,49.12492912856621],[-94.30706385139065,49.13822223119949],[-94.31761215351638,49.088265328089776],[-94.47101177176803,48.9654650191426],[-94.58400355070867,48.95354504202643],[-94.63797484964948,48.8820556273867],[-94.70057771161255,48.82469210369079],[-94.68695020840248,48.777062190371915],[-94.58685591601369,48.71902060087099],[-94.53506520099874,48.70296389505599],[-94.30542568800274,48.71121808984573],[-94.26038818895468,48.69756110484107],[-94.24361230365174,48.65434980670248],[-93.84807021432711,48.63184959581187],[-93.80246370165645,48.566844599361545],[-93.79168628864424,48.517267509367386],[-93.64888630847287,48.518197394369636],[-93.47028541784535,48.54646968865462],[-93.46891108698297,48.58836270101378],[-93.35225341284387,48.637880607952404],[-93.41143650645586,48.68466272314339],[-93.3536751022913,48.7168898060943],[-93.34038091651071,48.77556629459274],[-93.40270861758756,48.82864870876124],[-93.41368571231911,48.91404379336092],[-93.29388359751592,48.89167889951343],[-93.27164139111626,48.81265038781551],[-93.1818522696654,48.779010996902215],[-93.21863522401854,48.70143693744753],[-93.1999413371705,48.6758587244373],[-93.10204600792734,48.65862409323683],[-93.0309613182619,48.68650849813525],[-92.96207708242227,48.66595890018856],[-92.85021571214205,48.66763110864564],[-92.87687570589556,48.606740009432585],[-92.7568656855077,48.605892593134996],[-92.70380501561647,48.57683669922773],[-92.58870618628656,48.54942290480036],[-92.61948491912541,48.470935407676286],[-92.46350420305968,48.46710330649759],[-92.48034190712475,48.42522929331929],[-92.4474123992002,48.39907610930449],[-92.46688511027959,48.34946110541867],[-92.4115888047909,48.301140189785784],[-92.37145879052464,48.22413050809346],[-92.28355188851422,48.24810669144611],[-92.32482990446698,48.31846000054099],[-92.27960460526002,48.35745699939649],[-92.19436553869961,48.3576207404378],[-92.0727616060255,48.385828339552916],[-92.02472618900877,48.35732608633553],[-92.01017948421888,48.288320209587745],[-91.93220461616116,48.23947160959769],[-91.87292479421232,48.237687897677446],[-91.71686741796168,48.201280306675706],[-91.70025481607894,48.125119201266365],[-91.67663912772016,48.10752831596671],[-91.59070580605956,48.1040343002547],[-91.5268309134629,48.145385786720325],[-91.47336069125782,48.08835480377583],[-91.41090409888449,48.05906688651249],[-91.252073198014,48.08565100064849],[-91.08250489591161,48.18290810207649],[-91.03585071325128,48.19335791052452],[-90.92267939880331,48.26120649365566],[-90.83795278840952,48.24012660477881],[-90.83332850766622,48.19388528947469],[-90.77817320679837,48.15140468855011],[-90.76007539226597,48.09822049932389],[-90.61267899124844,48.11349880833778],[-90.48790429167659,48.09978601013431],[-90.39944620577396,48.11151198937766],[-90.37394027219776,48.09287331382483],[-90.14264420502913,48.112753122977075],[-90.0021381859921,48.08565789139817],[-89.99365399622533,48.02802786976406],[-89.898805584566,47.98813890539869],[-89.77587140437295,48.02271410293345],[-89.70247898894529,48.00651810536547],[-89.58973749255802,48.004374903425514],[-89.48779104430515,48.03353372865142],[-89.44010415157301,48.07792753228748],[-89.36343993383184,48.09971320947623],[-89.28416195422685,48.1745862241808],[-89.25820005687875,48.266102130500485],[-89.20203414734782,48.33138010779094],[-89.24189293815158,48.38288522568006],[-89.21333436122835,48.43738712677463],[-89.12781365714696,48.485336828597035],[-89.0588349410759,48.49115352809812],[-88.81304985978853,48.56841643120979],[-88.75336956504678,48.556475532670426],[-88.82900403881092,48.47264511257893],[-88.84924185348456,48.39977532260712],[-88.89972033645236,48.36420521412916],[-88.88806744958048,48.31706233066324],[-88.76953425831216,48.34040602925759],[-88.71832346530715,48.380662309781236],[-88.68295414740658,48.46547901688722],[-88.63885595327628,48.50887841855443],[-88.61582485068725,48.62163761211307],[-88.54850583978101,48.63059691507767],[-88.55324305304974,48.674805718240854],[-88.5162176547421,48.71346272219451],[-88.54196203091283,48.774684213205006],[-88.44141216343331,48.84824493297694],[-88.3342834426115,48.81537601919382],[-88.30113903087803,48.756865016903575],[-88.33908906503525,48.67341972452156],[-88.43886253962302,48.61469171287791],[-88.58244104187327,48.492133109157685],[-88.56578424067412,48.43647162989524],[-88.53016483694516,48.4389842153091],[-88.48250326059001,48.521669318017096],[-88.37730595983322,48.53942261386184],[-88.33356684673296,48.57321651910336],[-88.34114425739213,48.644903624145776],[-88.24068755365728,48.58097562914573],[-88.16192725543159,48.63263721907201],[-88.09518273087912,48.71257692467302],[-88.0963813328056,48.78834122815064],[-88.22747833889518,48.840205215366645],[-88.24567294514264,48.876471617327724],[-88.22627134718974,48.926374112421335],[-88.26211814133056,48.95219281631565],[-88.10402904007258,49.000053629063785],[-87.9157154490393,48.93115610791428],[-87.67212782541567,48.89780312985277],[-87.63424924104396,48.8556021208133],[-87.54426874755936,48.87787730822117],[-87.55264504185708,48.83598831072965],[-87.4065353278882,48.83319502306956],[-87.38972932572649,48.80630112617963],[-87.28935603470212,48.789963329892586],[-87.22924055142168,48.75594120858195],[-87.0702000270476,48.77380842092846],[-86.98969973991512,48.805053624070695],[-86.87250365821325,48.74786722621013],[-86.72631883907738,48.800825306324235],[-86.6171142280191,48.78155130443096],[-86.60638355846974,48.73326922225119],[-86.53876732343325,48.727207127130775],[-86.4951133395003,48.76568952529091],[-86.42847594100515,48.77382591555835],[-86.38727473244529,48.73591170305711],[-86.33114563642393,48.61479811497044],[-86.30245474156649,48.6006297098686],[-86.23280273206454,48.468838007409374],[-86.22568073841566,48.40958340973198],[-86.14043733187354,48.27060062527982],[-86.14017085509452,48.2414490237344],[-86.08427564453194,48.16053172046588],[-85.93519865491528,48.0224287281734],[-85.80123475511941,47.95056781884318],[-85.68307215361267,47.925627513948115],[-85.52976224524025,47.91740781085299],[-85.38219942904587,47.92325281642624],[-85.32010963902938,47.95351080173566],[-84.98821895575925,47.96343932211838],[-84.85877854372089,47.95752630464151],[-84.8370114302841,47.91485450787651],[-84.87881774365567,47.8895217134397],[-84.94028252464098,47.820239118802924],[-84.91926884031493,47.774068202824424],[-84.97801412625114,47.73175581291283],[-84.98098164136255,47.66570580911507],[-85.03742893814311,47.6090234216149],[-84.94830672906137,47.5551999117037],[-84.9605941453002,47.53897871240297],[-84.82219185626657,47.47677110384354],[-84.79973403424518,47.476143914425414],[-84.70305616018807,47.40062581484247],[-84.70651303253156,47.372294404397906],[-84.64452975710735,47.357771613735416],[-84.5879782599317,47.28377391623365],[-84.64581914747843,47.24328370492197],[-84.72961634550684,47.13526930538746],[-84.71202243723674,47.0997390101638],[-84.778195763695,47.048351508800096],[-84.77841035597628,46.97434561050133],[-84.71744956288781,46.952016718586854],[-84.65810594358517,46.95539591259547],[-84.65040783165541,46.91449850373157],[-84.57847514425866,46.94535041441547],[-84.51530916633511,46.92155100178491],[-84.47549715615833,46.93906730763991],[-84.36502613611185,46.89314281995116],[-84.35549625275209,46.868328612003744],[-84.41329816187324,46.8152652234754],[-84.44401575669312,46.84489041894828],[-84.53827333647452,46.830181502503244],[-84.54166785000987,46.788467318898775],[-84.57568826034381,46.738239517578],[-84.5715370381077,46.6951213111816],[-84.52316475843452,46.696009823514665],[-84.50630343487298,46.74735651702057],[-84.43317285794174,46.736197608367675],[-84.42130084895382,46.68947549762354],[-84.59456333893426,46.577071006955805],[-84.60008735786029,46.54775921122176],[-84.532961560944,46.500700817431884],[-84.48389504402849,46.490187498446716],[-84.37739185987114,46.51788170260092],[-84.28343215250702,46.49582559897219],[-84.22195233441457,46.54074380526711],[-84.17419813689149,46.548618020776324],[-84.07676703913015,46.492209306685005],[-84.12641386376247,46.39448581409751],[-84.05965256633883,46.32049920225404],[-83.87950983282127,46.32685581205076],[-83.87580163194961,46.30297241037299],[-83.7873027346866,46.29970980255172],[-83.68191105638455,46.27338602018991],[-83.61268333977385,46.28601630060859],[-83.56793665676685,46.26112860240698],[-83.37862062981431,46.23343921613978],[-83.33621883708463,46.218987110215075],[-83.04823333747602,46.1773318049955],[-82.91661303375595,46.18374680572346],[-82.83394713027499,46.17569180351417],[-82.79897645980158,46.18989731926932],[-82.68205333522857,46.18763199991958],[-82.67844134517556,46.15793920273877],[-82.55566694073427,46.1655708925429],[-82.46852133181116,46.19985331576934],[-82.44128733359885,46.18392789850023],[-82.32993113732502,46.18726749681249],[-82.3498934511582,46.15522660191789],[-82.26578073742162,46.148628995359516],[-82.16689315955486,46.1128254040422],[-82.06745974888459,46.11041351053431],[-81.97284694203249,46.090990008083836],[-81.78760145894336,46.09889761731551],[-81.79282973132837,46.061077899783],[-81.66628193015548,46.06644009062704],[-81.66112994274289,46.11467571658249],[-81.56175713019475,46.08963770097113],[-81.55133693389698,46.04865589740299],[-81.63516504363122,46.02636769871445],[-81.48436105900147,45.9695575130189],[-81.41720196013873,45.993476114320174],[-81.23370463416852,45.99286529076826],[-81.15559273820203,46.00156709129571],[-81.17531864926252,45.960785413531156],[-81.1244436527024,45.94519020212515],[-80.96624714670014,45.951866892184555],[-80.83257085637554,45.919966913871974],[-80.81158645043004,45.943812999727044],[-80.73896264327159,45.91628099703489],[-80.71454123699635,45.82186730227578],[-80.65351624470473,45.79328251410014],[-80.63967225648365,45.73511249437268],[-80.6011605309167,45.69187040746757],[-80.53444883246978,45.661059898042524],[-80.5307461332676,45.601584209467504],[-80.503577843003,45.559030402890684],[-80.38785475010286,45.57146571269597],[-80.39303585801878,45.453894013704705],[-80.3154345556079,45.42485990772819],[-80.29849835037987,45.35546001064621],[-80.23940515725937,45.35952600486054],[-80.20542424790058,45.393732794080414],[-80.07725415427066,45.40292520066843],[-80.03192683078,45.33150098962672],[-80.04251855077793,45.2913801064552],[-80.11554995170341,45.25390248980531],[-80.0435831461112,45.1785795950717],[-79.98371154703996,45.152206403668224],[-80.07220703313935,45.08217989068818],[-80.0089451362659,45.02851020126463],[-79.91453785770378,44.993013706481484]],[[-94.50369195589056,49.7731654398985],[-94.5710595569841,49.788354229028414],[-94.61175736848243,49.84036192554327],[-94.64217596439366,49.91137251862273],[-94.68418916961647,49.91107563564646],[-94.66920767365653,49.98504092055855],[-94.64322287319892,49.98762472544219],[-94.6128770449299,49.979622630334624],[-94.58668013931461,49.94182823158103],[-94.53422996506772,49.928565320922246],[-94.55252384267841,49.82567242488384],[-94.50369195589056,49.7731654398985]]],[[[-82.63902646854669,41.831966291398736],[-82.68246306178385,41.815828796635444],[-82.68605634814851,41.74485779238473],[-82.62060946292324,41.750600296346484],[-82.63902646854669,41.831966291398736]]],[[[-94.57924286855118,49.11171792032907],[-94.61620917247761,49.10311892529967],[-94.56152036872544,49.01206663799392],[-94.50283326982863,49.073209728872705],[-94.57924286855118,49.11171792032907]]],[[[-94.64630504551656,49.20925073085214],[-94.75045526074526,49.16855052252994],[-94.7030966488692,49.082573021574234],[-94.6750185571265,49.11260803865169],[-94.59690557803992,49.12320574224423],[-94.52476947687988,49.18131394198602],[-94.55943685448425,49.20501382796753],[-94.63545565437116,49.17796422386658],[-94.64630504551656,49.20925073085214]]],[[[-87.92454924091885,48.857921218508764],[-87.98485225167879,48.85523591167103],[-88.06874162869279,48.82158992487964],[-88.08460694327022,48.74106041117767],[-88.00920016025084,48.72352802075335],[-87.90018794446483,48.76293501324668],[-87.81886272899924,48.73917100675678],[-87.75940024478142,48.77543702691444],[-87.75406683362968,48.833703630211154],[-87.92454924091885,48.857921218508764]]],[[[-87.70016215496251,48.842752007355124],[-87.7476014314647,48.8103920111057],[-87.70055043085446,48.7376395293325],[-87.59617794996126,48.75152320795572],[-87.70016215496251,48.842752007355124]]],[[[-86.99482114947321,48.67690510938189],[-87.05728286423077,48.641374215005584],[-87.00374195496754,48.62022002213389],[-86.95860115220289,48.631709622262846],[-86.99482114947321,48.67690510938189]]],[[[-94.72609585614772,49.4255136219665],[-94.77164837402314,49.39983453241434],[-94.79035306919305,49.32927171992167],[-94.70731115926117,49.36180654043429],[-94.72609585614772,49.4255136219665]]],[[[-94.18893373957566,49.46849363478107],[-94.13953556610751,49.41554113861273],[-94.02988983601371,49.43229352824639],[-94.18893373957566,49.46849363478107]]],[[[-95.15243423411958,49.470103369208836],[-95.10207724509107,49.543510940723166],[-95.15385686173835,49.588969049228574],[-95.15243423411958,49.470103369208836]]],[[[-95.15346063941146,49.39807000784914],[-95.12876797665888,49.37187543959801],[-95.0153830414724,49.362628344517546],[-94.91110197305625,49.39561592654585],[-94.93686885635758,49.44558112584543],[-94.84976975822762,49.45512163664669],[-94.84523134149545,49.510364242643064],[-94.68549605852705,49.544773022584636],[-94.69011286451112,49.57643252031729],[-94.62644216012032,49.59818754346365],[-94.68065416335075,49.63730692853904],[-94.7343388475872,49.62912054210829],[-94.8682964754525,49.571595526821895],[-94.84606814932742,49.534108124335226],[-94.94265677153743,49.52509572591074],[-94.99524077064773,49.48125503104923],[-95.10963155206609,49.442637919448664],[-95.15267456301093,49.45203464780856],[-95.15346063941146,49.39807000784914]]],[[[-94.6555195401357,49.984139838886485],[-94.63941355990427,49.95969594307785],[-94.67996005988587,49.91764023522698],[-94.63971027017269,49.914240826300144],[-94.576609740062,49.871967840953936],[-94.55313784645513,49.92509343521648],[-94.60211575943922,49.9403477223907],[-94.61881877412688,49.966308527167214],[-94.6555195401357,49.984139838886485]]],[[[-76.64152615478021,44.191783088975654],[-76.80446214559844,44.13972719160045],[-76.76901655522005,44.10741969720217],[-76.70216545543629,44.11612389485686],[-76.64152615478021,44.191783088975654]]],[[[-76.1839315078102,44.238713304637585],[-76.30496962375163,44.22122531310288],[-76.33529691829669,44.23695439474485],[-76.43583901962776,44.210498683376976],[-76.5061747200617,44.16734997119978],[-76.45136289821946,44.13819561005531],[-76.43628172430986,44.10502859790854],[-76.3763888086531,44.133892509552595],[-76.36785009985682,44.197198284777286],[-76.24434755265384,44.206218000160405],[-76.1839315078102,44.238713304637585]]],[[[-76.20529151524761,44.30478880896541],[-76.2968882059849,44.29102860418974],[-76.29455370122827,44.24866839079893],[-76.20679099783813,44.2880094039513],[-76.20529151524761,44.30478880896541]]],[[[-77.06537974838615,44.17342569846964],[-77.23348453046314,44.13513898363981],[-77.32326444031726,44.096515493029955],[-77.32954534624776,44.141889700591335],[-77.49728614257204,44.10680638896922],[-77.6015905661976,44.03749508397553],[-77.57623792715592,43.982655397925456],[-77.48888274826015,43.925377483339204],[-77.4005921430299,43.935378704290166],[-77.31810962751511,43.95834839655529],[-77.25151004363192,43.942043191551605],[-77.2089298314509,43.855750390379775],[-77.1557410513542,43.838903391847765],[-77.04821874993112,43.88872570533634],[-76.93796146010581,43.921171289664464],[-77.0425874307335,43.94938388482976],[-76.9649824347367,44.0172891857085],[-77.08376643038515,44.04603809063644],[-77.06537974838615,44.17342569846964]]],[[[-80.06937543523684,45.343559608180435],[-80.10555285459951,45.31177610810642],[-80.1861534514512,45.327645991532556],[-80.22254175284526,45.2791380887467],[-80.19476434017616,45.24317480376759],[-80.08885553804116,45.28142559028391],[-80.04491665742341,45.31643401389361],[-80.06937543523684,45.343559608180435]]],[[[-80.23765313055121,44.883544107219315],[-80.24523463604928,44.83345280307906],[-80.18993063356844,44.80946150745278],[-80.1558728364198,44.82433869817859],[-80.17464605415701,44.87117931039068],[-80.23765313055121,44.883544107219315]]],[[[-81.70241712893139,45.53073190642794],[-81.82300363007218,45.49719761392287],[-81.79789226075712,45.441082007050106],[-81.7338337416356,45.473754401178965],[-81.70241712893139,45.53073190642794]]],[[[-83.35543605904874,45.99282750514359],[-83.40961023134554,45.98605281389566],[-83.48279775839704,45.90526911718009],[-83.35711944063122,45.84959581761048],[-83.26251384492994,45.908582110064124],[-83.26568605938031,45.95796200287735],[-83.32635286482832,45.960118901277745],[-83.35543605904874,45.99282750514359]]],[[[-81.93536234401897,45.98704239387001],[-82.05749363609155,45.957904897994894],[-82.1705200396633,45.87110791032284],[-82.23103615570645,45.94090159974004],[-82.2892422610688,45.92853139584094],[-82.2825323613859,45.98654341625336],[-82.49329935865673,45.945225797643886],[-82.51938794375597,45.90559410186884],[-82.58058114006836,45.89938150240189],[-82.57058605368631,45.95401830751883],[-82.69672774602596,45.95666139654852],[-82.7053162623919,45.89801090825121],[-82.59605145064847,45.882308197063],[-82.49663274021759,45.83700321567892],[-82.51215035827416,45.80708731099262],[-82.64443646294373,45.82703240763276],[-82.67227786486394,45.864602501037744],[-82.75053116028427,45.83130639778241],[-82.76826615763801,45.86802640265051],[-82.83685883915774,45.905457792642245],[-82.79885735372173,45.98219949679572],[-82.94495156483991,45.94008449629202],[-83.05734215291123,45.95781780731739],[-83.0811251406539,45.91368010550535],[-83.13706516433933,45.961079200658226],[-83.184031257347,45.95752660964336],[-83.2260361484487,45.90821879578131],[-83.21747443086214,45.873894401995436],[-83.10584135730726,45.86997801384742],[-83.06308114089755,45.83664571586157],[-83.00584424191157,45.84095929387151],[-82.95442844619235,45.81281410118844],[-82.87162383982161,45.79276149811985],[-82.82810363534104,45.80481691306347],[-82.75524005345994,45.776284116007155],[-82.67543414453449,45.784368215032295],[-82.6484932639951,45.760737009276795],[-82.53591283389866,45.75291840982414],[-82.48383965200944,45.70779219363525],[-82.33670334706551,45.691750993447314],[-82.31904806415247,45.669543803863505],[-82.19761014646369,45.6262365919879],[-82.07440743916628,45.554481101699565],[-81.93347894953479,45.609726316510404],[-81.84433273122701,45.68648829929836],[-81.79177662942517,45.659699798365374],[-81.87950514679076,45.60352100796549],[-81.94108774265659,45.59384001031853],[-81.99092105656958,45.554353701506514],[-81.84459403151699,45.51505130411404],[-81.78781575373895,45.54193891453536],[-81.70407296077565,45.642740413133915],[-81.64771264871942,45.68716069405148],[-81.58094565083772,45.77895031437781],[-81.70542496252384,45.7870522960002],[-81.64759664863513,45.86820290740515],[-81.72130845841465,45.866348399901135],[-81.78682904752571,45.782812411731534],[-81.8436011595371,45.79909479597781],[-81.81440555563263,45.863652792986436],[-81.87273324899323,45.887911008447695],[-81.90253294754746,45.976217907544594],[-81.92526483044918,45.98080629252169],[-81.93536234401897,45.98704239387001]]],[[[-81.15691893337684,46.00012519176241],[-81.23544225507855,45.991529713305844],[-81.36929595861855,45.99173291174638],[-81.28263484865239,45.951759106006264],[-81.19912933690327,45.95842310597073],[-81.15691893337684,46.00012519176241]]],[[[-85.74311385948005,47.79785621397255],[-85.85176354534076,47.79105862200652],[-85.94966683921487,47.745685204663786],[-85.95006514078379,47.71724690175591],[-85.78618115298404,47.71979630726383],[-85.69298445780096,47.70990971496327],[-85.60844534814588,47.7321120127331],[-85.63680004673004,47.76991031125742],[-85.74311385948005,47.79785621397255]]],[[[-83.94625865751273,46.317604203896366],[-84.10972674029139,46.27130349794508],[-84.07094585901471,46.19216311129338],[-83.99987113427898,46.15725690974753],[-83.94779195747557,46.06817849637462],[-83.89127956510801,46.08396411274338],[-83.8928813637001,46.115812514159124],[-83.79710266319951,46.170202507900996],[-83.840193059107,46.26456580438614],[-83.89390896343768,46.26167861012462],[-83.94625865751273,46.317604203896366]]],[[[-81.8184591547517,46.06312930265235],[-81.95239925458054,46.04385641056584],[-81.95189904986694,45.99966849634982],[-81.93540833883084,46.004331911722296],[-81.92373945998068,45.991547196082664],[-81.9232140339455,45.98247001263196],[-81.90483193180974,45.9802499013754],[-81.8998573489978,45.98795760665385],[-81.85688184680473,45.99769349271438],[-81.8106757409426,45.9782837015821],[-81.76663713709208,45.993897613314076],[-81.8184591547517,46.06312930265235]]],[[[-89.06987926517208,48.27303921181674],[-89.12004256835282,48.26842711540823],[-89.173882755356,48.234444318000975],[-89.11741063847532,48.2079851261672],[-89.03775865971026,48.23874781840609],[-89.06987926517208,48.27303921181674]]]],"type":"MultiPolygon"},"properties":{"geo_point_2d":{"lon":-86.0409603890758,"lat":50.45266757986579},"year":2021,"prov_code":["35"],"prov_name_en":["Ontario"],"prov_area_code":"CAN","prov_type":"province","prov_name_fr":"Ontario","name":"Ontario"}},{"type":"Feature","geometry":{"coordinates":[[[[-73.8640722106924,45.518517502870445],[-73.94004199842941,45.48914019442331],[-73.91221649742762,45.46811561087094],[-73.8640722106924,45.518517502870445]]],[[[-58.675823190751345,51.11353809044417],[-58.80612960361421,51.06148899922058],[-58.79931858819478,51.02511609544621],[-58.67645831953357,51.096537791888366],[-58.675823190751345,51.11353809044417]]],[[[-73.90016578769068,45.39524320127741],[-73.97870650638545,45.39879250919893],[-73.9919046126886,45.359439402176754],[-73.88759408613176,45.35355989001137],[-73.90016578769068,45.39524320127741]]],[[[-59.33209731883,50.64468559441453],[-59.38148970835361,50.64107680932183],[-59.36525872055765,50.54399179502425],[-59.296568021390534,50.554497498899096],[-59.33209731883,50.64468559441453]]],[[[-58.42021130090304,51.277072212773824],[-58.527453894543044,51.265140401876586],[-58.530464392511576,51.22423769524039],[-58.40301558318155,51.23462929952734],[-58.42021130090304,51.277072212773824]]],[[[-61.40898000766553,47.63104530169134],[-61.524698007820604,47.63155549285708],[-61.58857610018298,47.60228090644071],[-61.70782079418722,47.53157770963099],[-61.79253301077508,47.46716650337762],[-61.95679780254576,47.382513696684484],[-61.92617699880604,47.267407285524556],[-62.01271730337283,47.251418295659626],[-61.97044461263348,47.21164969478329],[-61.89613978203199,47.23753250590202],[-61.935948591435626,47.30826470441958],[-61.88131011786004,47.35017189307041],[-61.86988600558542,47.41060499343398],[-61.692398498000315,47.53826108781645],[-61.594432094286766,47.59717598658501],[-61.4133999961689,47.61367919250444],[-61.40898000766553,47.63104530169134]]],[[[-69.23754572462457,59.162542296301815],[-69.34657850586385,59.126574099635135],[-69.27272851619655,59.07482509518979],[-69.30881409243725,58.99569370123396],[-69.22494411684804,58.96218400925327],[-69.14627919831145,59.03911650260843],[-69.1853456038064,59.1476612876807],[-69.23754572462457,59.162542296301815]]],[[[-70.79688801664439,47.02338018985752],[-70.8436891882982,47.02460760315016],[-70.94456401898721,46.99263029535608],[-71.0189447135005,46.93595649969875],[-71.11922640617509,46.87708140594537],[-71.07822670357801,46.84887648706571],[-70.99865290539113,46.86235850167506],[-70.87921630995618,46.92705860778899],[-70.79688801664439,47.02338018985752]]],[[[-73.52913599936059,45.69797050333639],[-73.55354830446295,45.69958130233739],[-73.60341531638474,45.687885397503926],[-73.61300021701234,45.69153869660775],[-73.72601488870225,45.679178504733414],[-73.78894158689667,45.614609492988926],[-73.88117980734077,45.54793151199736],[-73.87334021724566,45.520575296574705],[-73.7671989106861,45.51262130790875],[-73.67270698569972,45.5631491938177],[-73.63564338037239,45.630767304338384],[-73.52913599936059,45.69797050333639]]],[[[-73.4782463094644,45.70101349100964],[-73.52063430734097,45.694966991582874],[-73.63341098919864,45.619666110182195],[-73.66434549233995,45.56434029966651],[-73.75752670478234,45.510591890911506],[-73.84590958717504,45.51654029607631],[-73.87759010442497,45.472725605194164],[-73.97518921146545,45.42868240790263],[-73.92119982172068,45.40358129140506],[-73.77389559919364,45.439276906947384],[-73.66903170445728,45.43099458887777],[-73.55307081749295,45.493097901719004],[-73.50412670860293,45.58777298912942],[-73.4782463094644,45.70101349100964]]],[[[-74.34347167173622,45.20540222323756],[-74.1917142932549,45.265060187290445],[-74.16313551119066,45.23581250961015],[-74.07975769593723,45.22279478729604],[-73.99530719924589,45.238715386081026],[-73.91757240718512,45.31861130894452],[-74.00467101043334,45.362560210943734],[-74.01362429454703,45.415297196256404],[-74.07250560587865,45.44245379923032],[-74.29306228987582,45.50272100838327],[-74.336498917907,45.49702109189096],[-74.3816022456462,45.56371276798373],[-74.47191127919496,45.30273420962676],[-74.34347167173622,45.20540222323756]]],[[[-62.687439020554734,49.64272509922589],[-62.76019218426372,49.65771040546776],[-62.85359730503824,49.701743307185446],[-62.92307339077725,49.706557502106875],[-63.084666387359356,49.76751160728674],[-63.381058400812655,49.826980085094476],[-63.678504585749415,49.85617550564646],[-63.74344218745904,49.87213720646589],[-63.870957911523256,49.8769274126745],[-63.96792501011899,49.913505201477435],[-64.07470951772302,49.92631829675555],[-64.14948311610253,49.95207719641145],[-64.306405503279,49.93923670725915],[-64.48808348366255,49.90312609405138],[-64.51474250806324,49.85726889471696],[-64.45167518672737,49.83742429444964],[-64.41645479754173,49.800403697205944],[-64.08654840388583,49.7142835140567],[-63.97845480391782,49.695980387505365],[-63.8255983898962,49.636752283227125],[-63.76986531373549,49.5898891973121],[-63.66014649896417,49.53602821168316],[-63.611184200693735,49.47477558684812],[-63.569144188025284,49.38985319038664],[-63.42650310733522,49.35717869258407],[-63.330420708308885,49.321300809252286],[-63.28903468526006,49.32094649296074],[-63.18212681224518,49.25813099903195],[-62.91910049618538,49.18889990488291],[-62.79427670308704,49.16538400646541],[-62.50094638925746,49.129593985016],[-62.28226171563853,49.07546409361067],[-62.07864388752179,49.075567407549364],[-61.95869727536444,49.06738330485931],[-61.913536084942855,49.07939750091423],[-61.827721785282606,49.06365679460803],[-61.7094523868614,49.102493094061316],[-61.6696041908441,49.1326932844448],[-61.71890699116451,49.196826891889884],[-61.82889419484258,49.2803678025623],[-61.8327840093219,49.313017413884616],[-61.895566319947086,49.35178379163238],[-62.135324078582684,49.4017556003147],[-62.17961940484276,49.3964229968815],[-62.25002178934112,49.42527588955008],[-62.253316491310294,49.45497429055277],[-62.34938100989054,49.49101529226522],[-62.39526548943744,49.48414980823415],[-62.51322671360884,49.588017906797965],[-62.6425785860441,49.62045330262166],[-62.687439020554734,49.64272509922589]]],[[[-66.75839977853362,48.0030438880968],[-66.67680199456925,48.01775808493087],[-66.53502477754301,48.05893810552181],[-66.49781049355482,48.10982510940161],[-66.44123081958105,48.12343010147229],[-66.34875999975334,48.10321179975604],[-66.28039510829285,48.06740969700692],[-66.25974590753917,48.105793291438445],[-66.17226399694115,48.1137113997831],[-66.09314991633597,48.0931256932942],[-65.93803301432327,48.20017079926634],[-65.8762768127602,48.17199149344658],[-65.8104275950585,48.12129470536589],[-65.72373088242715,48.11238339769314],[-65.58387659671273,48.072305111366695],[-65.53422499298064,48.067851785942196],[-65.44790191219404,48.00373659407638],[-65.31930590409667,48.00479770942903],[-65.16831659523258,48.042796789303],[-65.11932031122998,48.07416530156658],[-64.96227011926375,48.144718490685605],[-64.93488559481308,48.177087800670996],[-64.79204441256333,48.20085240533641],[-64.67267419084115,48.346779490312564],[-64.58139051147126,48.37531899084193],[-64.38906270664476,48.41682799706458],[-64.32084850474253,48.41630139904238],[-64.30852011551197,48.472043004435825],[-64.22842779810307,48.50139938934507],[-64.21216580237414,48.526803091095054],[-64.28869540445281,48.55254688758853],[-64.29991689330276,48.61661909568664],[-64.18177001616145,48.643136000159735],[-64.23614001877033,48.668419091175664],[-64.2620570898392,48.70655360653304],[-64.37385911054086,48.767030588462],[-64.40852638480847,48.817731299705144],[-64.37526029963698,48.84940109613932],[-64.24258658708729,48.80479070674663],[-64.21237808754336,48.87334630559026],[-64.27888858950216,48.927379600601476],[-64.47337399687173,49.05310280109576],[-64.6026239852169,49.109220305477585],[-64.74659691543013,49.14136730574667],[-64.85087229143554,49.187239091781294],[-64.9268424078657,49.20546309737844],[-65.1080102176056,49.22937239466443],[-65.28078130173932,49.23409810529556],[-65.3257955052295,49.251329786910276],[-65.55521710820113,49.25684499050206],[-65.74644140490359,49.239022706532545],[-65.81336608986628,49.22289420426644],[-65.96508390040749,49.22766110095315],[-66.08709329796879,49.216629389093],[-66.32986131377336,49.17871429911843],[-66.43263018222177,49.15454789707251],[-66.47793609580546,49.130263293077604],[-66.74138710002353,49.08930010602041],[-66.81395629165966,49.05258660807927],[-66.91084800903567,49.03346339858577],[-66.96257060141562,49.00591870279505],[-67.16171649842408,48.94207790849413],[-67.3687400115918,48.898820000275215],[-67.45835988775112,48.86170970696667],[-67.5353508000061,48.853546005265855],[-67.59802808845086,48.819884307622175],[-67.83363630620627,48.750509698607566],[-67.95665721370186,48.68684629981333],[-68.05558209920329,48.67452229972654],[-68.12586089902027,48.63207229432331],[-68.18276781250839,48.63419530461623],[-68.3559899965334,48.54761600138797],[-68.4465957899306,48.52643689720937],[-68.53944969992453,48.44544619247397],[-68.57884279199924,48.44351870003195],[-68.68105179470217,48.39677120094497],[-68.95269867766402,48.290524207187865],[-69.20277201273755,48.12364799407881],[-69.2290390842422,48.09573469674203],[-69.35887659768646,48.01922238527257],[-69.44420678016893,47.98923170635024],[-69.54928719050652,47.87796739541789],[-69.55071961752041,47.84419469622576],[-69.64779718880258,47.73199818562925],[-69.70697910017728,47.69967158587986],[-69.77909309630036,47.620261894095286],[-69.85643970278251,47.58053149195486],[-69.89847099002695,47.529900592956615],[-69.93869989819736,47.52747800006189],[-70.03364798897624,47.468624298986796],[-70.05742828528653,47.4313697056358],[-70.05332209379608,47.376103802091635],[-70.11167518096724,47.33204940302639],[-70.19255968125312,47.30944610020465],[-70.23432779739882,47.2486951067306],[-70.31664210330545,47.161480694572965],[-70.45377720432063,47.06360789351937],[-70.47462150558401,47.02757649810015],[-70.5476705187563,46.98910229247969],[-70.61787551368523,46.98351900580583],[-70.71221379045133,46.935262583466304],[-70.79506130041115,46.91616908726957],[-70.84117908986549,46.88443719615206],[-70.92538141273158,46.8748801982988],[-70.98737308721344,46.83480640329742],[-71.16261220893522,46.83227970119323],[-71.20375550484805,46.77766869474695],[-71.25029808503,46.75232690061646],[-71.39833949766006,46.704388500118355],[-71.44846678568118,46.70218449307571],[-71.64311198895594,46.637320701567525],[-71.77758971401195,46.629933105633725],[-71.8642288923744,46.6657923891606],[-71.95840049292015,46.61087480618161],[-72.01237409358147,46.563939610533644],[-72.10628379655266,46.56065090844309],[-72.20688948190437,46.50668150666898],[-72.23528610805386,46.429507789487744],[-72.3317061002536,46.39650658946422],[-72.44745448918945,46.37619949787745],[-72.56038640661015,46.29530911308053],[-72.66788211457413,46.24070979680762],[-72.66835758660076,46.19377419460531],[-72.80213800241377,46.13871430181403],[-72.87293830338616,46.13057700318397],[-72.94113051368484,46.08524159794081],[-73.01693650693072,46.06218438686193],[-73.14109111475729,46.04685999255954],[-73.20347021092171,45.94892849478408],[-73.23046051566828,45.86510890015533],[-73.4325774890984,45.71492468547219],[-73.46204870514539,45.593435709249476],[-73.52323820593547,45.533285899211236],[-73.49107929928073,45.43147020419453],[-73.5269135121886,45.40044939821971],[-73.6850165919195,45.41434939142235],[-73.76195269834227,45.39965719158871],[-73.82122331660814,45.332510998271616],[-73.89157820301654,45.31682258812006],[-73.96348470950264,45.247478802550695],[-74.04931000536666,45.21466641152626],[-74.1576158007175,45.22435290525848],[-74.22298418567469,45.175534607460335],[-74.29473170200625,45.172969997356546],[-74.40606360797014,45.12709209060252],[-74.40683670330897,45.09885590029396],[-74.48409388574204,45.03698630347931],[-74.51266679753864,45.03929218844576],[-74.62535527017104,44.99942620457471],[-74.33085304587804,44.99183530900978],[-74.15005184263693,44.99114316673475],[-73.85833192671338,45.00176600995879],[-73.65154034928037,45.00264346521517],[-73.19079999364651,45.01415219332634],[-73.1485166992495,45.08411519186947],[-73.07700569961852,45.05759539849535],[-73.09080014326703,45.01532729022429],[-72.63461726255494,45.01472302207333],[-72.55540163827493,45.00806034695758],[-72.25537344448894,45.00442512560051],[-71.91409489684798,45.007668638294604],[-71.50528453221291,45.013399862423505],[-71.49609468662955,45.06442859945245],[-71.42964618099857,45.12238630637778],[-71.39745409586732,45.202988288514234],[-71.35930422869367,45.25049749716818],[-71.2856102957103,45.300547758573536],[-71.22999426987012,45.24946459041982],[-71.13323908523431,45.244491491470235],[-71.09756368165804,45.30183190624744],[-70.9536340419513,45.3389187726381],[-70.91890303497688,45.312538205205],[-70.89848283643373,45.24370951664685],[-70.81446414599695,45.29973962126422],[-70.8021287298381,45.36670736002631],[-70.82524714257214,45.40005699072418],[-70.75682077059945,45.42860350796254],[-70.73027579361604,45.39929004509688],[-70.63703240404404,45.38228111427357],[-70.62817208547584,45.42126787170153],[-70.71751212727739,45.48941935379126],[-70.68965399570817,45.56188634613553],[-70.64500932625886,45.60670466185981],[-70.46627485987455,45.70602489859252],[-70.40022357070578,45.71999543810782],[-70.38814654649117,45.75140403776807],[-70.41707897191371,45.7951413647995],[-70.34195260462496,45.85279117452356],[-70.28434840926658,45.87179097198825],[-70.24021456810429,45.93967365056751],[-70.31210761555776,45.96206316568851],[-70.31759532710312,46.019674396062264],[-70.29012582099429,46.093886235470706],[-70.23715008268472,46.14482510296677],[-70.29030221985427,46.18512629468709],[-70.20908428708421,46.32926419506641],[-70.14814878366565,46.35906230098671],[-70.08941231129259,46.41098641083847],[-70.05726379629684,46.415121989023355],[-69.99708279571743,46.695831403848324],[-69.73434626477673,46.958837119749575],[-69.2240215866807,47.45944995944786],[-69.17815050761614,47.45723010404335],[-69.03311328765449,47.405663887210935],[-69.05056980576961,47.373206903515836],[-69.05037781395048,47.30019816346965],[-68.79962823559441,47.348941930571385],[-68.56810700723031,47.427146239806476],[-68.3835493349052,47.553092289961945],[-68.38233418321057,47.91611694458255],[-68.12279292973592,47.916442194806784],[-68.1225919675492,47.999745807571536],[-67.59800572548315,47.99981590445288],[-67.60808306170725,47.9368060769919],[-67.51252741584386,47.913713052642734],[-67.38079918029922,47.854215092292954],[-67.33827197681501,47.88815737470928],[-67.2170506744609,47.877362083775964],[-67.13751563961011,47.89463572930415],[-67.05896192791164,47.93561522081635],[-66.97591365740358,47.89265922885871],[-66.9608708633886,47.94689358330541],[-66.92127085596367,47.984605090094306],[-66.85308608276506,48.00144983233871],[-66.75839977853362,48.0030438880968]]],[[[-74.38405536497288,45.56714922179836],[-74.30080670591802,45.522751598005684],[-74.1793148949453,45.528298892437675],[-74.11615491695625,45.46555080247641],[-74.0537157068501,45.45822190914198],[-73.89195730206127,45.53051008726064],[-73.88611021484604,45.56101649569065],[-73.84139470582204,45.58268289302246],[-73.72769611017408,45.682270514058416],[-73.68706830624774,45.69456370300734],[-73.5956026001102,45.69146461126945],[-73.55516828652632,45.70165908896718],[-73.5284827140701,45.7011199960247],[-73.47336098598441,45.71242209230138],[-73.36719569501774,45.818551486290445],[-73.2851293090272,45.8695347119805],[-73.19148220299589,45.98935939292343],[-73.17740068301991,46.07572450404494],[-73.15372060381911,46.105994710368186],[-73.06813770247155,46.151014602634966],[-72.99092250378064,46.168493595784305],[-72.98554021675452,46.20268660229632],[-72.9001164877204,46.23758469132036],[-72.72946628000554,46.29135520497491],[-72.6660329929491,46.277153291062845],[-72.57766259203294,46.30381720226033],[-72.46535669222023,46.39190090818333],[-72.33681312148721,46.44132809317211],[-72.26210908745824,46.45741330831215],[-72.21754830670858,46.54544329555998],[-72.14370321246963,46.57850078898196],[-72.04748789959669,46.585461611717626],[-71.92521050796432,46.65252539862568],[-71.8990562015134,46.68198869331644],[-71.84356491091026,46.692046403180385],[-71.78901858643499,46.669588490618594],[-71.6929156015638,46.667617096941335],[-71.61007998053064,46.697995800801415],[-71.34712110027392,46.74660409333399],[-71.29311721894067,46.74815159562112],[-71.24183610103674,46.77380269693154],[-71.14372399439424,46.885051906574276],[-71.0730847945985,46.920179792098835],[-70.95069708807561,47.0121458005138],[-70.88023250374995,47.04087388908237],[-70.8059064963104,47.04993969484957],[-70.71589211406011,47.10840249388329],[-70.58630382134704,47.25475479522285],[-70.55120529895767,47.33052779830796],[-70.50178780917192,47.37815249351124],[-70.5034326144654,47.418514906956446],[-70.23394689245244,47.487857289875336],[-70.2031948882604,47.52379888862479],[-70.19934391677968,47.579523192990486],[-70.12671829747781,47.65065010436878],[-69.97911698505175,47.7159723929998],[-69.95808680163599,47.75428340838217],[-69.90555170724498,47.77023220772242],[-69.86782390363287,47.85893550149649],[-69.80149937975231,47.91904070728099],[-69.76202450546724,48.004710500352346],[-69.7590223195545,48.06269669673872],[-69.56606031405504,48.227002909558394],[-69.42541661983412,48.300408700190424],[-69.40364709428543,48.35320578556218],[-69.32151490303255,48.413697408713524],[-69.29000210634683,48.45837650192367],[-69.2829673903165,48.5110878974255],[-69.23051088532446,48.57296599436538],[-69.15037440040273,48.56324950367526],[-69.08532051493391,48.63653309864871],[-69.08518339632033,48.691870200481716],[-69.05134840961102,48.77261780760858],[-68.97937739220176,48.770833403153404],[-68.93778958866372,48.818198603185685],[-68.85048988907461,48.83938199946624],[-68.78531137823687,48.892118203839416],[-68.69862822323094,48.90432049300058],[-68.63427608896843,48.94277919295068],[-68.63587680237374,49.004852604570424],[-68.60593221245556,49.04150269826777],[-68.52480419917184,49.07370930951962],[-68.4602286001275,49.04276209294423],[-68.3967390055634,49.04647448686338],[-68.30342588031621,49.09422179921773],[-68.19289459023966,49.09855330981457],[-68.18071310558557,49.151116800917016],[-68.25262508971738,49.18677649539405],[-68.14423448592618,49.203088290329326],[-68.12699510536241,49.271257394368845],[-67.89926637792873,49.29189040640619],[-67.82226881146163,49.26977531414228],[-67.7715508984513,49.29818700954843],[-67.67221429717745,49.30045499067912],[-67.59497558465766,49.32155059378116],[-67.4067371886801,49.317865192066286],[-67.36639480402002,49.327006791330454],[-67.3094739795309,49.388461805559196],[-67.30300288687292,49.418638092891214],[-67.23923351679497,49.45874320437413],[-67.23516269188242,49.5945327054624],[-67.16600580857303,49.67007509345113],[-67.16520587406269,49.77645490609587],[-67.0890124795342,49.84776560326303],[-67.02144848228897,49.841877505888036],[-66.97316181288495,49.95300190729879],[-66.93332778526509,49.99859870598988],[-66.83473820203288,50.02576889854529],[-66.74038769505442,50.0382813043845],[-66.69979320257082,50.10863580277817],[-66.51523189934879,50.16030230000516],[-66.52866129400402,50.23035858637195],[-66.45428018619113,50.26983180631729],[-66.41441549376513,50.26595969158681],[-66.36789970864716,50.187884905236146],[-66.26100592467762,50.21215879393453],[-66.15074007866346,50.1896025997885],[-66.11354000399584,50.212902111445466],[-66.05228872339131,50.20935859545738],[-65.99322859742976,50.27248740186054],[-65.91501789424234,50.284444501904716],[-65.8191980814368,50.25031649564625],[-65.5657785916435,50.27164569889937],[-65.3503944094845,50.30390991348069],[-65.2426121123167,50.30228369075248],[-65.18565907765613,50.28551460122713],[-65.02339280399892,50.28105391166905],[-64.95873361683446,50.263219205783486],[-64.54243320552852,50.28430130543547],[-64.48482130389037,50.31554239205306],[-64.42232110842531,50.31691999765643],[-64.3405142974299,50.28317458527699],[-64.16609549890771,50.25552590269053],[-64.08611639937098,50.29133138624246],[-63.816609887148566,50.30246709041273],[-63.7866690142774,50.28360389686607],[-63.70224990361452,50.283702589036864],[-63.687849189057154,50.25174730004963],[-63.60748847958799,50.236502301427635],[-63.52609268888327,50.2573736008513],[-63.40060790424866,50.20156020076564],[-63.364337321447195,50.234146496143765],[-63.292348212266276,50.22442940100277],[-63.17316140718502,50.24115711438214],[-63.163400993244466,50.2868473991697],[-63.068576710540974,50.27605250920151],[-63.01207028895528,50.308620108024485],[-62.945535903730025,50.27459198776806],[-62.74116190428837,50.27732289565522],[-62.46090349536489,50.25304019723692],[-62.399192789059114,50.28538069612591],[-62.22422750985256,50.23414851222539],[-62.15294118969441,50.23570369333999],[-61.99869691040495,50.2124619125695],[-61.96568552342069,50.231048597507105],[-61.871415080139904,50.22267590324595],[-61.805287487333494,50.15755720763981],[-61.80951729003484,50.129880200783624],[-61.73374340110184,50.08547908681715],[-61.664898002527835,50.099030095890306],[-61.41733170799839,50.1736723080062],[-61.257421502417486,50.196807296544584],[-61.13314980353529,50.18112450261103],[-61.087458299054326,50.24160709660755],[-61.00441181454449,50.2058668068277],[-60.88600859343502,50.21108270632972],[-60.849408876494834,50.23092470090704],[-60.79163199213763,50.20349650709069],[-60.76202339238517,50.23582419425358],[-60.67954338192997,50.21197500482813],[-60.55466770248608,50.208103993816955],[-60.479691087295805,50.24133979186078],[-60.43950840898707,50.22876980272695],[-60.30671431321948,50.2423805936509],[-60.24910911411219,50.225059791867565],[-60.21257479280575,50.27123598560634],[-60.151154907655645,50.21563769748963],[-60.01533377692645,50.26151970270735],[-59.92577151931707,50.27472829105042],[-59.853314812787225,50.31411359023885],[-59.883112292336016,50.37268290682544],[-59.73678168995399,50.450818407367166],[-59.58031599398913,50.47484450195663],[-59.560398792310615,50.522256805318285],[-59.47570988407271,50.57624949973855],[-59.45162350806713,50.62321820218619],[-59.332727686373715,50.66195188894982],[-59.31137399686397,50.69751598355835],[-59.256204883736984,50.71035659176552],[-59.12755879699212,50.792257490247145],[-59.03695869786647,50.74572669539592],[-58.96032660202927,50.819153612587066],[-58.985097113127644,50.85530140294312],[-58.9513234892983,50.87892798935934],[-58.96986381031336,50.95340889321126],[-58.94077759115853,51.04120938579273],[-58.89559460217665,50.98492389550844],[-58.82332350053036,51.03742201012961],[-58.846184009125,51.066681207360915],[-58.73855110738244,51.09176189410671],[-58.63107228288176,51.14172540569731],[-58.59208138771608,51.231747608816576],[-58.48772518345517,51.300291304052465],[-58.333546287323344,51.27616309087444],[-58.2605566949789,51.2918938100258],[-58.23238932239574,51.263911800475576],[-58.033953695324236,51.30370659605731],[-57.89102960293771,51.368924805140885],[-57.86221670914287,51.3971237978342],[-57.7780149862767,51.40851929721611],[-57.74643949753778,51.46249008632094],[-57.64733140238334,51.42767870587335],[-57.52251629378521,51.443730292348704],[-57.49642840748579,51.464428315285566],[-57.25889571182646,51.49883180818028],[-57.2075743076669,51.41136600108088],[-57.10854297508447,51.4156349019791],[-57.105486400084814,51.65645137223018],[-57.10775937302653,51.99849477110782],[-57.96473498778437,51.99644928338521],[-59.03440954986023,51.996981120695516],[-60.201707304927524,51.99723227884213],[-61.12988609220393,51.99624936949322],[-61.80652165858114,51.995808708099396],[-62.84418228921095,51.99695712266391],[-63.80146264007738,51.99784367602029],[-63.841138362287026,52.056498274560596],[-63.70799419081444,52.09333439853794],[-63.6907707086418,52.12302059756724],[-63.771677887730526,52.282775402710115],[-63.76811901579947,52.32788740582927],[-63.861039004577144,52.31905299195999],[-64.01456000775413,52.363727093224476],[-64.0259201317888,52.405781067858484],[-64.08970026738562,52.44592801519979],[-64.0876772339689,52.50651419282402],[-64.01573751885846,52.5771431352277],[-63.850401712289944,52.62584990762855],[-63.71645749677328,52.6309335065065],[-63.5972733945656,52.64794530507377],[-63.44416290522647,52.64469539413101],[-63.380686135727295,52.66517594433767],[-63.459324988803424,52.71791360973031],[-63.526349961148654,52.72537495261298],[-63.57586122238471,52.7609640593984],[-63.59974758284214,52.82431890829478],[-63.71953941973379,52.79896928229944],[-63.81897527219238,52.7585304813811],[-63.87294126566896,52.77396224550169],[-63.937417232989795,52.73102429407923],[-64.03727482876485,52.738244709499725],[-64.13738239377409,52.729235080560436],[-64.15455037296262,52.603432573168746],[-64.21112116115962,52.57360150214531],[-64.15194855237867,52.51992314422104],[-64.10922908846793,52.39405671795699],[-64.16742499446804,52.3615415800001],[-64.18005280912404,52.30641337479562],[-64.22558327050952,52.30250422199113],[-64.20069285933124,52.17701634808122],[-64.16079744789057,52.14601072803858],[-64.25385294113427,52.121483271322916],[-64.27937834984333,52.037560545670395],[-64.23395175106799,51.990904412373496],[-64.34169224167768,51.98590031528569],[-64.35270342515058,51.849275942473206],[-64.30245518757613,51.8036436155518],[-64.27828931705315,51.746378548894555],[-64.33712520635058,51.66529480197982],[-64.41733164065795,51.67495526974499],[-64.45663670020923,51.62681936773461],[-64.55435579303524,51.57580471165049],[-64.65354781586642,51.701533640297896],[-64.77309872743442,51.753135225082595],[-64.92467534496275,51.77785845882876],[-64.93070578649217,51.71426156427444],[-65.04921692255968,51.76964739820456],[-65.08258584571358,51.74619863812037],[-65.18606374724534,51.77560635869889],[-65.21018477621415,51.812928233891995],[-65.3975699705507,51.89084734860462],[-65.35477939591082,51.94273797338641],[-65.41229096162812,51.971311258936225],[-65.53066908843618,52.07080016113589],[-65.54844953117714,52.0389336097207],[-65.67991005155935,52.04150752952787],[-65.64856187220113,52.08092072973256],[-65.68656646290691,52.10375477817774],[-65.8769889984293,52.110405411756055],[-65.95478012925317,52.0998788385193],[-65.97040149108904,52.05650258191907],[-66.09636477143799,52.107808372161706],[-66.07716232326356,52.162262732513575],[-66.16002166188565,52.231653248441916],[-66.20835924411443,52.234093129464355],[-66.24964732384427,52.27398367878305],[-66.31256915131024,52.28551795314289],[-66.26411703867227,52.16518140764675],[-66.33011323811255,52.135934659862016],[-66.490517254524,52.34163746277943],[-66.37018806908631,52.35394067639671],[-66.34171210641925,52.39721029641886],[-66.3908067153063,52.46593752919585],[-66.35558376464459,52.47322058085844],[-66.37467289157588,52.572750996246754],[-66.44027591727198,52.636400426381],[-66.38865738287349,52.68228420089431],[-66.30930252235642,52.60459012162684],[-66.27738007263073,52.634449744414624],[-66.33877266814754,52.68461678293071],[-66.30833176111877,52.72859107462417],[-66.35417960033894,52.80255854760868],[-66.41388278172144,52.848673944545126],[-66.37942045284989,52.87746819382016],[-66.29462932391655,52.860120140980854],[-66.26085965710789,52.874311881485994],[-66.32195414162356,52.93893308962315],[-66.36077104399035,53.014390366065875],[-66.43183464116751,53.04820259590483],[-66.50700827762408,52.950123042565565],[-66.57699597268972,52.936786870959104],[-66.62555377300109,52.95424326297528],[-66.66369843112686,52.88546428308094],[-66.6460623787694,52.788923467315264],[-66.75374631367237,52.7514881015793],[-66.77212673750859,52.69620359776043],[-66.8537000064893,52.72114481743216],[-66.89446011479117,52.6766617052933],[-66.9492652416089,52.75958268545501],[-67.03430408222634,52.747015631036774],[-67.0670067430582,52.775116248014484],[-67.04767168770934,52.837240206554],[-67.0742522290774,52.8754518088747],[-67.22747230011214,52.84177083297917],[-67.26853269607506,52.87771071402028],[-67.31682445995878,52.87544767915729],[-67.3557429004979,52.928627776627444],[-67.33266569926167,52.95981815403835],[-67.38078607912082,53.04625595871639],[-67.39233682881711,53.120855037052124],[-67.28721460264697,53.143921347402575],[-67.15422798034209,53.147225479978225],[-67.0416076097505,53.076072140466174],[-66.98442990896541,53.0879093002235],[-67.00613301330031,53.16847525519697],[-66.97806167144282,53.21326331213169],[-66.95841549869498,53.30645033447249],[-67.02705061694586,53.33464612674629],[-66.96610332272266,53.36462176109501],[-66.9244478602815,53.41866087699662],[-66.94452408696193,53.476053398182046],[-66.99629644456509,53.4846175177956],[-67.03030823871111,53.526737052800016],[-67.15768545007103,53.537633609041066],[-67.2187690594473,53.530340335188306],[-67.25740588112616,53.55738857481782],[-67.3947309229372,53.614654306131875],[-67.39684971288088,53.682879300543846],[-67.50631906432262,53.71906153276434],[-67.50000001395144,53.75726735018599],[-67.59221902859267,53.75749782307819],[-67.49960831515851,53.82685640376814],[-67.57148974325086,53.84556676129142],[-67.69983932893398,53.97660448226315],[-67.82168528783716,54.02570234616541],[-67.76183525767149,54.08604609211911],[-67.81025241624559,54.12813290873359],[-67.76503657165446,54.157000191873024],[-67.67532197374621,54.15876122099198],[-67.62830265204519,54.21275146445889],[-67.6773303985213,54.241680311838834],[-67.67636616713064,54.318524301813696],[-67.74803672392058,54.350260854735275],[-67.72469836607272,54.38685578639757],[-67.77639035065485,54.43527984807117],[-67.66781166996971,54.45384196291199],[-67.58165785494276,54.494108526966585],[-67.50040551931595,54.48150655308848],[-67.47311297794546,54.52010192146164],[-67.52688242248279,54.57095109601388],[-67.42902526183448,54.56923438471434],[-67.34923525257977,54.51699195129938],[-67.24494465165402,54.500033909070424],[-67.2778218103345,54.54870729130431],[-67.23117571894657,54.587566925329575],[-67.13855100997505,54.62453865894296],[-67.12900346539969,54.65771941771973],[-67.06290081383625,54.69293310928887],[-67.21341853149072,54.792748813360454],[-67.3997556735087,54.95785895772487],[-67.44587182125615,55.008503827248106],[-67.46370387188513,55.06285691634416],[-67.40963252886479,55.088633236541135],[-67.3228378675449,55.08906531354925],[-67.24373025697305,55.059635448814156],[-67.25748460893826,55.02127419434313],[-67.05651050443002,54.89493770818367],[-67.03985465863325,54.86808149337686],[-66.9478466706573,54.822310512761355],[-66.87566332704104,54.81600960732942],[-66.81271745032228,54.779397239969185],[-66.7180945295466,54.7607822635955],[-66.65942839757625,54.770217773647744],[-66.60265109790276,54.813506309815814],[-66.68140817898811,54.92366778410438],[-66.74222369831433,54.969480208716234],[-66.68601355335636,55.000053790921456],[-66.73503765266271,55.044052675736225],[-66.75494165324709,55.113571289171034],[-66.74890041761888,55.21569894170714],[-66.70723085962825,55.22712308681151],[-66.82372582244592,55.30696976374922],[-66.77846228213846,55.35238815066653],[-66.6969401825879,55.30532309122296],[-66.66977348310908,55.269444730716664],[-66.6027926279335,55.268981382467274],[-66.49533797570756,55.205106901559624],[-66.46642624676335,55.16026240786191],[-66.35499499954712,55.08320920244452],[-66.26028384134506,55.00018264607144],[-66.14358133203663,54.982298787688435],[-66.06449035563683,54.92906844130081],[-66.0233958875784,54.94195334217528],[-65.84984542374205,54.92721087551539],[-65.83831487531373,54.836527530358964],[-65.77742521960042,54.80280964812],[-65.69011531218322,54.711527016453694],[-65.59255370118129,54.74303600820151],[-65.4555303192738,54.72858324513833],[-65.43461979700547,54.78418346205378],[-65.48665520479906,54.82006872612129],[-65.45633571470373,54.849242332854196],[-65.3558396519565,54.8187614005234],[-65.32569525615524,54.848678011865026],[-65.20962312342736,54.84795777853162],[-65.17289287484533,54.93360432045587],[-65.1264493458109,54.96147803589444],[-65.00956061616117,54.930964232645564],[-64.97190055880166,54.937395575316586],[-64.74787483144868,54.813994294434856],[-64.77808689303954,54.73346877362668],[-64.67996837457085,54.73571255205684],[-64.5568824726058,54.71366228136659],[-64.48606927192374,54.79343557090001],[-64.39747458248125,54.79049295214166],[-64.2945278471342,54.753273762394805],[-64.14184981278441,54.66695739894683],[-64.05427717774674,54.600908292009635],[-63.97442253623767,54.62012023538392],[-63.91143915535153,54.604248672376826],[-63.813377233290026,54.65078580214048],[-63.74275793200023,54.626399289256504],[-63.802959712644196,54.72564206588213],[-63.88974123488427,54.76835877319335],[-63.90366439109225,54.8010780140978],[-63.817161538485294,54.816921864181424],[-63.84903211346948,54.862611283811454],[-63.820518333412025,54.94795810262246],[-63.75190029630165,54.94230884124769],[-63.66128281597723,54.89995248827897],[-63.604529659059,54.926251537419866],[-63.5575345195891,54.98993784907844],[-63.55639199955408,55.0344439118576],[-63.6113668648729,55.09080377555252],[-63.541549972798165,55.16009783880127],[-63.562918355717166,55.187616378369434],[-63.43187119056684,55.21134265553339],[-63.462635608228915,55.25526469408065],[-63.54741047274326,55.22546900280555],[-63.679475057745584,55.26688687858651],[-63.54206390302313,55.30966719394926],[-63.55192238432154,55.34488735558102],[-63.442249580073565,55.3440597306336],[-63.32484869471232,55.366046934579686],[-63.31978689370605,55.41180634521606],[-63.39303829326324,55.40478095938494],[-63.47856669858362,55.42920555834556],[-63.66539705173987,55.423050567059576],[-63.7367067078295,55.4382392864914],[-63.77547135873151,55.48170900854398],[-63.691482710595274,55.50871130632413],[-63.66547280641559,55.545987582797004],[-63.715982406032175,55.65767367543864],[-63.72513866035261,55.72663791416979],[-63.674200580504454,55.75932511027675],[-63.77702275380435,55.801478760280155],[-63.77361258117025,55.85605402433141],[-63.84509869500487,55.87907340510645],[-63.792582799435856,55.93146170618771],[-63.73394189701059,55.928018481211105],[-63.495771826637636,56.04001295678505],[-63.63672129297576,56.023522706647356],[-63.7312628053571,56.070152374604326],[-63.811050638184305,56.08463485912544],[-63.883694707046374,56.13703238623363],[-63.95308818710666,56.088227135284065],[-64.00213330872567,56.10273030724322],[-64.03596331636508,56.15488104129005],[-63.862933859589205,56.21258888190057],[-63.96710988016478,56.25639668296741],[-64.09049584957528,56.27989780426957],[-64.14343811378845,56.31196638975456],[-64.09935213338552,56.35191260354848],[-64.15274016987475,56.441112115895194],[-63.99301597801737,56.408211267669564],[-63.87291654312885,56.44897044110451],[-63.930632407097825,56.466207039565234],[-63.931062987395116,56.53375754935282],[-64.05046139806541,56.60634805647873],[-64.14531439704675,56.699754842161674],[-64.0789073395068,56.767003172283886],[-64.01275954499667,56.77867686156964],[-64.01297796071799,56.84984641745916],[-63.86739598819575,56.88337611079523],[-63.90809982896801,56.92752110326075],[-63.890083399987105,57.08608305827391],[-63.82014840874263,57.07549891031786],[-63.76488551051016,57.139925626304986],[-63.77098500023759,57.19601831201832],[-63.74146685661865,57.24076556847333],[-63.88337348279587,57.27762095872793],[-63.8558207767734,57.3343012153541],[-63.70130115943708,57.36833358111981],[-63.71030551023812,57.42263000297795],[-63.76126085945224,57.439331667754324],[-63.775221383538046,57.493572793897506],[-63.7511686063813,57.53574357160712],[-63.771915905788845,57.59244977074562],[-63.64995148741668,57.62006388937274],[-63.59872732435334,57.663840479554906],[-63.59677043641648,57.741247649493175],[-63.73529089840828,57.66280188019248],[-63.84747641907514,57.719022896915945],[-63.88342166302708,57.71260734436652],[-63.938596251969365,57.788551008127236],[-63.99724891398008,57.81207869020622],[-64.0720012898919,57.77002034236651],[-64.11667541154297,57.81113939766333],[-64.20466183561564,57.973629708588035],[-64.25096032508513,58.038718517532324],[-64.32050780215712,58.061487992308905],[-64.43309144126563,58.06990809208814],[-64.42173251779283,58.18667366547527],[-64.37356281601824,58.20838059593819],[-64.2475038210887,58.22742144140328],[-64.21777697694851,58.24773219887706],[-64.1722226707748,58.36187326627799],[-64.02253893429672,58.371019214747584],[-63.98657855132683,58.444357917491025],[-63.88111327541047,58.42943966042053],[-63.80785005026218,58.48974610198626],[-63.85869189961322,58.50451440696383],[-63.8581940632493,58.563797645892095],[-63.90736607221556,58.573492087107766],[-63.97357898669371,58.5296360838651],[-64.04693980752263,58.53507082876411],[-64.10494346753934,58.56323000764648],[-64.10792673389919,58.63965068628652],[-64.04722219126617,58.702628470469975],[-63.950253770061344,58.68524732825852],[-63.75437387348044,58.71673706044477],[-63.61928353160698,58.723860621450214],[-63.50679394948564,58.74257462781697],[-63.49215735582833,58.76854521262184],[-63.550785079865854,58.836550115192196],[-63.59534114419343,58.85717575946993],[-63.77768332719769,58.88405875868581],[-63.81213795872447,58.847062793496],[-64.04533757307192,58.81035037223553],[-64.06970878391,58.769086194356284],[-64.13779286316347,58.74616687480794],[-64.17878497502736,58.78903958947179],[-64.22970456845457,58.78364847472232],[-64.23365670918045,58.86411334399771],[-64.33254016408814,58.9045627597216],[-64.45580099018336,58.90821667067834],[-64.55018251993614,58.88745542874673],[-64.65165020089819,58.94375204102993],[-64.73066993038692,58.95078403579612],[-64.82071351239543,58.916892718893905],[-64.8650159022635,59.01540497253632],[-64.77923880788643,59.074957440196094],[-64.6832569310315,59.0746953877654],[-64.67027521119944,59.03861442859444],[-64.57061953984989,59.027274786820286],[-64.46030109111973,58.98151425242382],[-64.38770532322951,59.006183813497344],[-64.26179115451937,59.01295656470148],[-64.31517598856897,59.06562976234342],[-64.49030914093473,59.099075067690265],[-64.4727146984296,59.18039119807664],[-64.52184746056346,59.196741120029635],[-64.4886034688822,59.25711006884373],[-64.54353627482566,59.310435057963126],[-64.49330274791707,59.34957614213592],[-64.53833896675869,59.37078193308916],[-64.51159836477494,59.42297985196904],[-64.324069310403,59.51277412638216],[-64.43376621240262,59.54197359688704],[-64.58967262503569,59.466182660293285],[-64.67983493043523,59.44690514256316],[-64.76414507291796,59.514868003529664],[-64.83962958358495,59.55334198672693],[-64.89825949014163,59.64178327648415],[-64.76048544967266,59.70655815773226],[-64.82522452920857,59.825607977848854],[-64.74152160062879,59.88929893691844],[-64.64097704952616,59.90744806164268],[-64.66223046203247,59.95255396330577],[-64.84022843760667,59.97031907617315],[-64.89587553674868,60.06620929244949],[-64.74271398675766,60.056131129490836],[-64.7079868474217,60.08460914382417],[-64.59371586445893,60.11703127236768],[-64.60247105314727,60.1670146209169],[-64.74556250617444,60.16862804540541],[-64.7498795730133,60.188155582966175],[-64.86394126676407,60.228196802298385],[-64.85377782467194,60.26941146105294],[-64.72342587286425,60.29147830070167],[-64.52352899709553,60.30058928726621],[-64.67369062484347,60.350648901582865],[-64.94243820656959,60.26991620235204],[-64.96507862802495,60.18421890011903],[-65.07231860209356,60.09249988948828],[-65.01147029232082,60.04661888437828],[-65.12448870474599,60.03601718930939],[-65.11673823263955,59.971693793485514],[-65.20697338421253,59.91319158951027],[-65.2256306784585,59.835463002963564],[-65.31007320928478,59.85387009384616],[-65.46753991349571,59.783322309566145],[-65.53458530711028,59.70695799841335],[-65.5226317771099,59.666594296354866],[-65.43107860966552,59.585325102964255],[-65.3803052933825,59.49764370883436],[-65.4430344785044,59.47853810423522],[-65.4286624068994,59.36959930745712],[-65.57134918898089,59.37661688633467],[-65.54352999847494,59.300452601293145],[-65.59137040126954,59.24160770224449],[-65.69865580600151,59.27549349835856],[-65.73650530843283,59.262589394122834],[-65.70038510143868,59.208933994176],[-65.72020191216488,59.15681481506246],[-65.65218540452521,59.111907495356014],[-65.63163941187031,59.07050831432591],[-65.74083839883467,59.039100502880814],[-65.76664122574331,59.00015609084221],[-65.85782657882201,58.94535080298957],[-65.99745709446873,58.90668790669434],[-65.92980518111057,58.88087289951156],[-65.80089818017413,58.857302508254705],[-65.85037667554963,58.824315798328875],[-65.97537189549976,58.86031890099442],[-66.02379192836929,58.852388694873405],[-66.10243947348468,58.77408050379749],[-66.03257601486676,58.76404061401972],[-66.03747299597231,58.69253329501538],[-66.11254950455074,58.701623608344505],[-66.24002230255799,58.79982388910309],[-66.35587459726031,58.85069150461951],[-66.4444657088336,58.809226896312815],[-66.49368430904076,58.71993441167714],[-66.57641628854465,58.66977788366034],[-66.62004991058194,58.56950840979397],[-66.65966962455317,58.547458202090674],[-66.62226028784373,58.502391199128205],[-66.67528000493922,58.489064707348874],[-66.74646868374964,58.50750990337418],[-66.81183498904653,58.44788200913628],[-66.88897039406838,58.441999809393884],[-66.90236252593316,58.49794790069737],[-66.97340701209713,58.47854711082302],[-67.06084231459063,58.38510500904962],[-67.19813821742736,58.364699689876836],[-67.2180514775013,58.33989160711841],[-67.32478771182954,58.32444729682494],[-67.39620741298546,58.26401940568517],[-67.45606601320203,58.29016928903473],[-67.58095421054998,58.22137988943742],[-67.66094960710498,58.12009731027695],[-67.71180991413858,58.132823798545274],[-67.6989972883703,58.1815224934122],[-67.64355159131524,58.25844199631346],[-67.75009050116407,58.31367259182872],[-67.70562889114882,58.407300285861695],[-67.72578870102048,58.4518717074817],[-67.77711970032168,58.469354002796],[-67.83831630481916,58.39018970780746],[-67.92129101022924,58.371697498774736],[-67.9517485790061,58.43246449754048],[-67.90251519473797,58.492877302210644],[-67.96115840888788,58.52000440595383],[-68.2485579051422,58.528647410617374],[-68.28527297842253,58.588006299555566],[-68.3437043914666,58.59917958987769],[-68.33037587435429,58.681656807529535],[-68.37914100311446,58.71136668632929],[-68.34833120172513,58.76893710471398],[-68.39369930494776,58.81789678979489],[-68.49778059975945,58.834735294968304],[-68.60195281414286,58.90138410326912],[-68.71297891909053,58.89392150467485],[-68.75871178155768,58.916762102580606],[-68.88654212279445,58.88086550395847],[-69.14139847746446,58.90406389342962],[-69.23226781664314,58.90349880357874],[-69.2847755153772,58.879796695157175],[-69.38599868445363,58.873185893364095],[-69.40243967283743,58.832514000111075],[-69.49316539494905,58.78066108441112],[-69.61304658783543,58.76490510031897],[-69.65268311985506,58.69258119055035],[-69.72441339080419,58.6794593092758],[-69.80200382862485,58.59263219443412],[-69.85827318228883,58.61825669484352],[-69.81541940096251,58.717571389694015],[-69.8846823169425,58.69107619405137],[-69.92758130381726,58.71060810887574],[-69.94512478717694,58.77229389980635],[-70.01567088313779,58.73355230100385],[-70.06787188305735,58.76781969493587],[-70.02999170922077,58.81004538898762],[-69.97096417705487,58.80739960078905],[-69.88459439514193,58.83408681239677],[-69.78617739153081,58.831842185907846],[-69.81103982495108,58.9566902002234],[-69.71078398678478,58.98390469897882],[-69.7016568088115,58.92868730863023],[-69.65664999155845,58.90204010011184],[-69.69668210160135,58.868988789916635],[-69.6604360052946,58.79764458903304],[-69.5463976895461,58.80952488720777],[-69.52041448741664,58.8603969879773],[-69.43771058117878,58.90555100170605],[-69.46713199626292,58.95395429287252],[-69.46959791017493,59.019199707997394],[-69.34685077039447,59.09174250503807],[-69.37338677756377,59.12435840334589],[-69.52751481254377,59.13957701244147],[-69.48208598148257,59.213778205722406],[-69.41323479560167,59.19615040666024],[-69.24973790914524,59.22353939384604],[-69.23645481905875,59.30558711046334],[-69.31356140172488,59.30632530063611],[-69.34935822474544,59.34038319808065],[-69.45235741642495,59.36007730514726],[-69.59953389533257,59.317440404761754],[-69.69570701654104,59.30638000057436],[-69.7272127877477,59.34646670913027],[-69.62582427845189,59.36217059886059],[-69.65786641198756,59.46319509499056],[-69.74675861968764,59.50899679490436],[-69.63804129078582,59.58779609076376],[-69.55639652539804,59.594588497438934],[-69.50409868322566,59.636113308223486],[-69.50437761310995,59.675712797874475],[-69.60000748537146,59.68229340336561],[-69.63618161170754,59.70920829927388],[-69.55813197577247,59.737530603818435],[-69.60459750513,59.79182430367327],[-69.58508038936881,59.87870070234465],[-69.72293260605788,59.89596600181957],[-69.71551661212997,59.96530300074166],[-69.77584530779802,60.01455371428268],[-69.83801122323523,60.023532590785386],[-69.83062776940125,60.06321170616969],[-69.61750650041782,60.07194460916875],[-69.63497399572096,60.1421768992294],[-69.59177209636398,60.210672991818704],[-69.70107712198867,60.298173801753464],[-69.68169161971718,60.35394240524087],[-69.71832097597898,60.406891402579106],[-69.71065440949691,60.45853368877529],[-69.78435362182185,60.487882101202665],[-69.77841428206158,60.54463779555008],[-69.70115407914474,60.541901292745095],[-69.63001909033407,60.5909500973153],[-69.68623908303182,60.64489460362487],[-69.69807539592456,60.69565679600003],[-69.42337700658754,60.7819275916624],[-69.37242831063705,60.91311869035156],[-69.44607757135881,60.9580890082578],[-69.50372891321878,61.06811809104483],[-69.61138749758044,61.07939068516641],[-69.68242832508513,60.98365369404258],[-69.63058819096737,60.912912987771215],[-69.6484850184226,60.874456604724756],[-69.82720730620423,60.881414206745326],[-69.8426159797212,60.8440707958179],[-69.91292591818572,60.803315407637236],[-69.98715517198157,60.8440455018093],[-70.06034608125407,60.841083592369046],[-70.0941058927807,60.928029094283275],[-70.08656319801628,60.96178160146114],[-70.15266912101151,61.00603959823261],[-70.10502608166668,61.0668462090108],[-70.12873371427266,61.0888204947874],[-70.23620440724008,61.07005078857642],[-70.32514131638112,61.08971641071231],[-70.37522469680087,61.06232059323523],[-70.4895753984237,61.06940818481266],[-70.52936177961858,61.01855459478304],[-70.59376839325905,61.01497180248543],[-70.64390559063874,61.05423869579947],[-70.73222088146134,61.08429119846414],[-70.93062962377027,61.07371300373761],[-70.93463158948286,61.11550450878741],[-71.03939309778636,61.135328392464515],[-71.14699218655606,61.133757896943116],[-71.218078113384,61.16256470648681],[-71.31182972062135,61.153157997867545],[-71.44404859016437,61.17089119625271],[-71.4329163902788,61.21317178655518],[-71.61920018551602,61.211814701684766],[-71.57274369313815,61.24854769182262],[-71.71308778091375,61.27989118836707],[-71.69862321110764,61.35019808836122],[-71.66093158537079,61.404615798675636],[-71.85673309617036,61.4440843977746],[-71.73273881800927,61.47262070026613],[-71.80499977628348,61.496117309266644],[-71.77018438755032,61.54220410635136],[-71.60569660711947,61.5528521080288],[-71.52410801616941,61.578537805209976],[-71.54758589118768,61.614713899485665],[-71.80999420870455,61.69503991228409],[-71.98054202019985,61.67845801196903],[-72.00605459644554,61.723844290035125],[-72.14498719466731,61.79921420582886],[-72.21338858108409,61.87589410398209],[-72.39335983212656,61.89770569418809],[-72.58994819553293,61.967558395072636],[-72.5875206018715,62.04366598771939],[-72.61533321489483,62.112833412675286],[-72.75137480154883,62.14392570027308],[-72.86688061316305,62.10897371418709],[-72.90787409782949,62.15828910313962],[-73.0171837212702,62.18354440583504],[-73.18676080559682,62.26958939825517],[-73.19211931962647,62.31512019488986],[-73.31341509230757,62.32870070449749],[-73.3827002793873,62.373470692902494],[-73.59677910392118,62.41523381236677],[-73.67107188571201,62.48005200909859],[-73.83059267601007,62.45872789995143],[-73.9000602053637,62.43540550730369],[-74.01177072187743,62.36418230547894],[-74.2669849286005,62.31464079213865],[-74.28377118735952,62.28266870835121],[-74.40862111489061,62.244566413846684],[-74.51238969758147,62.24302869825242],[-74.60571728228584,62.259319203418364],[-74.70597399112289,62.25527259187863],[-74.74819957700518,62.20920489815232],[-74.66377771831795,62.156603089685525],[-74.6939517088036,62.141759310602446],[-74.91522171378378,62.25319671056035],[-75.27428158762324,62.29740089907962],[-75.34684987836117,62.31711819840147],[-75.45281068433677,62.30371020960123],[-75.52417528445125,62.2532483874151],[-75.62917432414454,62.22999920269183],[-75.62254441389346,62.287389013214145],[-75.7788206221743,62.30234769291202],[-75.94832397202914,62.35258060688774],[-76.18891537019599,62.384061602316486],[-76.2813360746862,62.413286902788144],[-76.48224567884755,62.44606589014688],[-76.63945818438062,62.45814249817484],[-76.63540758198835,62.47729088710389],[-76.79696091465783,62.52241290395081],[-76.9242954943457,62.53768160571036],[-77.03324320600254,62.53117420615918],[-77.32838389170212,62.54777649326633],[-77.42254571644244,62.58053279054422],[-77.68901978373515,62.50333768493366],[-77.72214730770213,62.46855290842183],[-77.83995611691269,62.43136590990033],[-77.91270560841491,62.4297393020067],[-78.01027452720038,62.366921103362266],[-78.09114128854387,62.360998794915496],[-78.17098819592238,62.27370271087907],[-78.15176280633092,62.210022509937055],[-78.17542618580364,62.18692289714402],[-78.15367528323232,62.116450408919],[-78.14572098423554,61.99188018876237],[-78.07520048894162,61.91687040818444],[-78.09395309126468,61.88436110973133],[-78.03210927912625,61.790336387666095],[-78.02169640655049,61.7278333050224],[-77.93980752084038,61.67927240655502],[-77.7892055127568,61.684670003361],[-77.72944018589942,61.59406930366428],[-77.64479572618698,61.57193239851112],[-77.67002690308404,61.514621311419624],[-77.58695938553211,61.48515240964837],[-77.62564291171314,61.45893199204489],[-77.81888788219976,61.44279090378112],[-77.76415627219036,61.379033204809694],[-77.77045138791817,61.2818513050617],[-77.74356640092786,61.25940949601051],[-77.75681912414939,61.192294300632156],[-77.82473598602,61.14714468557177],[-77.82915591670395,61.050418709758695],[-77.91269597304697,61.03336170198816],[-78.04488461536957,60.94138770208666],[-78.19143788776621,60.86046988540829],[-78.1788844073041,60.792922792552694],[-78.0509043038433,60.797120288348],[-77.85451741098957,60.76521231123017],[-77.70694310057988,60.77995629753679],[-77.63392837130966,60.76466360752389],[-77.70801548778874,60.69008200566122],[-77.83452657812764,60.657420599498536],[-77.80490411704831,60.60481230579943],[-77.67605198365779,60.542240906729894],[-77.58806391637175,60.562210501621394],[-77.58463737665966,60.50182619826986],[-77.69799829775863,60.45923289705425],[-77.70109380813352,60.430090987192166],[-77.7745144120881,60.39463801351676],[-77.70800151160098,60.361457813339264],[-77.65268931373645,60.36546081124876],[-77.54214460813158,60.28313869375634],[-77.49824721848674,60.19703670150554],[-77.55889829659858,60.17207949381565],[-77.54872410312595,60.12222078729896],[-77.60975039605708,60.09272549580065],[-77.57162820998504,60.04193951331597],[-77.44198298585157,60.047515094287284],[-77.28344398583071,59.99015309062852],[-77.44840268851489,59.9039327020896],[-77.38653080606494,59.89350230781205],[-77.32357259582824,59.804325401830674],[-77.46551681586588,59.77843770335759],[-77.51952379778277,59.70490640423978],[-77.50000001552998,59.63680000288224],[-77.6399143989238,59.67382400279677],[-77.81934342364525,59.680210598091556],[-77.75390830741541,59.615874305990275],[-77.75269668434275,59.52797238823739],[-77.89394321637042,59.502556000820626],[-77.8636489111208,59.42390859428163],[-77.75690012759776,59.42144988950617],[-77.70114900466574,59.38575729422849],[-77.78965687787063,59.35727039855489],[-77.85769871221288,59.28423610096892],[-77.99458687759414,59.25435520040822],[-78.12989258984423,59.197342903346566],[-78.12414037922855,59.09432280696141],[-78.22113342438955,59.0816887011476],[-78.23283909784377,59.04761219589605],[-78.31683888664595,59.0498532967859],[-78.28751132299921,59.00305099185739],[-78.3645346948307,58.904919890358926],[-78.58066548732447,58.8987528935697],[-78.52535368556926,58.819062407966655],[-78.50743130191691,58.70551580185151],[-78.58293669841524,58.64346528666598],[-78.4879406908876,58.61764500628856],[-78.42654672139055,58.54135018951443],[-78.37169842442134,58.54844129179572],[-78.2460980972059,58.520586602718076],[-78.16818941168664,58.4620131962658],[-78.05597031990237,58.42690329234777],[-78.02651549044774,58.362926285610996],[-77.88006320843743,58.331557512593264],[-77.76881078941253,58.28815080611163],[-77.64960979175743,58.26304259443023],[-77.55453891321054,58.223677703605134],[-77.35289728538807,58.09306598516934],[-77.25281378494898,58.049535284802964],[-77.0821174794836,57.903608299918915],[-76.85274529915766,57.673586907457036],[-76.86693398611209,57.627521208522616],[-76.77242288146378,57.50919970039205],[-76.76814437723027,57.48352010520615],[-76.66077750356844,57.36959320426976],[-76.58110828805576,57.13758120740703],[-76.55008368225062,57.09606279675091],[-76.56957972210819,57.03855739367051],[-76.5696765783638,56.93959300238177],[-76.53357036593651,56.82390369824295],[-76.53145909555029,56.721396010222534],[-76.5544775022323,56.55424468098885],[-76.55158090261095,56.47522828062461],[-76.51862466867038,56.458898284219025],[-76.53971492828201,56.40499152054709],[-76.54798501047775,56.30131859893544],[-76.61704764476684,56.24652920508479],[-76.6524326073492,56.194407178708836],[-76.64920940385304,56.124742590336766],[-76.72002940104328,56.02222629421011],[-76.79862998209397,56.00086548560797],[-76.83052431804583,55.92963280562181],[-76.88476087448608,55.91034870250025],[-77.00464569756016,55.80161850362294],[-77.09274907949127,55.74486389666046],[-77.07760850875405,55.719220699005014],[-77.12371309160493,55.6616569902439],[-77.31688827254173,55.540803007332414],[-77.4621183087895,55.464168293032166],[-77.58084570156034,55.38262260867393],[-77.63779971980026,55.378172790897914],[-77.78896548367103,55.269309083529656],[-78.15749589149803,55.1352165978558],[-78.31657331547547,55.04201588905376],[-78.54603637971006,54.988313199382844],[-78.62300678608764,54.95344158584301],[-78.78241779409474,54.90586100049637],[-78.82609509390787,54.90754919125847],[-78.93337928169059,54.874367509034485],[-78.95566009812333,54.843737997978685],[-79.24540709912309,54.7884104027688],[-79.34981670185964,54.757520087561325],[-79.55561059979127,54.72492589848438],[-79.71426698912319,54.651908495471986],[-79.65575378572038,54.62826750465759],[-79.59460168449216,54.63244789983141],[-79.51720337956084,54.56740290669128],[-79.57874509043585,54.55270839366823],[-79.50361249500929,54.510185406978785],[-79.4818137056372,54.456197207902626],[-79.49513201487916,54.37385810419608],[-79.40532538161872,54.269817007264606],[-79.280281693838,54.22450370883442],[-79.34056369908228,54.20650329808196],[-79.29261761886804,54.17265459011711],[-79.1042711151092,54.16114560483147],[-79.12059560944977,54.08870341033844],[-79.10449671308365,54.04296590582751],[-79.03966150999878,54.034317203561784],[-79.05481062244306,53.95082178971606],[-79.04305039462999,53.90258720480741],[-79.08268902176344,53.700446891387266],[-79.03365140172744,53.68085169200224],[-79.03844161487523,53.64197510012109],[-78.90264509158386,53.54885178862704],[-78.96283171887528,53.53714108819924],[-79.03183207853702,53.55466540256566],[-79.10652861405478,53.51473880217383],[-79.08149320552086,53.44416750862948],[-79.03773958336453,53.41704900376504],[-78.98017768706453,53.424921607706494],[-78.94432448829673,53.38489648752573],[-78.97961561486646,53.34909040473498],[-78.90555179241085,53.26151179055731],[-78.90624948452901,53.19686298662158],[-78.95379072472407,53.18372329002561],[-78.95107528435733,53.110798487804686],[-78.92571289778752,53.05342790949593],[-78.98870029673492,53.01261660227917],[-78.9225455189009,52.985227800551165],[-78.83912993139177,52.97506111674312],[-78.83556495047058,52.969361467143926],[-78.88529790060922,52.88871928884608],[-78.81905331653694,52.85520379029085],[-78.7423335076648,52.83788291006825],[-78.83409459128296,52.7785882084845],[-78.84696050864729,52.74335101208652],[-78.7921537995694,52.727797295762265],[-78.7279936860296,52.665839201070355],[-78.71173000052575,52.591939297093745],[-78.76482678423781,52.55329898462981],[-78.71388451024133,52.52165350254883],[-78.56922119628008,52.51598679300856],[-78.50912228898952,52.45187730412091],[-78.54815268600034,52.42142748956841],[-78.50248078270246,52.35887699010153],[-78.51251288168983,52.31567459645315],[-78.56421959891811,52.28915680324176],[-78.51795258914994,52.24200739214771],[-78.58475549776958,52.10034200661112],[-78.63312140023096,52.06132100075663],[-78.72101219965661,52.0190520055298],[-78.72298529139745,51.97054899685012],[-78.85748679376105,51.939754485595145],[-78.88734619051267,51.91478138832837],[-78.83463009204577,51.86375408932963],[-78.8660859973984,51.81461640551391],[-78.97333509051292,51.79977319271135],[-79.04125912033368,51.76159039727028],[-78.94496767908551,51.660125608342824],[-78.88302159286157,51.63836799449526],[-78.84481281232354,51.60090628934539],[-78.81504729224186,51.5354846071519],[-78.76710031579931,51.48049259075614],[-78.89776199259762,51.377987309487494],[-78.86846381004385,51.339722992301496],[-78.93138530849195,51.27114429987205],[-78.97775790466112,51.4145047116626],[-78.97969970534746,51.45883170835312],[-79.09488739675889,51.53246489218907],[-79.17059268944674,51.52356710059541],[-79.24565401897382,51.54549340079084],[-79.22554950576452,51.64382889643506],[-79.32187731650188,51.66263071001213],[-79.49314669219349,51.56398959633704],[-79.54131038307989,51.55092089499685],[-79.52433063619115,51.47133183758365],[-79.5158487132157,51.46067760678663],[-79.51791348205708,50.94542316675929],[-79.51795289382216,50.19472122528152],[-79.51762072722885,49.83158673619254],[-79.51785743120962,49.30406114510227],[-79.51739566576632,48.805717308448735],[-79.5174042578759,48.28784269998277],[-79.51743975032691,47.99640666191496],[-79.51708053333203,47.53316399217842],[-79.54738932340791,47.51782616331203],[-79.58647279333942,47.4456388469852],[-79.58103436137458,47.415114009048324],[-79.4268426502096,47.250069239218234],[-79.44299286097252,47.100997102809416],[-79.3467991832789,47.00785849244874],[-79.32966575029396,46.95718677713983],[-79.2140081087124,46.833235561265106],[-79.17082153696316,46.82521851095118],[-79.09432289146339,46.68829571286614],[-79.01525073914816,46.62685229292602],[-78.98987072497162,46.548855526769636],[-78.89272200030092,46.46191530856585],[-78.72710717255538,46.38287269209408],[-78.72823126304755,46.34233868715243],[-78.67582234312461,46.31823377683913],[-78.59705837404213,46.318852640393686],[-78.51387700322098,46.29687612258334],[-78.38838873033446,46.29168791425384],[-78.30958080965077,46.25316901995233],[-78.2604905485325,46.273944034506485],[-78.13514278616574,46.2747279859735],[-78.0426860527997,46.242511817891156],[-77.98798594533558,46.24656224387125],[-77.9268091552817,46.22409898361538],[-77.6978086922726,46.182930639130895],[-77.67499428851202,46.19849738319998],[-77.56608271063061,46.159220590168964],[-77.27633418142617,46.008539648964984],[-77.27840407101357,45.94888964398741],[-77.19032721643805,45.86386084598963],[-77.08155834183466,45.83558296130091],[-76.98497879697983,45.78607724570918],[-76.9119966838868,45.8096708251092],[-76.92757515407335,45.89225487727791],[-76.8948386007742,45.89814617531687],[-76.77872544559649,45.87135264621899],[-76.76575920899592,45.81098948860002],[-76.76959413775987,45.73349903077202],[-76.70359781281621,45.72080990112726],[-76.71194453958132,45.66548225747206],[-76.67028904372302,45.625809831878826],[-76.6592749466485,45.56072605807374],[-76.60374500202126,45.53218129684351],[-76.43351663220676,45.49207614096433],[-76.3617437036907,45.45709459625288],[-76.24508393215169,45.46860894025267],[-76.20100638900665,45.5188791342081],[-76.08987718683741,45.51385244444427],[-75.98716460661753,45.47964530769478],[-75.8951850982221,45.40163468600992],[-75.79701680420048,45.37832402948437],[-75.70374455633352,45.42663519945625],[-75.6831771930851,45.45913650047606],[-75.57555679765629,45.47482510506328],[-75.4454084396359,45.521110480894045],[-75.31699439219298,45.54617074478338],[-75.24261394951205,45.58550870814027],[-75.11350228867728,45.578618288238815],[-74.98897970005709,45.610784844849924],[-74.94301048025972,45.64340540041057],[-74.72934567182413,45.628326087597486],[-74.63806070990462,45.638758151266266],[-74.5351100602808,45.5948325164262],[-74.4723664006929,45.593731807549965],[-74.38405536497288,45.56714922179836]]]],"type":"MultiPolygon"},"properties":{"geo_point_2d":{"lon":-71.78624104931967,"lat":53.395283499640165},"year":2021,"prov_code":["24"],"prov_name_en":["Quebec"],"prov_area_code":"CAN","prov_type":"province","prov_name_fr":"Québec","name":"Quebec"}},{"type":"Feature","geometry":{"coordinates":[[[[-124.68934793412477,49.54964425377898],[-124.70634842310783,49.51495906234437],[-124.65939014791789,49.49256906012531],[-124.6251090351475,49.53701727963275],[-124.68934793412477,49.54964425377898]]],[[[-133.05973937162847,54.256285983436335],[-133.01652477815148,54.19287307692998],[-132.9668821427116,54.22422707774978],[-133.00171894863357,54.25600257054465],[-133.05973937162847,54.256285983436335]]],[[[-126.01130204981195,49.21636215250909],[-126.01512834586897,49.15878136802231],[-125.9331096365553,49.18985336696266],[-126.01130204981195,49.21636215250909]]],[[[-130.44733196850558,54.328190081814846],[-130.47340675907287,54.30519617329421],[-130.4081910592182,54.24885447944105],[-130.36752506720975,54.26023387196938],[-130.38824904994922,54.306737166223876],[-130.44733196850558,54.328190081814846]]],[[[-130.57735305292135,53.84725586538007],[-130.62317324158812,53.8260322796273],[-130.58975745411212,53.78822238854688],[-130.50037365855815,53.81962198421146],[-130.57735305292135,53.84725586538007]]],[[[-126.67702966186748,50.59158447034767],[-126.63724015201093,50.552375959422314],[-126.53031734412599,50.55785637174752],[-126.52089724489274,50.57887475646355],[-126.67702966186748,50.59158447034767]]],[[[-127.98057565906734,50.919878954375896],[-127.87373836026158,50.88886965794269],[-127.84118905047276,50.931996180943685],[-127.90162723746698,50.944657379313696],[-127.98057565906734,50.919878954375896]]],[[[-127.59613875539789,51.30359946872114],[-127.58306694152094,51.270124782968914],[-127.49545494636979,51.27386048220961],[-127.47399653208456,51.30058716336945],[-127.59613875539789,51.30359946872114]]],[[[-128.36788084166997,52.237514782449246],[-128.37708205621686,52.152492263570096],[-128.27907886676118,52.21390847850394],[-128.36788084166997,52.237514782449246]]],[[[-129.94091878211367,53.54741997639204],[-130.02616425114772,53.50998027047239],[-129.92768277467013,53.4694715712141],[-129.89492714732532,53.520841371991494],[-129.94091878211367,53.54741997639204]]],[[[-131.8410311612825,52.84651808662358],[-131.8304710723486,52.81912767115038],[-131.73943874378799,52.80713727663818],[-131.6970052399139,52.84341477134026],[-131.75177824664135,52.86056366819143],[-131.8410311612825,52.84651808662358]]],[[[-128.43438385542362,52.237312464534675],[-128.49577735978528,52.172246064582005],[-128.393648431269,52.16170407610616],[-128.37736075643616,52.23719576170936],[-128.43438385542362,52.237312464534675]]],[[[-130.18633434382687,54.07930517600453],[-130.2242095530903,54.05431596004397],[-130.20630864599713,54.003270890352404],[-130.13078914206392,54.02661938275282],[-130.18633434382687,54.07930517600453]]],[[[-126.86007234944229,50.88242796367101],[-126.88669854148824,50.84035395851259],[-126.81392773339772,50.839480863162],[-126.73437175776115,50.86346037636155],[-126.80617644802389,50.89115836339098],[-126.86007234944229,50.88242796367101]]],[[[-128.01028134623547,51.73198446667291],[-128.07809613739514,51.68913436793579],[-128.0751005633099,51.65941107592134],[-127.96378052903782,51.65731176705616],[-128.01028134623547,51.73198446667291]]],[[[-128.09705632270968,52.2925931653883],[-128.15402236271936,52.24173187265747],[-128.07991255425037,52.23116135830974],[-128.0027998511347,52.291421081780605],[-128.09705632270968,52.2925931653883]]],[[[-130.2592394382297,54.194613467073886],[-130.28940754777022,54.151841562197404],[-130.2460131763423,54.11721757953908],[-130.1548517685547,54.15054697299798],[-130.2592394382297,54.194613467073886]]],[[[-128.4375643544048,52.544666864625235],[-128.4127511236912,52.46571866806891],[-128.28225044840082,52.48618028601537],[-128.27575165416127,52.51425426965947],[-128.4375643544048,52.544666864625235]]],[[[-123.36048704120508,49.413323269839175],[-123.42596373515855,49.37264065285457],[-123.42659021713365,49.336566862258195],[-123.36055094099562,49.33562266566532],[-123.31097502187791,49.403850758212876],[-123.36048704120508,49.413323269839175]]],[[[-124.82643454995883,49.59944606049463],[-124.83078845582016,49.539746056852486],[-124.72202934767587,49.48430434846905],[-124.77696244378912,49.56988366898868],[-124.82643454995883,49.59944606049463]]],[[[-130.2920070639214,54.331938567376646],[-130.35293927792287,54.300540473591376],[-130.33594684300888,54.24127198747935],[-130.25958195766984,54.2547506852906],[-130.24839784344508,54.29966308027613],[-130.2920070639214,54.331938567376646]]],[[[-130.22703794696505,54.800383771335326],[-130.26115517385867,54.766943376900336],[-130.36976205472118,54.71996438763321],[-130.33277274588514,54.70371277256632],[-130.23489486416054,54.72282418642655],[-130.21093186315838,54.74972186560703],[-130.22703794696505,54.800383771335326]]],[[[-123.86300863461697,49.19851827541617],[-123.86219532607342,49.15810776775485],[-123.76335414926896,49.129990972317415],[-123.75967814768268,49.164765949971596],[-123.86300863461697,49.19851827541617]]],[[[-129.40865244730335,53.40878597688219],[-129.45706825571665,53.37707736786531],[-129.4519049731703,53.36072037004369],[-129.40036514850885,53.33853967513853],[-129.38554296630497,53.29541317535529],[-129.33789355317134,53.3012837646064],[-129.33466915484206,53.362715678653046],[-129.40865244730335,53.40878597688219]]],[[[-126.55873784394844,50.60953657324709],[-126.4893175407345,50.575309963361555],[-126.40136552805892,50.59469776966944],[-126.46229796143882,50.62988997515919],[-126.55873784394844,50.60953657324709]]],[[[-125.10092206300837,50.25000007576695],[-125.09159494102839,50.29249615861147],[-125.15486334084423,50.32299275512468],[-125.20959103679978,50.29883965768188],[-125.1728692341479,50.248576461418],[-125.10092206300837,50.25000007576695]]],[[[-125.10092206300837,50.25000007576695],[-125.1534541388984,50.1433102723887],[-125.12795633222042,50.12831907197297],[-125.03305854866173,50.20812177062211],[-125.05409884759732,50.260370373272586],[-125.10092206300837,50.25000007576695]]],[[[-129.7503349610963,53.132183158914316],[-129.73347307535357,53.07755187232693],[-129.62177486110076,53.05108437671832],[-129.59858375235126,53.07855878777054],[-129.6867645297562,53.13576786816106],[-129.7503349610963,53.132183158914316]]],[[[-123.58411632918879,49.01131587400191],[-123.55387734504882,48.96525417397658],[-123.38919093372016,48.8917563742666],[-123.34591284189395,48.90511835849879],[-123.50704195493195,48.95853326117538],[-123.58411632918879,49.01131587400191]]],[[[-127.83422023859598,50.89023547079523],[-127.83347963349865,50.87437266378733],[-127.67013036314125,50.83565406742291],[-127.6591658506652,50.87035065678756],[-127.7239474310866,50.91553086292007],[-127.83422023859598,50.89023547079523]]],[[[-131.34934376784776,52.42845425790151],[-131.35015104666763,52.35761546280446],[-131.23582466835572,52.44183327707077],[-131.34934376784776,52.42845425790151]]],[[[-130.7934639599391,54.21610477151226],[-130.81793067471136,54.165542478016306],[-130.68706283609038,54.10753727450853],[-130.66248316601394,54.15732616149539],[-130.7934639599391,54.21610477151226]]],[[[-124.36380455202824,49.52550535227609],[-124.3820864250308,49.50639817198929],[-124.32260693677381,49.46227895736073],[-124.20672123007526,49.45326515205037],[-124.27168565695781,49.49974855951051],[-124.36380455202824,49.52550535227609]]],[[[-123.42422303992284,49.527107559400314],[-123.45699292017623,49.46553046674484],[-123.3159192536617,49.44819066217961],[-123.3663327381379,49.528132970905226],[-123.42422303992284,49.527107559400314]]],[[[-125.96596002558428,50.442402758303835],[-125.91851793236548,50.414521075426194],[-125.82323735372537,50.40834567092758],[-125.7342961244988,50.42555726148714],[-125.80171005435514,50.47337226565541],[-125.96596002558428,50.442402758303835]]],[[[-125.78528552691019,50.40110216048601],[-125.74360983427593,50.37669116048729],[-125.59598632574217,50.3850014603344],[-125.49937274475289,50.407133659272546],[-125.52104815124382,50.44582947629231],[-125.60023634431305,50.43669177902905],[-125.65693842784238,50.41305696064056],[-125.78528552691019,50.40110216048601]]],[[[-127.10423715156269,50.67331697882784],[-127.13249535905113,50.628551265334885],[-127.02915875714739,50.638054954110075],[-126.88736533773562,50.61990197378241],[-126.87009883435007,50.656005765708876],[-127.02649845187092,50.65660956085427],[-127.10423715156269,50.67331697882784]]],[[[-125.8883504474789,49.2414823610609],[-125.8573700387942,49.13964285757848],[-125.7990095442464,49.14015557706163],[-125.78108994514031,49.23368764977604],[-125.8883504474789,49.2414823610609]]],[[[-128.51030423657173,52.88335388378943],[-128.5446626497127,52.710077367861075],[-128.47555573827827,52.70611387749216],[-128.4909343419812,52.7722398694405],[-128.4528787503622,52.80794906420601],[-128.51030423657173,52.88335388378943]]],[[[-130.62903734991838,54.7744873906697],[-130.5934950366477,54.723843976593265],[-130.4790619546974,54.704470374229004],[-130.43595666558258,54.75708067222865],[-130.49504365347525,54.8253928681235],[-130.5870898704698,54.770926874457665],[-130.62903734991838,54.7744873906697]]],[[[-128.3994881381767,52.45817317707674],[-128.4537543610175,52.36159046107376],[-128.3799331396861,52.3645713684328],[-128.33088394121344,52.41002928029082],[-128.28857184113897,52.41653357433582],[-128.28679863874814,52.47631906929576],[-128.3994881381767,52.45817317707674]]],[[[-128.1076495477012,52.43807047740826],[-128.2030215302472,52.28120096832574],[-128.1618381591159,52.273057381195734],[-128.04659862672204,52.32068007392025],[-128.07978485491807,52.410607462226295],[-128.1076495477012,52.43807047740826]]],[[[-124.74108253248225,50.3079175677891],[-124.78390913536678,50.28553756813353],[-124.81421744915926,50.23381875016618],[-124.75519533779969,50.21016127289834],[-124.70974551932342,50.16202586167673],[-124.66957114515436,50.184412953657],[-124.64260162760414,50.2341050684918],[-124.66046962732047,50.269261674007254],[-124.74108253248225,50.3079175677891]]],[[[-124.13648003093932,49.760011356062705],[-124.19798416073172,49.6887838634267],[-124.16231312607115,49.66152306512748],[-124.08601875133743,49.65289086711237],[-124.06041654690824,49.740872868868685],[-124.13648003093932,49.760011356062705]]],[[[-125.48675732919926,50.428803061621586],[-125.5094307348705,50.370810674163216],[-125.4521343292674,50.34818706958581],[-125.38759322454744,50.36464236790036],[-125.32254654930131,50.44305505763806],[-125.3933277227805,50.46035636197406],[-125.48675732919926,50.428803061621586]]],[[[-127.98249115893982,52.30173236178504],[-128.01975636309294,52.24593466257583],[-128.0957095469776,52.20387068306629],[-128.03349315322706,52.175226975372446],[-127.9147877560221,52.16443855952702],[-127.91569437273263,52.245635573626004],[-127.98249115893982,52.30173236178504]]],[[[-128.11607136409876,52.159312867960345],[-128.10103823481086,52.089797167229754],[-127.94248935320242,52.07581288033201],[-127.88403385048535,52.15533217018458],[-128.0035227677835,52.16965407738391],[-128.11607136409876,52.159312867960345]]],[[[-131.11460175482068,52.15178588433136],[-131.12824884895994,52.07254287445652],[-131.08111235696697,52.038900163825886],[-131.0891542759537,51.98340017108138],[-131.0197179587928,51.97275137031735],[-131.03193833771957,52.03362636776851],[-130.93657875348143,52.0934744698646],[-131.0464920470087,52.118251481218756],[-131.11460175482068,52.15178588433136]]],[[[-125.00047355387024,50.238954459891374],[-124.98410962576536,50.1741401694732],[-125.05721224216742,50.12832617549301],[-125.03599663642709,50.09623726306424],[-124.98128475412776,50.099702459238415],[-124.99356861801306,50.015624159986196],[-124.92600803419465,50.06419546172012],[-124.89558153871695,50.14090907188258],[-125.00047355387024,50.238954459891374]]],[[[-126.91916334117735,50.83251088369698],[-126.83611585774094,50.77832965555173],[-126.77457674403846,50.767573952922554],[-126.6635640500068,50.79044257443148],[-126.53766683749014,50.7819157742669],[-126.57198806122754,50.82595236950629],[-126.63883773634359,50.83900806581303],[-126.77009105974965,50.84310267188504],[-126.81228036043484,50.837336068525836],[-126.91916334117735,50.83251088369698]]],[[[-128.18579225893916,52.21113417334332],[-128.23996859443574,52.18266520298829],[-128.27209375407227,52.098566054674066],[-128.2366139527097,52.08600595980625],[-128.2520419345067,52.030908966273415],[-128.1820308516794,52.04199648251999],[-128.13442047052533,52.08676507466435],[-128.1340121484007,52.19672256012886],[-128.18579225893916,52.21113417334332]]],[[[-130.89493035047792,54.634799564582686],[-130.92750975621348,54.62090066514839],[-130.97136053643743,54.55069287952908],[-130.94969884635933,54.46905719027141],[-130.87544886483164,54.494214369390924],[-130.76010025134673,54.56820776686916],[-130.768509867265,54.62346276569191],[-130.85818206622497,54.607440481652645],[-130.89493035047792,54.634799564582686]]],[[[-126.67777124720868,50.55008017205711],[-126.60944094111255,50.5238974782856],[-126.4213120571697,50.5141060752486],[-126.31894224658132,50.52420507239736],[-126.22114593041151,50.54743117545716],[-126.24061885351857,50.57950285491877],[-126.31825734086094,50.59199467671985],[-126.39678075321423,50.58659977065938],[-126.47091475029295,50.55916235876355],[-126.58506254958112,50.545675072970404],[-126.67777124720868,50.55008017205711]]],[[[-126.2274495368633,49.39277615771931],[-126.2407910399339,49.33250216417633],[-126.18887107019532,49.26232566819445],[-126.10092933768561,49.25182926312084],[-126.04702614497285,49.27048075741902],[-126.08131154501426,49.308726459288444],[-126.08522373005839,49.37153266067634],[-126.10841326032211,49.39427447017924],[-126.1812951387423,49.37559025493365],[-126.2274495368633,49.39277615771931]]],[[[-128.3437807289467,52.78431007578501],[-128.32959404615116,52.73000208415669],[-128.2710803285285,52.67259786565011],[-128.29222384366827,52.61794817441182],[-128.24978716740807,52.60070527528517],[-128.20858624895217,52.68772296427605],[-128.1663369513032,52.73795765675676],[-128.14566272586654,52.82565196732133],[-128.22025263728491,52.78766117632602],[-128.3437807289467,52.78431007578501]]],[[[-129.5339774465063,53.184957264325305],[-129.4984553611695,53.08837726551964],[-129.3706849733536,52.97525377382291],[-129.3022939497665,52.97870177710943],[-129.3165150488151,53.04755945770745],[-129.38773564577946,53.088025582590525],[-129.48642195709246,53.19049167185525],[-129.5339774465063,53.184957264325305]]],[[[-125.28186275166013,50.444687275286974],[-125.3350270268071,50.38006656485383],[-125.40615474511807,50.33709535248055],[-125.40703584821212,50.30840035434764],[-125.24176615129575,50.31835415280394],[-125.22107494640564,50.29878267869956],[-125.13286193855396,50.33490207181678],[-125.18084024285676,50.38863746334267],[-125.28186275166013,50.444687275286974]]],[[[-128.76490295627949,52.47263465476032],[-128.7723399420029,52.417897982180754],[-128.73068224353435,52.31208207471053],[-128.68736655212905,52.28472587073036],[-128.6306187323759,52.305878275060024],[-128.61611555026067,52.364846159245126],[-128.61969064784444,52.446346558041654],[-128.68932892423777,52.48602647066001],[-128.76490295627949,52.47263465476032]]],[[[-131.68995456136471,52.73269807380173],[-131.71936955023327,52.69789046383912],[-131.60635215527128,52.58348518348948],[-131.46362505237255,52.62504636869793],[-131.4416624801245,52.70428087877754],[-131.52535883312652,52.72702976911749],[-131.68995456136471,52.73269807380173]]],[[[-124.9192815413208,50.30482416800243],[-124.98065945440372,50.247811662795435],[-124.8816267386252,50.166554763158956],[-124.86199484490741,50.124012271909095],[-124.80980344448858,50.11381915159148],[-124.75110384451631,50.159251461616684],[-124.7626484438686,50.19064676325538],[-124.81778473380514,50.2136875566282],[-124.85466572752665,50.285654255653085],[-124.9192815413208,50.30482416800243]]],[[[-123.59486653023635,48.94483665218903],[-123.59002994184975,48.895915074677085],[-123.54788643129368,48.867425165198156],[-123.57230985587879,48.82328186777],[-123.53413694391487,48.79893205860195],[-123.56256911859553,48.75988886212168],[-123.49160833192477,48.71369456787341],[-123.42576875645375,48.732867359156366],[-123.36687484148092,48.7709520503272],[-123.48992044703135,48.85489494805634],[-123.46336803039917,48.86986486827933],[-123.59486653023635,48.94483665218903]]],[[[-129.02296023285362,53.53021976718044],[-129.0655972305888,53.49203817968174],[-129.05354466152426,53.44842166925625],[-129.11123344896728,53.4040860670084],[-129.15291596440517,53.33797998030524],[-129.12505744045433,53.312456673836344],[-129.0580991606733,53.33290407327785],[-128.92868074639156,53.32666748615919],[-128.9204711658691,53.397378066906484],[-128.9894694236324,53.46857716987245],[-129.02296023285362,53.53021976718044]]],[[[-130.20100796641458,55.03023266514346],[-130.2738699472456,54.95478086930371],[-130.346472531559,54.9043610737584],[-130.48880423448017,54.829280969225486],[-130.42233775839432,54.76844018358253],[-130.27595485490073,54.83365476876837],[-130.15375193692412,54.95644726896401],[-130.20100796641458,55.03023266514346]]],[[[-129.27355984847614,53.3262231738805],[-129.25620823797027,53.26939717106132],[-129.34502984707674,53.20722896864838],[-129.32653563696095,53.11221146576558],[-129.22599914356726,53.09069878696423],[-129.1403325299233,53.118599067808546],[-129.1725436460304,53.155053078678286],[-129.1723151543469,53.284361376755164],[-129.27355984847614,53.3262231738805]]],[[[-128.3901076429565,52.80511627286303],[-128.45117584164805,52.75240065825758],[-128.4293924369182,52.72310747745768],[-128.44936194966266,52.630677776612885],[-128.43665795488988,52.54871727309806],[-128.29207786580852,52.52525777971795],[-128.2972621378471,52.65933276786207],[-128.28779862712415,52.67849697204167],[-128.35656894665266,52.754622371857984],[-128.35247212624043,52.78522007129356],[-128.3901076429565,52.80511627286303]]],[[[-131.92695986954544,53.01558877200148],[-131.89344477685668,52.93346177761573],[-131.8200644534125,52.867216081216],[-131.79456997265171,52.88647856199506],[-131.69520155389446,52.87375037274105],[-131.65851284856515,52.889406768284594],[-131.60572386199735,52.9630084682612],[-131.66279335808693,52.99937417389967],[-131.78176887356466,53.02883257336602],[-131.8781076472337,53.038390384570945],[-131.92695986954544,53.01558877200148]]],[[[-125.38054484200926,50.27940627905819],[-125.34922335004927,50.199169149319225],[-125.351728428704,50.14345696020261],[-125.25860463541869,50.09233356691003],[-125.1969266364341,50.02344597774119],[-125.17673794877668,50.08179156996208],[-125.21658711620992,50.1025892602532],[-125.1411676327239,50.20228397509041],[-125.2398819551892,50.273181075303185],[-125.25182283404362,50.30850718235708],[-125.38054484200926,50.27940627905819]]],[[[-130.31175654216955,53.796754871409505],[-130.33099044001332,53.74059547442563],[-130.40452165220674,53.68801358237619],[-130.3563398486719,53.62933048843824],[-130.15432494182727,53.568095165931965],[-130.1004103306151,53.584225770028624],[-130.1220237487528,53.69287298625045],[-130.23116156307424,53.72561697715757],[-130.2420605514015,53.792472290436365],[-130.31175654216955,53.796754871409505]]],[[[-128.54927645287248,52.67747866422848],[-128.58281876315274,52.5988224694598],[-128.6689351687498,52.60705006622363],[-128.75019023929633,52.59553537516375],[-128.7412213508719,52.51435258465903],[-128.5213290399213,52.43161318124021],[-128.46628134685608,52.473660063178656],[-128.5181707205272,52.572595567984735],[-128.54927645287248,52.67747866422848]]],[[[-124.63298242474036,49.80011286275011],[-124.62029434339085,49.72179126159919],[-124.52099243248487,49.690999873050714],[-124.43934683934678,49.63962017533124],[-124.43610094605323,49.62019537494523],[-124.29753116549404,49.56570226774763],[-124.14145221859901,49.48866675669044],[-124.14809603724436,49.53713965251396],[-124.25769013028295,49.60881445733475],[-124.3564543533784,49.7080562593888],[-124.49866984831277,49.737461872406655],[-124.63298242474036,49.80011286275011]]],[[[-128.0997923658372,51.68793517134267],[-128.1407641527388,51.6625528770167],[-128.15123422661398,51.60286136479033],[-128.12305854226113,51.579077183862296],[-128.08710685713314,51.48036796121861],[-128.00446314292455,51.47627058111529],[-127.93837724545185,51.4268989680445],[-127.87640403466166,51.44943136443597],[-127.91682295058094,51.52693677749537],[-127.89522792880516,51.569762764380755],[-127.95523195925625,51.64619436358886],[-128.09815176883703,51.65619096868837],[-128.0997923658372,51.68793517134267]]],[[[-128.1096561590484,52.07117845925532],[-128.15645794586686,52.039649372761936],[-128.20453594956606,51.964349978745034],[-128.19231305487142,51.91311548167645],[-128.25059304551343,51.88985388537],[-128.20135223008083,51.860047970273165],[-128.11544093952332,51.87932188040641],[-128.13354365849383,51.80819967531076],[-128.07577446042265,51.78744747199459],[-127.97927464627057,51.91053476696923],[-127.95453364286143,51.96928346988555],[-127.95072104827881,52.06386515980184],[-127.99643764860711,52.07565475515171],[-128.0885356388354,52.04726316973278],[-128.1096561590484,52.07117845925532]]],[[[-129.08797673780677,53.673016679757644],[-129.17600503333082,53.62681817207516],[-129.1735935511734,53.4440835596673],[-129.08073435179563,53.45480646540723],[-129.10303885646604,53.4924796582439],[-128.9948052679165,53.569285871886485],[-128.89450745900248,53.558409175504146],[-128.8721924227381,53.633836668812556],[-128.83642886772915,53.6881731755369],[-128.96812514486567,53.70681456725941],[-129.08797673780677,53.673016679757644]]],[[[-126.4184629347863,50.80765126072085],[-126.50975676486273,50.74510997427978],[-126.60334387179937,50.699976770558834],[-126.5947527374237,50.655834772652675],[-126.49147565177664,50.63753795505882],[-126.41487772990372,50.659564868070944],[-126.32504583012312,50.64495097207966],[-126.26843284804792,50.65515116007347],[-126.25833144362198,50.69860235412285],[-126.1562310569845,50.75634985846454],[-126.21295203815646,50.770223068663874],[-126.22880123655513,50.82215116160673],[-126.34412832742977,50.82476316703794],[-126.4184629347863,50.80765126072085]]],[[[-129.29037045436687,52.82186217670036],[-129.30340277093646,52.75601527202869],[-129.22815185519815,52.67242556936361],[-129.21280085084123,52.629662273990576],[-129.08231554184414,52.52286936177377],[-128.9434659582069,52.485189068950206],[-128.927451161356,52.60603465975311],[-129.0398639560654,52.680611957336865],[-129.11303834047848,52.74291967347311],[-129.21490583497433,52.799907978475495],[-129.29037045436687,52.82186217670036]]],[[[-130.5500483576448,54.05670577864872],[-130.66422716979397,53.99413457144788],[-130.67960907093823,53.932812372663484],[-130.6111631708442,53.948897472441054],[-130.510741962291,53.86503996008632],[-130.40108004470545,53.82509376224907],[-130.34373235143204,53.827664471345386],[-130.33470887547546,53.87980187973042],[-130.27950197031248,53.90176897221554],[-130.23102585309118,53.95207346503673],[-130.24081353956223,53.98607496541328],[-130.32641863735103,54.060323265991755],[-130.41561834841528,54.08953528734527],[-130.5500483576448,54.05670577864872]]],[[[-126.95917256282328,49.83726475872003],[-126.91300016708567,49.78777776470864],[-126.93377904261187,49.71899416274478],[-126.90113313550012,49.677800370506674],[-126.84034255940944,49.65694565976314],[-126.82629592902086,49.61825416005051],[-126.71722934454505,49.603838258402156],[-126.6708432544607,49.580639375177796],[-126.61354886605096,49.59740936222719],[-126.61808744196861,49.6768916695095],[-126.64996774042896,49.724132678382816],[-126.63291932398253,49.74767776501193],[-126.67126495132563,49.855943264532556],[-126.7484826514151,49.85305355478533],[-126.8061075412217,49.88072165931716],[-126.92421962910015,49.82951996166239],[-126.95917256282328,49.83726475872003]]],[[[-127.37005893883929,52.40459728709783],[-127.4419316337714,52.37744186707235],[-127.45047264304031,52.33320025951594],[-127.6134838525897,52.269572261415114],[-127.75363284395985,52.24352348446254],[-127.84421175098969,52.16785097197888],[-127.85929803973617,52.09423357647022],[-127.88959654279161,52.06629917727708],[-127.89811992771925,51.93382916856135],[-127.69592495442836,51.98823825655406],[-127.69621205839529,52.03807275981674],[-127.64099702845779,52.134178372617036],[-127.57215477507201,52.15312747316453],[-127.43821715351835,52.24163986452474],[-127.3185021426769,52.26220627691698],[-127.24188394840274,52.30351255444646],[-127.205983034849,52.36139957623709],[-127.24967322285225,52.391151366660246],[-127.37005893883929,52.40459728709783]]],[[[-130.54010795324672,53.627466185351686],[-130.54810786536495,53.551374973633116],[-130.4875088311057,53.53398536927416],[-130.31048116449813,53.3876321635449],[-130.23274446772527,53.37478728179372],[-130.11882845836448,53.32423066061633],[-130.09976114324894,53.27224128296168],[-130.00121444934877,53.21543388738702],[-129.96175673326832,53.170190966871104],[-129.83380503903075,53.18721038085496],[-129.78241185937736,53.16595687812399],[-129.75569475127648,53.218574268873894],[-129.9055434343669,53.391822174958236],[-129.9775191468193,53.442519772346735],[-130.10771125478314,53.514456571857345],[-130.24691396787782,53.569871171148044],[-130.39943814356187,53.61829857267985],[-130.54010795324672,53.627466185351686]]],[[[-130.22052957738345,53.906723777102066],[-130.28721116474907,53.86880556873498],[-130.29007977799952,53.82360547592495],[-130.21074056349102,53.81038307026072],[-130.20586384046504,53.72137997966204],[-130.10186733660152,53.69815687942826],[-130.06182414761832,53.59789676414974],[-130.00864586044403,53.564782464135256],[-129.91416995997656,53.56965037364812],[-129.8903764330553,53.51385556931357],[-129.91307615780252,53.466231458466936],[-129.85443184302565,53.448236576604195],[-129.8325818741631,53.3873558786946],[-129.69954745520556,53.32062887511855],[-129.662643350635,53.27587586533163],[-129.56376276814885,53.218421880106455],[-129.46925996754078,53.29371988069341],[-129.4720641681863,53.352138065342295],[-129.45939984387223,53.38292948743023],[-129.4354640495228,53.40194978425804],[-129.45186745873224,53.439578782432605],[-129.70616022808906,53.59972407106543],[-129.82504403830143,53.70995496424192],[-129.93312113887393,53.764883866974614],[-129.9712204416486,53.79796396378551],[-130.12752286286488,53.88937827189892],[-130.22052957738345,53.906723777102066]]],[[[-129.08606884966204,53.2929322577163],[-129.04851306987769,53.20879707400722],[-129.09248023447188,53.19065837018437],[-129.08219784193565,53.09703366723034],[-129.16870185276974,53.055798577921976],[-129.19660664324158,53.020760172137265],[-129.19812314016227,52.951601978276116],[-129.1278887668236,52.92223896659798],[-129.13703884335644,52.84808328133432],[-129.06257934470133,52.738497485384165],[-129.00238285537105,52.698950074233515],[-128.89443336902517,52.65511287630086],[-128.76505093762165,52.704191184013744],[-128.7383163558365,52.67296817873475],[-128.7550512383354,52.600346375173025],[-128.68338326214743,52.61048817845997],[-128.59324263970927,52.60837037007073],[-128.52314234338473,52.898562959267814],[-128.53930003938345,53.02756357781533],[-128.57567327328582,53.09368107340934],[-128.63765124435744,53.156874666796],[-128.69811484259085,53.1655366862012],[-128.886531841676,53.271487867020795],[-129.036289029925,53.308031675217],[-129.08606884966204,53.2929322577163]]],[[[-132.57055308339787,53.09670897508197],[-132.53305276107466,53.047183485177825],[-132.40693965323285,53.025328967142755],[-132.3439676537762,53.045313463817834],[-132.15695193987187,52.97809506858564],[-132.35656045590557,52.94751728864951],[-132.3227479705632,52.89213266853825],[-132.26141984171096,52.86522227651898],[-132.23334475189552,52.8008493778704],[-132.1323966334241,52.7441715688331],[-132.06302674870633,52.81292236799465],[-132.02462535897948,52.77106487447079],[-132.1082821426948,52.73484436836767],[-132.04554145724464,52.68444586357139],[-131.94186717575678,52.638228874203904],[-131.89405316515428,52.578138677718634],[-131.86261205725447,52.576114865976216],[-131.78290837492818,52.5116935671126],[-131.65507566828015,52.473356669971075],[-131.59973737141294,52.37746606293936],[-131.44306745673597,52.25515647482865],[-131.39059474708506,52.19523567093346],[-131.32255635315127,52.18076718252815],[-131.25927204451506,52.12099166282514],[-131.1543231530571,52.12760566486435],[-131.12065953059528,52.16634416966056],[-131.014810766321,52.181409467307205],[-131.0270174441681,52.231708272652085],[-131.17612175084585,52.324899960689],[-131.299988839776,52.28649327101437],[-131.34127583790678,52.30471896895825],[-131.363012566053,52.37625127365445],[-131.42658145963773,52.407964172632056],[-131.41637944796173,52.45775736890342],[-131.4786032399079,52.506187571202965],[-131.60193246237674,52.5205621708218],[-131.645653670013,52.538423168990086],[-131.69851125648424,52.63907058982489],[-131.8038425681175,52.741874269779956],[-131.81355474874044,52.796454280475395],[-131.88890415091979,52.891899074713294],[-131.90218955095807,52.95404726679652],[-131.96263946270486,53.01555887091639],[-131.88772465939098,53.06419137348823],[-131.664824648509,53.04126727146068],[-131.62484607675046,53.05827947580585],[-131.64562247251828,53.109163666045845],[-131.70826387267164,53.14837067168775],[-131.77707405612932,53.158483981414086],[-131.80284037190364,53.230563263981026],[-131.91197326889514,53.237675768085914],[-132.01396294739519,53.19836047720412],[-132.08396184099354,53.147993273704174],[-132.12883724685997,53.1591377792546],[-132.2323111379258,53.13934267327947],[-132.30207104120427,53.153137570475735],[-132.39383708841714,53.12628267659658],[-132.41642036234438,53.09920697345463],[-132.57055308339787,53.09670897508197]]],[[[-133.07629605047785,54.18195936998153],[-133.05153828389834,54.16061617231252],[-133.10003947192885,54.12301557832374],[-133.05034858467832,54.04538908151357],[-133.1187770629051,54.00048947979463],[-133.1135015488268,53.961625565535904],[-133.15427366296595,53.91483177243821],[-133.13952858660042,53.86763347669894],[-133.0813988548879,53.82603087672929],[-133.11116774494513,53.77535187067043],[-133.02072576497807,53.76673677037111],[-132.99433368122178,53.71397557591741],[-132.9306085513086,53.70467547295385],[-132.95225577823857,53.6626583751184],[-132.9336574580321,53.62391567498205],[-133.00305736702214,53.58986985990197],[-132.92430458009972,53.54019777521372],[-132.88380727204276,53.466727076522176],[-132.7297086355375,53.490851770119946],[-132.759050866055,53.45590167753008],[-132.66242786973174,53.44451086988101],[-132.64261375266125,53.425104583923954],[-132.53485688205038,53.416139171451434],[-132.51534957302897,53.37773817601142],[-132.42092597149892,53.34081987499756],[-132.48328556496216,53.32225527546463],[-132.54086654444342,53.36572356563417],[-132.692348463366,53.3653432867777],[-132.7252591526623,53.325444083687394],[-132.63287746315513,53.325066679610586],[-132.62826888573076,53.2911946769137],[-132.70724834943914,53.284332864779046],[-132.71720155706373,53.25974526084679],[-132.6195348671772,53.248563874484134],[-132.55697914878004,53.1709159766573],[-132.45875068133918,53.13528507057457],[-132.3606373661542,53.15333548056631],[-132.29946597205014,53.15486798082656],[-132.22642968427706,53.14587837426565],[-132.133503166066,53.17758546692648],[-132.24608424532536,53.21800178045241],[-132.12510807166996,53.25200187681809],[-131.99169785023705,53.25291057678196],[-131.9260607527396,53.35834906468131],[-131.9120024540146,53.43184388499428],[-131.9553782611294,53.51198708867083],[-131.92490974614873,53.563020685088176],[-131.9350351485467,53.615618173374905],[-131.87423675245822,53.70937676756024],[-131.88471145589816,53.770241762952956],[-131.86262133720905,53.806936475953165],[-131.70803955050062,53.97728766228791],[-131.67803187349202,54.05298147320224],[-131.65809396134202,54.15532517562716],[-131.79083557586844,54.07377357899258],[-131.9947387687588,54.02848506637591],[-132.16632655466987,54.04053817314307],[-132.09078305110995,53.881713189829426],[-132.1402949774365,53.74891997212965],[-132.21133986230643,53.651975387296595],[-132.31835677744064,53.67632518262577],[-132.47828667725793,53.6552382768548],[-132.578672267561,53.66112308634635],[-132.40784215895223,53.74649446637747],[-132.25964205760954,53.764675975681705],[-132.20353355425382,53.81516986802947],[-132.12930054682596,53.84288066672742],[-132.10572385264462,53.880887181324866],[-132.15272793106067,53.93061197236979],[-132.1443906746438,53.96633407813584],[-132.18815405682471,54.0197774785236],[-132.25048043921458,54.039669375253624],[-132.23827877583585,54.06952796837655],[-132.29180515467698,54.10673548191163],[-132.43498427934617,54.10073098366493],[-132.48431525433543,54.06565837926985],[-132.56386027033938,54.03892316629293],[-132.58429975780405,54.121219693361056],[-132.66134664120662,54.153442380266355],[-132.8202574503801,54.127352282146816],[-133.02599395801764,54.18428218315988],[-133.07629605047785,54.18195936998153]]],[[[-128.42980153443455,50.78629096072519],[-128.4091094500381,50.74189695735402],[-128.30960863141465,50.66529587220985],[-128.30345566207228,50.60871907520172],[-128.23962192614917,50.590882362744004],[-128.2069232503247,50.52907736031225],[-128.17667675467823,50.52319245377741],[-128.05871325964046,50.452123071152506],[-127.84229424178892,50.50731687325193],[-127.79805144432683,50.492388259340345],[-127.66296394699093,50.53310496317762],[-127.57082584108822,50.53437537770668],[-127.58331653251393,50.48996427271201],[-127.68546643997648,50.490605163240964],[-127.80983604114053,50.457073565234744],[-127.89087155213748,50.4540343802695],[-127.98971764843003,50.344870072873505],[-127.95021173045318,50.31934687026841],[-127.87408223567682,50.34398705990685],[-127.85739955898734,50.287226665546655],[-127.78710253230257,50.223493266164986],[-127.83804996024753,50.169185363280704],[-127.91501013470985,50.11285357300402],[-127.80849905070812,50.07972645493859],[-127.63132545639132,50.162606876346445],[-127.61998174509623,50.11794226661677],[-127.51572096952991,50.13256746574734],[-127.43618454326607,50.044114056165256],[-127.32795254989463,50.03086757084479],[-127.2657105584599,50.113964476010295],[-127.23010134607108,50.11844496444922],[-127.17431535284133,50.073498375025544],[-127.17342805023296,50.002641173224966],[-127.2384270683047,49.96307086404047],[-127.16837385602594,49.87078637039894],[-127.01417744793541,49.84987896822058],[-126.82620862571791,49.88074156409021],[-126.7807351375325,49.89942588045627],[-126.75312364097607,49.874156068165675],[-126.6536206720156,49.87094306978464],[-126.6506433230997,49.80865096079162],[-126.61358305884846,49.72130995575838],[-126.5857350568392,49.69418586315852],[-126.49994675772207,49.6863825558331],[-126.40215804655014,49.63919427407332],[-126.48393225655846,49.623261655722686],[-126.56519426641356,49.57955266395492],[-126.55200605790037,49.52072857322505],[-126.5709752479499,49.4591813596988],[-126.5649219370636,49.404483172342495],[-126.51597793296115,49.37835035601325],[-126.48858216434255,49.43107885933523],[-126.41155402919523,49.47176136403297],[-126.40804574870783,49.4134855485012],[-126.35071642604869,49.40164186763781],[-126.28068673112908,49.35222467100043],[-126.2528548313069,49.40851505956791],[-126.18944742068297,49.39813686078011],[-126.07113924800659,49.43044785172964],[-126.05912444880839,49.34114564886142],[-126.00198093626844,49.32011727472576],[-126.0324451590353,49.284556160513176],[-126.00775695617676,49.24118327196139],[-125.96717653480977,49.22852346341327],[-125.91989184215154,49.277180178342256],[-125.83898843846991,49.28544065305184],[-125.75423695833979,49.2204411612633],[-125.74529372781045,49.18498255637957],[-125.78146664261003,49.146913451618566],[-125.66939803715474,49.15162047394604],[-125.73793015809603,49.085084270996184],[-125.80763273461682,49.11998167462449],[-125.82775874948373,49.069682851521044],[-125.7617458321581,49.07192175417834],[-125.69424566148409,49.03692746640641],[-125.66974813644683,48.997775963229614],[-125.56835813725633,48.97116175750064],[-125.48477775728797,48.92028187111088],[-125.36898974612302,48.99801236452101],[-125.35663192823468,49.03830186658537],[-125.29046484869228,49.023611075303975],[-125.29277405987513,48.975307670085634],[-125.24268704256569,48.94426415422933],[-125.1500114558704,49.01054395583049],[-125.10985764928988,48.97328386652274],[-125.05236514837131,48.99756944663798],[-124.94667262625913,48.97711775772938],[-125.03284793890258,48.88347885354419],[-125.06567153740004,48.88483895260074],[-125.18592203033165,48.80875776752092],[-125.13342143467739,48.77270247254029],[-125.117098933552,48.73184326041426],[-124.95306784176644,48.70024726395313],[-124.81497144507907,48.661535775528435],[-124.72366093592657,48.59759586098065],[-124.43994133444673,48.524724754475514],[-124.30415562732334,48.50235046310922],[-124.20687683819538,48.45743807001579],[-124.09518685143716,48.4351733679183],[-123.8918837604021,48.38244486039402],[-123.82289153701578,48.35709255276633],[-123.71676473096471,48.3476998574325],[-123.67052214427463,48.32178065907724],[-123.58908273516208,48.311168863957526],[-123.46998634533925,48.41896584869615],[-123.43097465062577,48.427872858082644],[-123.32269214124324,48.40590725399956],[-123.2912234446014,48.448643564189936],[-123.36466993303823,48.514738276852114],[-123.36204173055592,48.55830627465847],[-123.41028712211714,48.628316053206134],[-123.5185425259865,48.61489715082231],[-123.55305785385606,48.6495795634685],[-123.5349136474093,48.69390806702807],[-123.59002624901618,48.73541807172115],[-123.56436774932699,48.7808503713595],[-123.60446202473153,48.802777455030274],[-123.59628983709929,48.84989605690447],[-123.73821463023192,48.93776407184286],[-123.78662495188347,49.018632061794776],[-123.7694309290796,49.058489967209866],[-123.81956105516069,49.136073770382666],[-123.88411353611382,49.14194015989684],[-123.96910694998641,49.20649245390055],[-123.98115772510315,49.23893735601278],[-124.10931793112785,49.25591247742287],[-124.15709965084356,49.29054355986595],[-124.31720335506164,49.32292155572812],[-124.36415315283062,49.353600452369385],[-124.46292853486446,49.35549605298271],[-124.573503238283,49.38031006788182],[-124.68491911673605,49.44820356202737],[-124.79372802385618,49.46454066649379],[-124.87233023165898,49.5557868715002],[-124.90962895251894,49.62607016818533],[-124.85975253949569,49.701355372927466],[-125.11333874736401,49.861376657380035],[-125.18368393312525,49.91517756196637],[-125.24616625285353,50.03891007083896],[-125.35897735042238,50.13205755470334],[-125.39703112172323,50.24600146625269],[-125.44288792165175,50.32112706959968],[-125.57990554474694,50.368170166779116],[-125.72082132630008,50.3565457722004],[-125.82687133937291,50.384510078642364],[-125.94515585135956,50.39072965167477],[-126.08628404765105,50.44935576836435],[-126.35961554307737,50.48338018173497],[-126.43425514048576,50.47703676165375],[-126.53928724496983,50.488669678577544],[-126.58822033561766,50.48072546867406],[-126.66148042408196,50.50985336401924],[-126.83030444768345,50.55015416958163],[-126.96813713068187,50.56014216287309],[-126.98001814759846,50.580451378727425],[-127.12167766624604,50.58919886602388],[-127.25815883852546,50.64647207116187],[-127.48281615373816,50.71613867099275],[-127.49114944216888,50.76052277367767],[-127.6689719469957,50.814974572062745],[-127.86702706582552,50.853713067884414],[-127.90591516233195,50.87475006647822],[-128.00906874467964,50.85908946648242],[-128.0675189620929,50.86989487556057],[-128.1245026234666,50.840623164721336],[-128.21146625758584,50.83401336353287],[-128.24892244190735,50.80338716170623],[-128.32817565754885,50.80575846947844],[-128.42980153443455,50.78629096072519]]],[[[-123.78932483556078,60.00003261972139],[-124.49999998419169,59.99999999084944],[-125.49999998069138,59.999999990696594],[-126.4999999713332,59.99999999735679],[-126.99999997369922,59.999999997454886],[-127.99999996571268,59.99999999547142],[-128.9999999685279,59.99999999863197],[-129.75000000875932,59.99999999195636],[-130.4999999901209,59.99999998665454],[-131.50000001453787,59.99999999830193],[-132.50000000977428,59.99999998852587],[-133.50000002098508,60.00000000494448],[-133.99999997848303,60.00000000072002],[-134.75000000330715,59.9999999871426],[-135.50000000955464,59.99999998930829],[-136.50000001039544,59.99999998798902],[-137.49999997394286,60.00000000054048],[-138.50000003442142,60.00000000057157],[-139.05220104118402,60.000040647475984],[-138.79082343296534,59.92299071540654],[-138.70578523037892,59.9062399957131],[-138.6562993296911,59.799224081156154],[-138.60542550811184,59.75769014818733],[-137.8780439386826,59.381441715716576],[-137.60206921300187,59.24072505487076],[-137.499313520145,58.983138532921856],[-137.5267288643925,58.906598792746685],[-137.44656238465564,58.908661737645126],[-137.2884077395516,58.99948195336563],[-136.99963448320617,59.09136395687423],[-136.82467003873037,59.15980142442901],[-136.58199214807442,59.165541193384364],[-136.46749461024487,59.284562063726995],[-136.47624805225627,59.46419270792612],[-136.3977353084411,59.44717703168915],[-136.30143606390334,59.46583768978261],[-136.23628501754595,59.526711403452616],[-136.24140605065008,59.559102802343375],[-136.35571247559082,59.60067303832406],[-136.19525108676723,59.63881268444595],[-135.94568892689412,59.663622398041596],[-135.4790052079439,59.798612597083256],[-135.37702283652,59.742925980606735],[-135.23470735827158,59.69594991390326],[-135.22181480394397,59.664146867563815],[-135.11754594845993,59.62338338908455],[-135.02770806232823,59.56391807099694],[-135.02798883695021,59.47630230400946],[-135.09752762584282,59.42700311002488],[-134.98924636318839,59.38787571241113],[-135.0302019624299,59.34835109191684],[-134.95893515335572,59.28108634942834],[-134.69929969859353,59.2483887656347],[-134.67794727745948,59.19280431262854],[-134.5697992889626,59.133503765611934],[-134.4847830722798,59.13338713474918],[-134.38537490218113,59.041396668131185],[-134.40760749037074,58.9784454528011],[-134.31227859598033,58.96139113920686],[-134.33738290363442,58.92033537103956],[-134.25643375791054,58.859072452639005],[-134.00258580931188,58.77409484757571],[-133.84133308491852,58.73014897157878],[-133.6994713448562,58.6091136115363],[-133.3817976969061,58.43255160410978],[-133.46127439842468,58.389872671680436],[-133.35407056742562,58.28339962567075],[-133.17239918952706,58.15164131199607],[-133.0695431654579,58.00005242465654],[-132.86806838482204,57.84458731341516],[-132.75944309070215,57.70752644595197],[-132.6867427807843,57.64296648561467],[-132.56357904462445,57.50682642127622],[-132.36958172869114,57.351424125689896],[-132.24462075162955,57.21201275377765],[-132.3693075879355,57.09142205035993],[-132.0459265601022,57.044043651797416],[-132.1211469372522,56.86690115409275],[-131.87075825998994,56.806249785485974],[-131.9018382364339,56.75436067949817],[-131.8574570486031,56.70177345392132],[-131.83363167973667,56.59877516141707],[-131.58175481622732,56.61237151041593],[-131.46738488812187,56.55107303798384],[-131.16415733714257,56.44728541035292],[-131.0872027454518,56.40635317509882],[-130.7813902988187,56.36806129004964],[-130.65623639614768,56.28339488017169],[-130.58551316431402,56.255445849899736],[-130.46511226962383,56.241474171956355],[-130.41972424022032,56.13887662566427],[-130.24124059138518,56.09580747900489],[-130.1037011064314,56.122023728750065],[-130.00213909421853,56.006610748282505],[-129.99571492513485,55.89913857441774],[-130.0684505658964,55.818169385269854],[-130.10883303860658,55.79756677352271],[-130.1324948259164,55.717393778562624],[-130.08629724362547,55.686998292320816],[-130.11044535997013,55.56628797593355],[-130.0749854394732,55.50472507201709],[-130.02407224575776,55.460930664008636],[-129.99862092602442,55.33236727553077],[-129.94368243832326,55.28788927221171],[-130.07552276971225,55.201453983835954],[-130.12957243619195,55.14762027018574],[-130.16586556376544,55.0796968785495],[-130.11404447188306,54.99055567335095],[-130.0341424475959,55.02998487727798],[-130.00779165677432,55.08276177338947],[-129.900969652747,55.16650816213113],[-129.88781882909979,55.21328058150009],[-129.81585116693333,55.288550074236085],[-129.81292424259757,55.35877078961208],[-129.83948342434496,55.39432037770447],[-129.78194464606733,55.42916368066235],[-129.66447103094026,55.43195088374938],[-129.75477035200373,55.281053071128426],[-129.80674005519873,55.26871507111007],[-129.88778565195904,55.14615196717491],[-129.95269084283208,55.10111556873609],[-130.0040542347716,55.01297268493008],[-129.9434107638277,54.98774706449184],[-129.8167876325031,55.00705087955172],[-129.88225603977548,54.94434998488596],[-130.01182633351368,54.97628787213235],[-130.05042153882806,54.95910908284449],[-130.1766187468328,54.847492382041715],[-130.1694239460867,54.81517989216752],[-130.20837213407796,54.73162867668416],[-130.19664976329545,54.71005897328644],[-130.34963805511313,54.69466476995922],[-130.45069014504318,54.529503477896746],[-130.44788187287878,54.45710087888684],[-130.48375085203452,54.43883398450214],[-130.4844277683636,54.37433437119257],[-130.44451623701056,54.33645618014189],[-130.3724714272583,54.31940267295712],[-130.27532005980825,54.33937007872874],[-130.2425676552713,54.30155728024749],[-130.23174763099033,54.26806137749013],[-130.27838583195006,54.20406447355661],[-130.17808236832346,54.178707879985346],[-130.1295758416832,54.14841497907193],[-130.02239494065014,54.17003587538817],[-129.86087933060156,54.235958275503805],[-129.85321886458982,54.21344286849859],[-129.9533579484151,54.17824218479126],[-129.92950575426588,54.137371567315334],[-130.05354573188015,54.147405174662076],[-130.10219773946483,54.063630369751706],[-130.08534275269878,54.023739684143294],[-130.10918534328744,53.948406070527234],[-130.07239405259583,53.891743866544054],[-129.89522024023,53.767562880352266],[-129.821857558472,53.732188270900004],[-129.64699425060158,53.56687176423739],[-129.44613286179793,53.45399176125626],[-129.3129586641367,53.37167247113234],[-129.2388969646572,53.42371877183089],[-129.2340439561341,53.51858675666865],[-129.24977984069534,53.60366767059581],[-129.23356305176256,53.6308913637987],[-129.13758395802202,53.68735276616787],[-129.1276736372117,53.70965447402785],[-128.87336086608477,53.814432176893895],[-128.7894940398257,53.901615069406745],[-128.71560846291115,53.90087026604973],[-128.67818802277307,53.85277897071578],[-128.80821023872772,53.769852983029054],[-128.7808382526616,53.711930384316794],[-128.83538314537208,53.64946738653426],[-128.8183178417203,53.610847089285244],[-128.7495405369299,53.5400624620914],[-128.68681894017863,53.502027586269264],[-128.6441226424532,53.502168579052224],[-128.54502913696626,53.42990418227473],[-128.38543494624722,53.455527057859236],[-128.3735451376233,53.43970838410195],[-128.53906025371194,53.407031385462226],[-128.65722925016695,53.47520538622426],[-128.7556233339232,53.484714876923505],[-128.81440846146307,53.568360074166634],[-128.8719512497187,53.52932677507459],[-128.96690063252032,53.55024417490548],[-128.9729121707809,53.49631357635981],[-128.8853776444557,53.41113877510287],[-128.89012936030147,53.31271448133393],[-128.8471089303762,53.26765967426789],[-128.72826424065659,53.202133169466734],[-128.61138394428963,53.16427918565068],[-128.57954336105288,53.128618364154185],[-128.51239295026292,53.00706775863296],[-128.49804382606152,52.883419373698004],[-128.42879656388698,52.81524246622427],[-128.33125125621837,52.797922660266146],[-128.22540566417536,52.80654767285931],[-128.16000505633028,52.85996975721482],[-128.1232270557284,52.83211365474622],[-128.1351879437707,52.71323628194713],[-128.17100273709195,52.67625528402679],[-128.2480612618482,52.5358025653229],[-128.22304995551093,52.484422769997124],[-128.2638218449906,52.406159661704194],[-128.33948274878026,52.37180488453567],[-128.33249193741702,52.3346970698078],[-128.37024245211916,52.29317996652291],[-128.29488192907775,52.25587276824822],[-128.14909283739718,52.4149925737367],[-128.07044775042428,52.51127345399447],[-128.07854896091314,52.41904016976837],[-128.035101968946,52.32789647709128],[-127.93236646803214,52.31742717263631],[-127.89849096726498,52.22461707153353],[-127.85458663554797,52.2068913788111],[-127.77957295035925,52.27605526016179],[-127.71685385748191,52.27200906400154],[-127.60626103736787,52.31524388509843],[-127.4886238285608,52.33820776589508],[-127.48223595242783,52.37559327856221],[-127.437173442425,52.41274096703016],[-127.34568623858989,52.41747645863164],[-127.26203086743014,52.473450669672935],[-127.1881122262869,52.41833097143524],[-127.20997825283844,52.39513346513146],[-127.15966994777172,52.34208306665176],[-126.9809090249839,52.335484674183085],[-126.91607504589636,52.25230656081062],[-126.90060182784093,52.19678517318423],[-126.815372947282,52.16108457743385],[-126.6728157376526,52.04262168242979],[-126.68673954884815,52.018975576554055],[-126.83821242029482,52.14899726886234],[-126.92713253437792,52.18859457718582],[-126.95804543841793,52.26297677895967],[-127.03247843522948,52.31056677064593],[-127.08445444279485,52.29838406043385],[-127.1529193578451,52.31697286818735],[-127.2976208366876,52.23242996763785],[-127.39972912786179,52.2174854632172],[-127.54418063917558,52.13063068615108],[-127.60729496140462,52.11805067535117],[-127.65533725858221,52.029547458665185],[-127.66806524433382,51.96419755600351],[-127.80907804311789,51.93464235932768],[-127.8824236505109,51.896986276923926],[-127.86248754502142,51.8663501791997],[-127.89623554900145,51.81967166338696],[-127.8729425385353,51.757066258054444],[-127.89145694089827,51.715205863464504],[-127.87699383059022,51.66964257055887],[-127.79583285838373,51.595652057914236],[-127.79693885997757,51.52923126332865],[-127.66174336621198,51.51676796829197],[-127.59543855950717,51.56614387710919],[-127.54806982799685,51.63814337371533],[-127.50768945422364,51.62021825746331],[-127.52109555064,51.51345237360912],[-127.63385914767616,51.43038105840217],[-127.65524544223824,51.39481147962488],[-127.72019703384969,51.40118625999935],[-127.79079405473188,51.3587903697109],[-127.77451064031419,51.32044066498464],[-127.68875435471887,51.33734326247594],[-127.52452673099108,51.34237637141041],[-127.49392405054616,51.31539616533056],[-127.35628495631269,51.30883196479374],[-127.4226209602799,51.272253961287646],[-127.58080974014086,51.261968368328226],[-127.60232324969272,51.28373737429434],[-127.76669983629353,51.24834577240203],[-127.77787624807632,51.18670175823019],[-127.7218034548868,51.13521226907325],[-127.67974846184894,51.130851375323324],[-127.6572384685565,51.08698006731806],[-127.5374745514005,51.1161378614645],[-127.33952834517117,51.038014263052105],[-127.31068716741568,51.05875216579446],[-127.15582936300454,51.05320917181719],[-127.01573994817463,51.08380405417632],[-127.0167349220132,51.05985306292391],[-127.14223744863942,51.0380826581967],[-127.30276263489215,51.043681160049545],[-127.32358425388067,51.03394536631461],[-127.40851215670402,51.04461266923613],[-127.40869573941025,51.0584018819694],[-127.50650044949332,51.09307417116543],[-127.52328262935923,51.04324116839257],[-127.51200025345163,50.992799860122034],[-127.40710762472258,50.92572956641464],[-127.33632944691622,50.905416056403894],[-127.27068554059413,50.91314955698341],[-127.19733446466552,50.87595777065019],[-127.01979683996478,50.81746118141835],[-126.94447045869204,50.850307764417416],[-126.86762074221792,50.94279877209512],[-126.81162415330421,50.95294197608417],[-126.72195595636877,50.87354376012833],[-126.62552534750155,50.886039757836315],[-126.4839465425312,50.96223207833133],[-126.39055944532966,50.93172265986443],[-126.18658214409895,50.92669526463577],[-126.19971734278113,50.905396153112555],[-126.47328894318801,50.925853574151304],[-126.54871904725529,50.897591452050264],[-126.5658478521738,50.8331189524281],[-126.47550855696713,50.813812366393336],[-126.3284160246712,50.85073216926425],[-126.21645765758817,50.83248946439759],[-126.18740935069357,50.781968472120106],[-126.11059163189437,50.75506516999477],[-126.19306355143367,50.71314925072697],[-126.1824499435147,50.668295256132765],[-126.02203395340553,50.696138468843664],[-125.95824542945195,50.68523476205443],[-125.71055205208694,50.71745607212207],[-125.72047514101638,50.7439748635338],[-125.65205834277398,50.80863256504361],[-125.68469445538497,50.874663160503815],[-125.54479894744833,50.93732407083235],[-125.59151894573475,50.96574277526853],[-125.59087894029275,51.03635505309972],[-125.63437353468761,51.06650276938281],[-125.5869468265094,51.094536864622015],[-125.5429654331236,51.056709859471276],[-125.53680354746176,50.97633607376826],[-125.50421465001176,50.93198615229924],[-125.5540781299517,50.866613561998804],[-125.64700374885602,50.85202965682183],[-125.59091083742797,50.79594856032354],[-125.6629860472269,50.751887777745274],[-125.69538636258686,50.69171346977799],[-125.8329881463137,50.68161155641455],[-125.88532673819475,50.6640183546241],[-126.003217226315,50.6678237651787],[-126.11455254694752,50.643146569995636],[-126.1824745549451,50.64662586488043],[-126.27458524718364,50.63028027355712],[-126.24000572280458,50.58370716611223],[-126.18960783070023,50.58017085899356],[-125.97457832684675,50.642360366278126],[-125.94688983012236,50.628284874873],[-126.19039525934684,50.569090467607616],[-126.19538485702695,50.53455197117178],[-126.27095873346448,50.507744071477205],[-126.13150853473034,50.483321760718674],[-125.9303577543688,50.471489470144924],[-125.81601354886689,50.500571773918885],[-125.70364295170708,50.42211776005132],[-125.61726395533243,50.450495166505675],[-125.51585155305722,50.453290852932746],[-125.47473604308512,50.44267766417112],[-125.34682124105433,50.477593556746356],[-125.2585212516298,50.45796935657027],[-125.16835322932758,50.40909055888889],[-125.09762752390823,50.44546626493807],[-125.10102013976373,50.501323756372095],[-124.99057415480625,50.53962077244187],[-124.98917755734418,50.56850656818695],[-124.93002183021208,50.589290067737416],[-124.89818003911343,50.635736359553995],[-124.92916053831998,50.67151816661643],[-124.88960385767676,50.73177796685432],[-124.94703201894583,50.75448696326894],[-124.9710484362804,50.822230855171185],[-124.91211313740263,50.8365854650836],[-124.8818875255981,50.88594855844765],[-124.82477542993014,50.93142788217143],[-124.7925794394342,50.89060147651144],[-124.83773802486171,50.87248697600557],[-124.86399701854815,50.82274076727818],[-124.91494595627488,50.802703559383374],[-124.89519374749314,50.76949805608475],[-124.83219613728157,50.73282046126059],[-124.86287473142973,50.689928971401855],[-124.86067614772838,50.598521764709716],[-124.96826045251105,50.501648456139485],[-125.0501991276477,50.4808963634519],[-125.06584992453328,50.41017436963436],[-125.05478315423052,50.315387575452625],[-124.99810445439293,50.344546770928474],[-124.8362868375811,50.3100239787021],[-124.71205894889599,50.37340415485863],[-124.66155743025139,50.43699647098662],[-124.61248332779815,50.419276473728296],[-124.411730639244,50.467107155425495],[-124.417502227554,50.43817577097599],[-124.5079101447036,50.41727975309831],[-124.52298462537298,50.39745905551568],[-124.63611365008045,50.40035586062861],[-124.66797423953064,50.38798655481234],[-124.71500015138494,50.322336271019935],[-124.63289213799077,50.29301035849656],[-124.61204683923386,50.18707905400151],[-124.72695193270293,50.08574085898323],[-124.837651445696,50.05165956086797],[-124.75216133701593,49.96350096318561],[-124.55632324138736,49.87187736284549],[-124.52659983295655,49.804423965325675],[-124.3967437492199,49.766421760932516],[-124.13052853741868,49.78172916497647],[-124.10179815170385,49.7981160641574],[-124.07741421738184,49.866433960299574],[-124.0314792402802,49.89322334949999],[-123.97047585298645,49.804668871736595],[-123.90366292803242,49.878874456683974],[-123.96122294422467,49.90515115083409],[-124.0096874270398,49.96845585559035],[-124.00845063377815,49.99808507995478],[-123.8420559411661,50.05779216969358],[-123.79363645943448,50.11713476822486],[-123.74713033623482,50.09663187581004],[-123.78789574434674,50.04765036458148],[-123.95664602380883,49.99756095733977],[-123.97636395522618,49.961078468898656],[-123.86816954001071,49.879603674551895],[-123.87305363690726,49.846278555364236],[-123.92313654420123,49.798633070706224],[-124.03668954332998,49.738569966481606],[-124.07478044628778,49.6420854617802],[-124.03001715500352,49.62775076936617],[-124.00171104914098,49.555338248926226],[-123.87046212435628,49.467816358478174],[-123.74295633042898,49.46938007802994],[-123.68405482079761,49.43613906298206],[-123.53385984455878,49.38369686518522],[-123.46785482141553,49.44947535588791],[-123.49227855798463,49.51879736620833],[-123.30908665068603,49.58363586220414],[-123.26535833862883,49.58930276490058],[-123.25673052989428,49.66412227023488],[-123.18329874049502,49.685237568764265],[-123.23727983084731,49.55691056169686],[-123.26121816130804,49.52624166686571],[-123.2330165558734,49.424920565312085],[-123.28462214153382,49.3587717605177],[-123.11502414257406,49.30853987079166],[-123.17102514343966,49.271734047026584],[-123.24443134100231,49.27984206762818],[-123.25261593266048,49.2510402510623],[-123.13087182857515,49.199888363539095],[-123.19719932902554,49.175362073816856],[-123.19645273267625,49.12651027472542],[-123.08116293564862,49.09686385496238],[-123.14925023004194,49.06212747397308],[-123.09920373680717,49.03482676753771],[-122.89087543560176,49.09147047508747],[-122.86672952376524,49.02441156516977],[-122.75790735615801,49.002216786138675],[-121.99586526306301,49.00000525264176],[-121.49999999914766,49.00000000271192],[-120.99999999180666,48.99999999603841],[-120.36996735905555,49.000080677679286],[-119.53598202882692,49.00004030514459],[-119.00848174086634,49.000010599233725],[-118.49999998681622,49.00000000788806],[-118.00188008144292,49.0003567933526],[-117.26835304311027,49.00002275067638],[-116.7553497303775,49.000019998789575],[-116.27574447307212,49.0000298506592],[-115.25917001492816,49.00001142304634],[-114.76351113501154,49.00001652415183],[-114.06833210989326,48.99885049563473],[-114.08097635842336,49.059688458776186],[-114.15314913867684,49.099510394733024],[-114.17490451914321,49.16355053792323],[-114.34559060629924,49.193570767332574],[-114.40212197420314,49.213273603279454],[-114.39348599518743,49.257187403854154],[-114.44794247585185,49.26436922567097],[-114.48762451515965,49.34732061289485],[-114.56692967370417,49.376883565147224],[-114.59843280764393,49.412561580617194],[-114.59471741310718,49.50284302146278],[-114.62013320018242,49.54680866128605],[-114.73258666928265,49.57637952571012],[-114.7464764461412,49.618509704802726],[-114.66281800636476,49.643724479345366],[-114.66838503820762,49.70387516511748],[-114.6331191223708,49.73407963465571],[-114.63993243584686,49.827720883187766],[-114.69178590695928,49.89628610420378],[-114.69367620540014,49.94258395560789],[-114.65743624890787,49.96839673910537],[-114.66637119771747,50.050944373968356],[-114.73325919665542,50.11861061798248],[-114.72467038891745,50.190177189505036],[-114.77022537721705,50.24999499799529],[-114.75166705991846,50.275287033114964],[-114.79760596455519,50.32612201944699],[-114.76621722955211,50.350742251206405],[-114.85689168089031,50.392524013297304],[-115.01369673096363,50.57085909943165],[-115.08527384255318,50.58974905852128],[-115.23098413967999,50.54487863601947],[-115.23965061226684,50.589196791291194],[-115.29362560549112,50.61110757932506],[-115.28225408132835,50.663192893175],[-115.31512449632238,50.72582574662673],[-115.39122236791655,50.70645244611478],[-115.43628198058029,50.75573069266458],[-115.55086991513816,50.79706590243719],[-115.57813602188172,50.84050376173253],[-115.64298277653826,50.842206489405456],[-115.64892946164179,50.87414760130435],[-115.59264618109087,50.89264113792292],[-115.64883405703591,50.99752045740626],[-115.76703563342772,51.0393882747653],[-115.78923190003897,51.07241768462438],[-115.8679333808688,51.08929039744206],[-115.92360697933762,51.08310956472597],[-116.00446487359802,51.12468128980419],[-116.03684494216733,51.17004552629636],[-116.00760375243165,51.222012153676545],[-116.26801739505129,51.311933169907],[-116.31143488790553,51.38496221256879],[-116.28247020553906,51.40683673284873],[-116.29243030377562,51.46180268497617],[-116.36059709565964,51.470866145177496],[-116.39382922260039,51.505662937666706],[-116.39088604957419,51.54558824834774],[-116.45292502639033,51.560548148160656],[-116.47141114012894,51.60467759924574],[-116.59501567269879,51.66183009426224],[-116.58117636500683,51.697281539226864],[-116.65034888460332,51.753706435225126],[-116.68207610185374,51.812146580278934],[-116.7442324711004,51.80660801720574],[-116.81859819337654,51.73556447376058],[-116.80974116725382,51.70534635005719],[-116.92056790791595,51.70980326840852],[-116.97636058180518,51.76018497849167],[-116.96400220933963,51.79495126276401],[-117.03432087448178,51.85980742590004],[-117.0194649484731,51.891359999791824],[-117.10317598352572,51.95651679690682],[-117.19722361297138,51.980134840517756],[-117.26840791645557,52.05578651391885],[-117.33403622995247,52.14864145776625],[-117.3812557404315,52.13772407759454],[-117.61126381283356,52.14425889856101],[-117.6635295233446,52.19789299233782],[-117.74134637875784,52.202997387083634],[-117.81831749566757,52.22635481382316],[-117.8395780647449,52.27412744590471],[-117.75287839938562,52.31642360975823],[-117.70579503120712,52.36534487450286],[-117.76649799083366,52.41769215254423],[-117.8869330460696,52.42609158556977],[-117.96679241620059,52.46970872698311],[-118.05289905900271,52.44956354099801],[-118.04416878304102,52.398459360488324],[-118.13804609686899,52.40749750551219],[-118.2127731680245,52.37034145303509],[-118.2553380178449,52.44953694752912],[-118.23552910270062,52.49017789295967],[-118.3325682898774,52.58017159751628],[-118.35449111823141,52.633683980662084],[-118.2901411857454,52.677693441575634],[-118.3432946652794,52.708888881537135],[-118.34282282867123,52.73855633325671],[-118.4224101294373,52.77578651196457],[-118.39962643062543,52.824460209875674],[-118.44827945001734,52.88528679187332],[-118.54378774498966,52.90845463313629],[-118.61382974913933,52.883721693697154],[-118.61342207156204,52.93601196344847],[-118.66020489429712,52.96393768063029],[-118.65534778600276,53.03479723339537],[-118.75905843996364,53.065776060039155],[-118.73234093348046,53.11924941010462],[-118.78652165888714,53.15922417962783],[-118.91596082726306,53.21184491543691],[-118.94744409721625,53.238935158015735],[-119.02383383346665,53.23194970726559],[-118.9994180527081,53.192764770101014],[-119.04688152684764,53.14490962407405],[-119.11952400620203,53.16176576397261],[-119.14601293054659,53.19118076861623],[-119.23271506781917,53.181768314023],[-119.34049629263686,53.287080297807584],[-119.35587852064704,53.34010217967953],[-119.406084810358,53.368089294540795],[-119.66890020525733,53.367828191712604],[-119.72542263011678,53.3887543193155],[-119.79063326841137,53.47926590694757],[-119.89947701022142,53.51912780614608],[-119.86225650779856,53.54850858697278],[-119.91071278358166,53.60125461596849],[-119.85406621146848,53.60770663019581],[-119.74872565869923,53.59336587552184],[-119.71340854121921,53.61457992461637],[-119.79738076094429,53.70777219640795],[-119.9079808864972,53.71060103523417],[-119.88823655626415,53.7794846170415],[-119.94234051951898,53.77586190053382],[-119.99998739182122,53.80623480695065],[-119.9999999828489,54.268868728725835],[-120.0002974714735,54.797683919491895],[-120.00000000851105,55.40234406917317],[-119.99994596937273,55.778381662437454],[-120.00075211593219,56.24931225890619],[-120.00003718744375,56.770701305052015],[-119.99989928621218,57.51399805514038],[-119.999988643064,58.14911381760807],[-119.99999993292046,58.73404886883381],[-119.99999998322915,59.999999999353555],[-121.00000002378941,59.99999999667195],[-121.74999997746288,59.999999990159665],[-122.50000001140654,59.99999999602524],[-122.99999999299166,60.00000000727367],[-123.78932483556078,60.00003261972139]]]],"type":"MultiPolygon"},"properties":{"geo_point_2d":{"lon":-124.7656381299199,"lat":54.755183090076166},"year":2021,"prov_code":["59"],"prov_name_en":["British Columbia"],"prov_area_code":"CAN","prov_type":"province","prov_name_fr":"Colombie-Britannique","name":"British Columbia"}}]}